slug,source_cycle,applicants_total,admits_total,enrolled_total,acceptance_rate_pct,yield_rate_pct,sat_25,sat_50,sat_75,act_25,act_50,act_75,test_policy_2026_27,test_policy_status,application_fee_usd,metrics_source_url,test_policy_source_url,research_as_of,notes
princeton-university,LATEST_FEDERAL_AVAILABLE_AS_OF_2026-09-13,,,,4.5,,1500,,1580,34,,35,OPTIONAL,VERIFIED_2026_27_FAIRTEST,,https://collegescorecard.ed.gov/school/?186131,https://admission.princeton.edu/apply/standardized-testing,2026-09-14,Latest available College Scorecard/IPEDS fields; not represented as 2026-27 outcomes. SAT bounds sum the corresponding official section percentiles; SAT/ACT medians and application fee remain blank unless directly sourced.
massachusetts-institute-of-technology,LATEST_FEDERAL_AVAILABLE_AS_OF_2026-09-13,,,,4.74,,1510,,1580,34,,36,REQUIRED,VERIFIED_2026_27_FAIRTEST,,https://collegescorecard.ed.gov/school/?166683,https://mitadmissions.org/blogs/entry/we-are-suspending-our-sat-act-requirement-for-the-2020-2021-application-cycle/,2026-09-14,Latest available College Scorecard/IPEDS fields; not represented as 2026-27 outcomes. SAT bounds sum the corresponding official section percentiles; SAT/ACT medians and application fee remain blank unless directly sourced.
harvard-university,LATEST_FEDERAL_AVAILABLE_AS_OF_2026-09-13,,,,3.45,,1500,,1580,34,,36,REQUIRED,VERIFIED_2026_27_FAIRTEST,,https://collegescorecard.ed.gov/school/?166027,https://college.harvard.edu/admissions/apply/application-requirements,2026-09-14,Latest available College Scorecard/IPEDS fields; not represented as 2026-27 outcomes. SAT bounds sum the corresponding official section percentiles; SAT/ACT medians and application fee remain blank unless directly sourced.
stanford-university,LATEST_FEDERAL_AVAILABLE_AS_OF_2026-09-13,,,,3.91,,1510,,1580,34,,35,REQUIRED,VERIFIED_2026_27_FAIRTEST,,https://collegescorecard.ed.gov/school/?243744,https://admission.stanford.edu/apply/first-year/testing.html,2026-09-14,Latest available College Scorecard/IPEDS fields; not represented as 2026-27 outcomes. SAT bounds sum the corresponding official section percentiles; SAT/ACT medians and application fee remain blank unless directly sourced.
yale-university,LATEST_FEDERAL_AVAILABLE_AS_OF_2026-09-13,,,,4.5,,1500,,1580,33,,35,REQUIRED,VERIFIED_2026_27_FAIRTEST,,https://collegescorecard.ed.gov/school/?130794,https://admissions.yale.edu/test-flexible,2026-09-14,Latest available College Scorecard/IPEDS fields; not represented as 2026-27 outcomes. SAT bounds sum the corresponding official section percentiles; SAT/ACT medians and application fee remain blank unless directly sourced.
university-of-pennsylvania,LATEST_FEDERAL_AVAILABLE_AS_OF_2026-09-13,,,,5.87,,1500,,1570,34,,35,REQUIRED,VERIFIED_2026_27_FAIRTEST,,https://collegescorecard.ed.gov/school/?215062,https://admissions.upenn.edu/how-to-apply/preparing-your-application/testing,2026-09-14,Latest available College Scorecard/IPEDS fields; not represented as 2026-27 outcomes. SAT bounds sum the corresponding official section percentiles; SAT/ACT medians and application fee remain blank unless directly sourced.
california-institute-of-technology,LATEST_FEDERAL_AVAILABLE_AS_OF_2026-09-13,,,,3.14,,,,,,,,REQUIRED,VERIFIED_2026_27_FAIRTEST,,https://collegescorecard.ed.gov/school/?110404,https://www.caltech.edu/about/news/caltech-restores-standardized-test-requirement-for-undergraduate-admission,2026-09-14,Latest available College Scorecard/IPEDS fields; not represented as 2026-27 outcomes. SAT bounds sum the corresponding official section percentiles; SAT/ACT medians and application fee remain blank unless directly sourced.
duke-university,LATEST_FEDERAL_AVAILABLE_AS_OF_2026-09-13,,,,6.78,,1510,,1570,34,,35,OPTIONAL,VERIFIED_2026_27_FAIRTEST,,https://collegescorecard.ed.gov/school/?198419,https://admissions.duke.edu/resources/,2026-09-14,Latest available College Scorecard/IPEDS fields; not represented as 2026-27 outcomes. SAT bounds sum the corresponding official section percentiles; SAT/ACT medians and application fee remain blank unless directly sourced.
brown-university,LATEST_FEDERAL_AVAILABLE_AS_OF_2026-09-13,,,,5.23,,1500,,1570,34,,35,REQUIRED,VERIFIED_2026_27_FAIRTEST,,https://collegescorecard.ed.gov/school/?217156,https://www.brown.edu/news/2024-03-05/admissions,2026-09-14,Latest available College Scorecard/IPEDS fields; not represented as 2026-27 outcomes. SAT bounds sum the corresponding official section percentiles; SAT/ACT medians and application fee remain blank unless directly sourced.
johns-hopkins-university,LATEST_FEDERAL_AVAILABLE_AS_OF_2026-09-13,,,,7.56,,1530,,1580,34,,35,REQUIRED,VERIFIED_2026_27_FAIRTEST,,https://collegescorecard.ed.gov/school/?162928,https://apply.jhu.edu/how-to-apply/application-deadlines-requirements/standardized-testing/,2026-09-14,Latest available College Scorecard/IPEDS fields; not represented as 2026-27 outcomes. SAT bounds sum the corresponding official section percentiles; SAT/ACT medians and application fee remain blank unless directly sourced.
northwestern-university,LATEST_FEDERAL_AVAILABLE_AS_OF_2026-09-13,,,,7.15,,1490,,1560,33,,35,OPTIONAL,VERIFIED_2026_27_FAIRTEST,,https://collegescorecard.ed.gov/school/?147767,https://admissions.northwestern.edu/faqs/standardized-testing-policy/#:~:,2026-09-14,Latest available College Scorecard/IPEDS fields; not represented as 2026-27 outcomes. SAT bounds sum the corresponding official section percentiles; SAT/ACT medians and application fee remain blank unless directly sourced.
columbia-university,LATEST_FEDERAL_AVAILABLE_AS_OF_2026-09-13,,,,4.23,,1490,,1570,34,,35,OPTIONAL,VERIFIED_2026_27_FAIRTEST,,https://collegescorecard.ed.gov/school/?190150,https://undergrad.admissions.columbia.edu/columbia-test-optional,2026-09-14,Latest available College Scorecard/IPEDS fields; not represented as 2026-27 outcomes. SAT bounds sum the corresponding official section percentiles; SAT/ACT medians and application fee remain blank unless directly sourced.
cornell-university,LATEST_FEDERAL_AVAILABLE_AS_OF_2026-09-13,,,,8.16,,1480,,1560,33,,35,REQUIRED,VERIFIED_2026_27_FAIRTEST,,https://collegescorecard.ed.gov/school/?190415,https://news.cornell.edu/stories/2024/04/cornell-reinstate-standardized-test-requirements-fall-2026,2026-09-14,Latest available College Scorecard/IPEDS fields; not represented as 2026-27 outcomes. SAT bounds sum the corresponding official section percentiles; SAT/ACT medians and application fee remain blank unless directly sourced.
university-of-chicago,LATEST_FEDERAL_AVAILABLE_AS_OF_2026-09-13,,,,4.79,,1510,,1570,34,,35,OPTIONAL,VERIFIED_2026_27_FAIRTEST,,https://collegescorecard.ed.gov/school/?144050,https://fairtest.org/test-optional-list/,2026-09-14,Latest available College Scorecard/IPEDS fields; not represented as 2026-27 outcomes. SAT bounds sum the corresponding official section percentiles; SAT/ACT medians and application fee remain blank unless directly sourced.
university-of-california-berkeley,LATEST_FEDERAL_AVAILABLE_AS_OF_2026-09-13,,,,11.66,,,,,,,,BLIND,VERIFIED_2026_27_FAIRTEST,,https://collegescorecard.ed.gov/school/?110635,https://fairtest.org/test-optional-list/,2026-09-14,Latest available College Scorecard/IPEDS fields; not represented as 2026-27 outcomes. SAT bounds sum the corresponding official section percentiles; SAT/ACT medians and application fee remain blank unless directly sourced.
university-of-california-los-angeles,LATEST_FEDERAL_AVAILABLE_AS_OF_2026-09-13,,,,8.73,,,,,,,,BLIND,VERIFIED_2026_27_FAIRTEST,,https://collegescorecard.ed.gov/school/?110662,https://fairtest.org/test-optional-list/,2026-09-14,Latest available College Scorecard/IPEDS fields; not represented as 2026-27 outcomes. SAT bounds sum the corresponding official section percentiles; SAT/ACT medians and application fee remain blank unless directly sourced.
rice-university,LATEST_FEDERAL_AVAILABLE_AS_OF_2026-09-13,,,,7.88,,1500,,1570,34,,36,OPTIONAL,VERIFIED_2026_27_FAIRTEST,,https://collegescorecard.ed.gov/school/?227757,https://admission.rice.edu/apply/first-year-domestic-applicants,2026-09-14,Latest available College Scorecard/IPEDS fields; not represented as 2026-27 outcomes. SAT bounds sum the corresponding official section percentiles; SAT/ACT medians and application fee remain blank unless directly sourced.
dartmouth-college,LATEST_FEDERAL_AVAILABLE_AS_OF_2026-09-13,,,,6.23,,1500,,1570,33,,35,REQUIRED,VERIFIED_2026_27_FAIRTEST,,https://collegescorecard.ed.gov/school/?182670,https://admissions.dartmouth.edu/apply/update-testing-policy,2026-09-14,Latest available College Scorecard/IPEDS fields; not represented as 2026-27 outcomes. SAT bounds sum the corresponding official section percentiles; SAT/ACT medians and application fee remain blank unless directly sourced.
vanderbilt-university,LATEST_FEDERAL_AVAILABLE_AS_OF_2026-09-13,,,,6.28,,1510,,1560,34,,35,OPTIONAL,VERIFIED_2026_27_FAIRTEST,,https://collegescorecard.ed.gov/school/?221999,https://admissions.vanderbilt.edu/apply/testing-policies/,2026-09-14,Latest available College Scorecard/IPEDS fields; not represented as 2026-27 outcomes. SAT bounds sum the corresponding official section percentiles; SAT/ACT medians and application fee remain blank unless directly sourced.
university-of-notre-dame,LATEST_FEDERAL_AVAILABLE_AS_OF_2026-09-13,,,,12.38,,1440,,1540,33,,35,OPTIONAL,VERIFIED_2026_27_FAIRTEST,,https://collegescorecard.ed.gov/school/?152080,https://admissions.nd.edu/apply/application-overview/,2026-09-14,Latest available College Scorecard/IPEDS fields; not represented as 2026-27 outcomes. SAT bounds sum the corresponding official section percentiles; SAT/ACT medians and application fee remain blank unless directly sourced.
university-of-michiganann-arbor,LATEST_FEDERAL_AVAILABLE_AS_OF_2026-09-13,,,,17.94,,1350,,1530,31,,34,OPTIONAL,VERIFIED_2026_27_FAIRTEST,,https://collegescorecard.ed.gov/school/?170976,https://admissions.umich.edu/apply/first-year-applicants/requirements-deadlines/application-changes,2026-09-14,Latest available College Scorecard/IPEDS fields; not represented as 2026-27 outcomes. SAT bounds sum the corresponding official section percentiles; SAT/ACT medians and application fee remain blank unless directly sourced.
georgetown-university,LATEST_FEDERAL_AVAILABLE_AS_OF_2026-09-13,,,,13.08,,1390,,1550,32,,34,REQUIRED,VERIFIED_2026_27_FAIRTEST,,https://collegescorecard.ed.gov/school/?131496,https://uadmissions.georgetown.edu/applying/first-year-application/,2026-09-14,Latest available College Scorecard/IPEDS fields; not represented as 2026-27 outcomes. SAT bounds sum the corresponding official section percentiles; SAT/ACT medians and application fee remain blank unless directly sourced.
university-of-virginia,LATEST_FEDERAL_AVAILABLE_AS_OF_2026-09-13,,,,16.86,,1410,,1530,32,,34,OPTIONAL,VERIFIED_2026_27_FAIRTEST,,https://collegescorecard.ed.gov/school/?234076,https://www.devry.edu/admissions/undergraduate-admissions.html,2026-09-14,Latest available College Scorecard/IPEDS fields; not represented as 2026-27 outcomes. SAT bounds sum the corresponding official section percentiles; SAT/ACT medians and application fee remain blank unless directly sourced.
washington-university-in-st-louis,LATEST_FEDERAL_AVAILABLE_AS_OF_2026-09-13,,,,11.96,,1500,,1570,33,,35,OPTIONAL,VERIFIED_2026_27_FAIRTEST,,https://collegescorecard.ed.gov/school/?179867,https://admissions.wustl.edu/how-to-apply/application-process/,2026-09-14,Latest available College Scorecard/IPEDS fields; not represented as 2026-27 outcomes. SAT bounds sum the corresponding official section percentiles; SAT/ACT medians and application fee remain blank unless directly sourced.
carnegie-mellon-university,LATEST_FEDERAL_AVAILABLE_AS_OF_2026-09-13,,,,11.4,,1500,,1570,34,,35,REQUIRED,VERIFIED_2026_27_FAIRTEST,,https://collegescorecard.ed.gov/school/?211440,https://www.cmu.edu/admission/standardized-testing,2026-09-14,Latest available College Scorecard/IPEDS fields; not represented as 2026-27 outcomes. SAT bounds sum the corresponding official section percentiles; SAT/ACT medians and application fee remain blank unless directly sourced.
emory-university,LATEST_FEDERAL_AVAILABLE_AS_OF_2026-09-13,,,,11.1,,1460,,1550,32,,34,OPTIONAL,VERIFIED_2026_27_FAIRTEST,,https://collegescorecard.ed.gov/school/?139658,https://apply.emory.edu/apply/first-year/tips/standardized-exam-policies.html,2026-09-14,Latest available College Scorecard/IPEDS fields; not represented as 2026-27 outcomes. SAT bounds sum the corresponding official section percentiles; SAT/ACT medians and application fee remain blank unless directly sourced.
university-of-southern-california,LATEST_FEDERAL_AVAILABLE_AS_OF_2026-09-13,,,,10.02,,1440,,1550,32,,35,OPTIONAL,VERIFIED_2026_27_FAIRTEST,,https://collegescorecard.ed.gov/school/?123961,https://dornsife.usc.edu/admission/apply/,2026-09-14,Latest available College Scorecard/IPEDS fields; not represented as 2026-27 outcomes. SAT bounds sum the corresponding official section percentiles; SAT/ACT medians and application fee remain blank unless directly sourced.
university-of-california-san-diego,LATEST_FEDERAL_AVAILABLE_AS_OF_2026-09-13,,,,24.52,,,,,,,,BLIND,VERIFIED_2026_27_FAIRTEST,,https://collegescorecard.ed.gov/school/?110680,https://fairtest.org/test-optional-list/,2026-09-14,Latest available College Scorecard/IPEDS fields; not represented as 2026-27 outcomes. SAT bounds sum the corresponding official section percentiles; SAT/ACT medians and application fee remain blank unless directly sourced.
university-of-florida,LATEST_FEDERAL_AVAILABLE_AS_OF_2026-09-13,,,,24.03,,1300,,1480,28,,33,REQUIRED,VERIFIED_2026_27_FAIRTEST,,https://collegescorecard.ed.gov/school/?134130,https://fairtest.org/test-optional-list/,2026-09-14,Latest available College Scorecard/IPEDS fields; not represented as 2026-27 outcomes. SAT bounds sum the corresponding official section percentiles; SAT/ACT medians and application fee remain blank unless directly sourced.
university-of-california-davis,LATEST_FEDERAL_AVAILABLE_AS_OF_2026-09-13,,,,41.63,,,,,,,,BLIND,VERIFIED_2026_27_FAIRTEST,,https://collegescorecard.ed.gov/school/?110644,https://fairtest.org/test-optional-list/,2026-09-14,Latest available College Scorecard/IPEDS fields; not represented as 2026-27 outcomes. SAT bounds sum the corresponding official section percentiles; SAT/ACT medians and application fee remain blank unless directly sourced.
university-of-texas-at-austin,LATEST_FEDERAL_AVAILABLE_AS_OF_2026-09-13,,,,29.12,,1230,,1490,27,,33,REQUIRED,VERIFIED_2026_27_FAIRTEST,,https://collegescorecard.ed.gov/school/?228778,https://news.utexas.edu/2024/03/11/ut-austin-reinstates-standardized-test-scores-in-admissions/,2026-09-14,Latest available College Scorecard/IPEDS fields; not represented as 2026-27 outcomes. SAT bounds sum the corresponding official section percentiles; SAT/ACT medians and application fee remain blank unless directly sourced.
university-of-california-irvine,LATEST_FEDERAL_AVAILABLE_AS_OF_2026-09-13,,,,25.57,,,,,,,,BLIND,VERIFIED_2026_27_FAIRTEST,,https://collegescorecard.ed.gov/school/?110653,https://fairtest.org/test-optional-list/,2026-09-14,Latest available College Scorecard/IPEDS fields; not represented as 2026-27 outcomes. SAT bounds sum the corresponding official section percentiles; SAT/ACT medians and application fee remain blank unless directly sourced.
georgia-institute-of-technology,LATEST_FEDERAL_AVAILABLE_AS_OF_2026-09-13,,,,16.46,,1330,,1530,28,,34,REQUIRED,VERIFIED_2026_27_FAIRTEST,,https://collegescorecard.ed.gov/school/?139755,https://admission.gatech.edu/first-year/standardized-tests,2026-09-14,Latest available College Scorecard/IPEDS fields; not represented as 2026-27 outcomes. SAT bounds sum the corresponding official section percentiles; SAT/ACT medians and application fee remain blank unless directly sourced.
university-of-california-santa-barbara,LATEST_FEDERAL_AVAILABLE_AS_OF_2026-09-13,,,,27.78,,,,,,,,BLIND,VERIFIED_2026_27_FAIRTEST,,https://collegescorecard.ed.gov/school/?110705,https://fairtest.org/test-optional-list/,2026-09-14,Latest available College Scorecard/IPEDS fields; not represented as 2026-27 outcomes. SAT bounds sum the corresponding official section percentiles; SAT/ACT medians and application fee remain blank unless directly sourced.
university-of-illinois-urbana-champaign,LATEST_FEDERAL_AVAILABLE_AS_OF_2026-09-13,,,,43.69,,1270,,1510,29,,34,OPTIONAL,VERIFIED_2026_27_FAIRTEST,,https://collegescorecard.ed.gov/school/?145637,https://www.admissions.illinois.edu/faq/applicant-freshman,2026-09-14,Latest available College Scorecard/IPEDS fields; not represented as 2026-27 outcomes. SAT bounds sum the corresponding official section percentiles; SAT/ACT medians and application fee remain blank unless directly sourced.
university-of-wisconsinmadison,LATEST_FEDERAL_AVAILABLE_AS_OF_2026-09-13,,,,43.35,,1360,,1510,28,,32,OPTIONAL,VERIFIED_2026_27_FAIRTEST,,https://collegescorecard.ed.gov/school/?240444,https://admissions.wisc.edu/act_sat_faq/,2026-09-14,Latest available College Scorecard/IPEDS fields; not represented as 2026-27 outcomes. SAT bounds sum the corresponding official section percentiles; SAT/ACT medians and application fee remain blank unless directly sourced.
new-york-university,LATEST_FEDERAL_AVAILABLE_AS_OF_2026-09-13,,,,9.41,,1480,,1570,33,,35,OPTIONAL,VERIFIED_2026_27_FAIRTEST,,https://collegescorecard.ed.gov/school/?193900,https://www.nyu.edu/admissions/undergraduate-admissions/how-to-apply/standardized-tests.html,2026-09-14,Latest available College Scorecard/IPEDS fields; not represented as 2026-27 outcomes. SAT bounds sum the corresponding official section percentiles; SAT/ACT medians and application fee remain blank unless directly sourced.
boston-college,LATEST_FEDERAL_AVAILABLE_AS_OF_2026-09-13,,,,15.65,,1430,,1540,33,,34,OPTIONAL,VERIFIED_2026_27_FAIRTEST,,https://collegescorecard.ed.gov/school/?164924,https://www.bc.edu/bc-web/admission/apply/test-optional.html,2026-09-14,Latest available College Scorecard/IPEDS fields; not represented as 2026-27 outcomes. SAT bounds sum the corresponding official section percentiles; SAT/ACT medians and application fee remain blank unless directly sourced.
university-of-washington,LATEST_FEDERAL_AVAILABLE_AS_OF_2026-09-13,,,,42.53,,,,,,,,OPTIONAL,VERIFIED_2026_27_FAIRTEST,,https://collegescorecard.ed.gov/school/?236948,https://www.washington.edu/news/2020/06/11/uw-removes-standardized-testing-requirement-for-incoming-students-beyond-fall-2021/,2026-09-14,Latest available College Scorecard/IPEDS fields; not represented as 2026-27 outcomes. SAT bounds sum the corresponding official section percentiles; SAT/ACT medians and application fee remain blank unless directly sourced.
tufts-university,LATEST_FEDERAL_AVAILABLE_AS_OF_2026-09-13,,,,10.13,,1460,,1550,33,,35,OPTIONAL,VERIFIED_2026_27_FAIRTEST,,https://collegescorecard.ed.gov/school/?168148,https://now.tufts.edu/2023/01/17/applications-undergraduate-class-2027-top-34000,2026-09-14,Latest available College Scorecard/IPEDS fields; not represented as 2026-27 outcomes. SAT bounds sum the corresponding official section percentiles; SAT/ACT medians and application fee remain blank unless directly sourced.
rutgers-universitynew-brunswick,LATEST_FEDERAL_AVAILABLE_AS_OF_2026-09-13,,,,65.35,,1270,,1480,28,,33,OPTIONAL,VERIFIED_2026_27_FAIRTEST,,https://collegescorecard.ed.gov/school/?186380,https://admissions.rutgers.edu/FAQ,2026-09-14,Latest available College Scorecard/IPEDS fields; not represented as 2026-27 outcomes. SAT bounds sum the corresponding official section percentiles; SAT/ACT medians and application fee remain blank unless directly sourced.
boston-university,LATEST_FEDERAL_AVAILABLE_AS_OF_2026-09-13,,,,10.85,,1400,,1520,32,,34,OPTIONAL,VERIFIED_2026_27_FAIRTEST,,https://collegescorecard.ed.gov/school/?164988,https://www.bu.edu/admissions/apply/first-year/test-policy/,2026-09-14,Latest available College Scorecard/IPEDS fields; not represented as 2026-27 outcomes. SAT bounds sum the corresponding official section percentiles; SAT/ACT medians and application fee remain blank unless directly sourced.
the-ohio-state-university,LATEST_FEDERAL_AVAILABLE_AS_OF_2026-09-13,,,,50.82,,1330,,1480,29,,32,REQUIRED,VERIFIED_2026_27_FAIRTEST,,https://collegescorecard.ed.gov/school/?204796,https://undergrad.osu.edu/apply/freshmen-columbus/apply-step-by-step,2026-09-14,Latest available College Scorecard/IPEDS fields; not represented as 2026-27 outcomes. SAT bounds sum the corresponding official section percentiles; SAT/ACT medians and application fee remain blank unless directly sourced.
university-of-maryland-college-park,LATEST_FEDERAL_AVAILABLE_AS_OF_2026-09-13,,,,44.84,,1370,,1520,32,,35,OPTIONAL,VERIFIED_2026_27_FAIRTEST,,https://collegescorecard.ed.gov/school/?163286,https://admissions.umd.edu/apply/freshman-application-faqs,2026-09-14,Latest available College Scorecard/IPEDS fields; not represented as 2026-27 outcomes. SAT bounds sum the corresponding official section percentiles; SAT/ACT medians and application fee remain blank unless directly sourced.
university-of-rochester,LATEST_FEDERAL_AVAILABLE_AS_OF_2026-09-13,,,,35.85,,1400,,1540,31,,34,OPTIONAL,VERIFIED_2026_27_FAIRTEST,,https://collegescorecard.ed.gov/school/?195030,https://enrollment.rochester.edu/testing-policy/#test-optional,2026-09-14,Latest available College Scorecard/IPEDS fields; not represented as 2026-27 outcomes. SAT bounds sum the corresponding official section percentiles; SAT/ACT medians and application fee remain blank unless directly sourced.
purdue-university,IPEDS 2024 + CDS 2025-26,78745,39272,11467,49.87,29.2,1220,1360,1470,28,32,34,OPTIONAL,VERIFIED_2026_27_FAIRTEST,0,https://www.collegedata.fyi/schools/purdue,https://fairtest.org/wp-content/uploads/2026TOList/test-optional-list.html?v=1,2026-09-14,Latest available College Scorecard/IPEDS fields; not represented as 2026-27 outcomes. SAT bounds sum the corresponding official section percentiles; SAT/ACT medians and application fee remain blank unless directly sourced. Corrected from erroneous Purdue University Global match. SAT/ACT and app fee use 2025-26 CDS; admissions counts/cost use source-labeled IPEDS 2024 baseline.
university-of-north-carolina-at-chapel-hill,LATEST_FEDERAL_AVAILABLE_AS_OF_2026-09-13,,,,18.74,,1370,,1530,30,,34,OPTIONAL,VERIFIED_2026_27_FAIRTEST,,https://collegescorecard.ed.gov/school/?199120,https://www.northcarolina.edu/students/admission/,2026-09-14,Latest available College Scorecard/IPEDS fields; not represented as 2026-27 outcomes. SAT bounds sum the corresponding official section percentiles; SAT/ACT medians and application fee remain blank unless directly sourced.
wake-forest-university,LATEST_FEDERAL_AVAILABLE_AS_OF_2026-09-13,,,,21.56,,1390,,1510,32,,34,OPTIONAL,VERIFIED_2026_27_FAIRTEST,,https://collegescorecard.ed.gov/school/?199847,https://news.wfu.edu/test-optional-admissions/,2026-09-14,Latest available College Scorecard/IPEDS fields; not represented as 2026-27 outcomes. SAT bounds sum the corresponding official section percentiles; SAT/ACT medians and application fee remain blank unless directly sourced.
virginia-tech,LATEST_FEDERAL_AVAILABLE_AS_OF_2026-09-13,,,,57.03,,1240,,1420,27,,32,OPTIONAL,VERIFIED_2026_27_FAIRTEST,,https://collegescorecard.ed.gov/school/?233921,https://www.vt.edu/admissions/frequently-asked-questions/test-optional.html,2026-09-14,Latest available College Scorecard/IPEDS fields; not represented as 2026-27 outcomes. SAT bounds sum the corresponding official section percentiles; SAT/ACT medians and application fee remain blank unless directly sourced.
texas-a-and-m-university,CDS 2025-26 + IPEDS 2024 costs,62967,32531,12484,51.7,38.38,1160,1280,1390,24,28,32,OPTIONAL,VERIFIED_2026_27_FAIRTEST,75,https://www.collegedata.fyi/schools/texas-am/2025-26,https://fairtest.org/wp-content/uploads/2026TOList/test-optional-list.html?v=1,2026-09-14,Latest available College Scorecard/IPEDS fields; not represented as 2026-27 outcomes. SAT bounds sum the corresponding official section percentiles; SAT/ACT medians and application fee remain blank unless directly sourced. Corrected from erroneous West Texas A&M University match. Admissions/testing/app fee use 2025-26 CDS; cost uses source-labeled IPEDS 2024 baseline.
florida-state-university,LATEST_FEDERAL_AVAILABLE_AS_OF_2026-09-13,,,,25.38,,1240,,1390,27,,31,REQUIRED,VERIFIED_2026_27_FAIRTEST,,https://collegescorecard.ed.gov/school/?134097,https://fairtest.org/test-optional-list/,2026-09-14,Latest available College Scorecard/IPEDS fields; not represented as 2026-27 outcomes. SAT bounds sum the corresponding official section percentiles; SAT/ACT medians and application fee remain blank unless directly sourced.
northeastern-university,LATEST_FEDERAL_AVAILABLE_AS_OF_2026-09-13,,,,5.65,,1460,,1550,33,,35,OPTIONAL,VERIFIED_2026_27_FAIRTEST,,https://collegescorecard.ed.gov/school/?167358,https://admissions.northeastern.edu/application-information/required-materials/,2026-09-14,Latest available College Scorecard/IPEDS fields; not represented as 2026-27 outcomes. SAT bounds sum the corresponding official section percentiles; SAT/ACT medians and application fee remain blank unless directly sourced.
case-western-reserve-university,LATEST_FEDERAL_AVAILABLE_AS_OF_2026-09-13,,,,28.68,,1430,,1540,32,,35,OPTIONAL,VERIFIED_2026_27_FAIRTEST,,https://collegescorecard.ed.gov/school/?201645,https://case.edu/admission/apply/test-optional,2026-09-14,Latest available College Scorecard/IPEDS fields; not represented as 2026-27 outcomes. SAT bounds sum the corresponding official section percentiles; SAT/ACT medians and application fee remain blank unless directly sourced.
tulane-university,LATEST_FEDERAL_AVAILABLE_AS_OF_2026-09-13,,,,14.59,,1390,,1510,31,,33,OPTIONAL,VERIFIED_2026_27_FAIRTEST,,https://collegescorecard.ed.gov/school/?160755,https://admission.tulane.edu/apply/instructions/standardized-tests,2026-09-14,Latest available College Scorecard/IPEDS fields; not represented as 2026-27 outcomes. SAT bounds sum the corresponding official section percentiles; SAT/ACT medians and application fee remain blank unless directly sourced.
university-of-miami,LATEST_FEDERAL_AVAILABLE_AS_OF_2026-09-13,,,,18.51,,1330,,1470,30,,33,REQUIRED,VERIFIED_2026_27_FAIRTEST,,https://collegescorecard.ed.gov/school/?135726,https://www.wlrn.org/education/2025-01-28/um-standardized-test-requirements,2026-09-14,Latest available College Scorecard/IPEDS fields; not represented as 2026-27 outcomes. SAT bounds sum the corresponding official section percentiles; SAT/ACT medians and application fee remain blank unless directly sourced.
university-of-georgia,LATEST_FEDERAL_AVAILABLE_AS_OF_2026-09-13,,,,37.2,,1160,,1390,25,,32,REQUIRED,VERIFIED_2026_27_FAIRTEST,,https://collegescorecard.ed.gov/school/?139959,https://fairtest.org/test-optional-list/,2026-09-14,Latest available College Scorecard/IPEDS fields; not represented as 2026-27 outcomes. SAT bounds sum the corresponding official section percentiles; SAT/ACT medians and application fee remain blank unless directly sourced.
lehigh-university,LATEST_FEDERAL_AVAILABLE_AS_OF_2026-09-13,,,,29.26,,1350,,1490,31,,33,OPTIONAL,VERIFIED_2026_27_FAIRTEST,,https://collegescorecard.ed.gov/school/?213543,"https://www1.lehigh.edu/admissions/admissions-requirements#:~:text=Lehigh%20University%20has%20adopted%20a,ACT%20test%20scores%20for%20consideration",2026-09-14,Latest available College Scorecard/IPEDS fields; not represented as 2026-27 outcomes. SAT bounds sum the corresponding official section percentiles; SAT/ACT medians and application fee remain blank unless directly sourced.
villanova-university,LATEST_FEDERAL_AVAILABLE_AS_OF_2026-09-13,,,,25.12,,1400,,1510,32,,34,OPTIONAL,VERIFIED_2026_27_FAIRTEST,,https://collegescorecard.ed.gov/school/?216597,https://www.villanova.edu/university/undergraduate-admission/faqs.html,2026-09-14,Latest available College Scorecard/IPEDS fields; not represented as 2026-27 outcomes. SAT bounds sum the corresponding official section percentiles; SAT/ACT medians and application fee remain blank unless directly sourced.
rensselaer-polytechnic-institute,LATEST_FEDERAL_AVAILABLE_AS_OF_2026-09-13,,,,58.45,,1330,,1500,30,,34,OPTIONAL,VERIFIED_2026_27_FAIRTEST,,https://collegescorecard.ed.gov/school/?194824,https://undergrad.admissions.rpi.edu/prospective-students/prospective-students-frequently-asked-questions/fall-2027-admission-cycle-test,2026-09-14,Latest available College Scorecard/IPEDS fields; not represented as 2026-27 outcomes. SAT bounds sum the corresponding official section percentiles; SAT/ACT medians and application fee remain blank unless directly sourced.
brandeis-university,LATEST_FEDERAL_AVAILABLE_AS_OF_2026-09-13,,,,35.31,,1390,,1530,31,,34,OPTIONAL,VERIFIED_2026_27_FAIRTEST,,https://collegescorecard.ed.gov/school/?165015,https://www.brandeis.edu/admissions/apply/testing.html,2026-09-14,Latest available College Scorecard/IPEDS fields; not represented as 2026-27 outcomes. SAT bounds sum the corresponding official section percentiles; SAT/ACT medians and application fee remain blank unless directly sourced.
william-and-mary,LATEST_FEDERAL_AVAILABLE_AS_OF_2026-09-13,,,,32.72,,1365,,1510,32,,34,OPTIONAL,VERIFIED_2026_27_FAIRTEST,,https://collegescorecard.ed.gov/school/?231624,https://www.wm.edu/admission/undergraduateadmission/how-to-apply/freshmanapplicants/standardizedtesting/test-optional-faq/index.php,2026-09-14,Latest available College Scorecard/IPEDS fields; not represented as 2026-27 outcomes. SAT bounds sum the corresponding official section percentiles; SAT/ACT medians and application fee remain blank unless directly sourced.
clemson-university,LATEST_FEDERAL_AVAILABLE_AS_OF_2026-09-13,,,,38.05,,1230,,1390,28,,32,OPTIONAL,VERIFIED_2026_27_FAIRTEST,,https://collegescorecard.ed.gov/school/?217882,https://www.clemson.edu/admissions/applying-to-clemson/freshman-students.html,2026-09-14,Latest available College Scorecard/IPEDS fields; not represented as 2026-27 outcomes. SAT bounds sum the corresponding official section percentiles; SAT/ACT medians and application fee remain blank unless directly sourced.
southern-methodist-university,LATEST_FEDERAL_AVAILABLE_AS_OF_2026-09-13,,,,61.22,,1320,,1480,30,,34,OPTIONAL,VERIFIED_2026_27_FAIRTEST,,https://collegescorecard.ed.gov/school/?228246,https://www.smu.edu/Admission/Apply/Frequently-Asked-Questions-TestOptional,2026-09-14,Latest available College Scorecard/IPEDS fields; not represented as 2026-27 outcomes. SAT bounds sum the corresponding official section percentiles; SAT/ACT medians and application fee remain blank unless directly sourced.
george-washington-university,LATEST_FEDERAL_AVAILABLE_AS_OF_2026-09-13,,,,43.54,,1350,,1500,31,,34,OPTIONAL,VERIFIED_2026_27_FAIRTEST,,https://collegescorecard.ed.gov/school/?131469,https://fairtest.org/test-optional-list/,2026-09-14,Latest available College Scorecard/IPEDS fields; not represented as 2026-27 outcomes. SAT bounds sum the corresponding official section percentiles; SAT/ACT medians and application fee remain blank unless directly sourced.
pennsylvania-state-university,LATEST_FEDERAL_AVAILABLE_AS_OF_2026-09-13,,,,54.22,,1220,,1400,27,,32,OPTIONAL,VERIFIED_2026_27_FAIRTEST,,https://collegescorecard.ed.gov/school/?214777,https://www.pennwest.edu/admissions,2026-09-14,Latest available College Scorecard/IPEDS fields; not represented as 2026-27 outcomes. SAT bounds sum the corresponding official section percentiles; SAT/ACT medians and application fee remain blank unless directly sourced.
university-of-minnesota-twin-cities,LATEST_FEDERAL_AVAILABLE_AS_OF_2026-09-13,,,,77.03,,1310,,1480,27,,31,OPTIONAL,VERIFIED_2026_27_FAIRTEST,,https://collegescorecard.ed.gov/school/?174066,https://admissions.tc.umn.edu/apply/application-checklist/application-checklist-freshman,2026-09-14,Latest available College Scorecard/IPEDS fields; not represented as 2026-27 outcomes. SAT bounds sum the corresponding official section percentiles; SAT/ACT medians and application fee remain blank unless directly sourced.
indiana-university-bloomington,LATEST_FEDERAL_AVAILABLE_AS_OF_2026-09-13,,,,80.37,,1170,,1400,27,,32,OPTIONAL,VERIFIED_2026_27_FAIRTEST,,https://collegescorecard.ed.gov/school/?151351,"https://admissions.indiana.edu/test-optional/index.html#:~:text=IU%20Bloomington%20has%20adopted%20a,as%20part%20of%20the%20application.",2026-09-14,Latest available College Scorecard/IPEDS fields; not represented as 2026-27 outcomes. SAT bounds sum the corresponding official section percentiles; SAT/ACT medians and application fee remain blank unless directly sourced.
michigan-state-university,LATEST_FEDERAL_AVAILABLE_AS_OF_2026-09-13,,,,83.92,,1150,,1350,26,,31,OPTIONAL,VERIFIED_2026_27_FAIRTEST,,https://collegescorecard.ed.gov/school/?171100,https://admissions.msu.edu/apply/first-year/act-sat-test-optional,2026-09-14,Latest available College Scorecard/IPEDS fields; not represented as 2026-27 outcomes. SAT bounds sum the corresponding official section percentiles; SAT/ACT medians and application fee remain blank unless directly sourced.
north-carolina-state-university,IPEDS 2024 baseline; latest archived CDS 2022-23,44047,18385,5839,41.74,31.76,,,,28,30,32,OPTIONAL,VERIFIED_2026_27_FAIRTEST,,https://www.collegedata.fyi/schools/north-carolina-state-university-at-raleigh,https://www.northcarolina.edu/standard-test-requirement-waiver/,2026-09-14,"Latest available College Scorecard/IPEDS fields; not represented as 2026-27 outcomes. SAT bounds sum the corresponding official section percentiles; SAT/ACT medians and application fee remain blank unless directly sourced. Corrected from erroneous North Carolina A&T State University match. Fresh core admissions/cost use IPEDS 2024; latest archived school CDS is older (2022-23), so SAT composite is intentionally blank rather than inferred."
university-of-california-santa-cruz,LATEST_FEDERAL_AVAILABLE_AS_OF_2026-09-13,,,,62.54,,,,,,,,BLIND,VERIFIED_2026_27_FAIRTEST,,https://collegescorecard.ed.gov/school/?110714,https://fairtest.org/test-optional-list/,2026-09-14,Latest available College Scorecard/IPEDS fields; not represented as 2026-27 outcomes. SAT bounds sum the corresponding official section percentiles; SAT/ACT medians and application fee remain blank unless directly sourced.
university-of-california-riverside,LATEST_FEDERAL_AVAILABLE_AS_OF_2026-09-13,,,,63.3,,,,,,,,BLIND,VERIFIED_2026_27_FAIRTEST,,https://collegescorecard.ed.gov/school/?110671,https://fairtest.org/test-optional-list/,2026-09-14,Latest available College Scorecard/IPEDS fields; not represented as 2026-27 outcomes. SAT bounds sum the corresponding official section percentiles; SAT/ACT medians and application fee remain blank unless directly sourced.
university-of-colorado-boulder,LATEST_FEDERAL_AVAILABLE_AS_OF_2026-09-13,,,,83.28,,1230,,1420,28,,33,OPTIONAL,VERIFIED_2026_27_FAIRTEST,,https://collegescorecard.ed.gov/school/?126614,https://www.colorado.edu/admissions/first-year/selection,2026-09-14,Latest available College Scorecard/IPEDS fields; not represented as 2026-27 outcomes. SAT bounds sum the corresponding official section percentiles; SAT/ACT medians and application fee remain blank unless directly sourced.
university-of-connecticut,LATEST_FEDERAL_AVAILABLE_AS_OF_2026-09-13,,,,53.95,,1210,,1420,29,,33,OPTIONAL,VERIFIED_2026_27_FAIRTEST,,https://collegescorecard.ed.gov/school/?129020,https://admissions.uconn.edu/?p=574,2026-09-14,Latest available College Scorecard/IPEDS fields; not represented as 2026-27 outcomes. SAT bounds sum the corresponding official section percentiles; SAT/ACT medians and application fee remain blank unless directly sourced.
university-of-pittsburgh,LATEST_FEDERAL_AVAILABLE_AS_OF_2026-09-13,,,,49.7,,1270,,1450,29,,33,OPTIONAL,VERIFIED_2026_27_FAIRTEST,,https://collegescorecard.ed.gov/school/?215293,https://www.upb.pitt.edu/how-apply,2026-09-14,Latest available College Scorecard/IPEDS fields; not represented as 2026-27 outcomes. SAT bounds sum the corresponding official section percentiles; SAT/ACT medians and application fee remain blank unless directly sourced.
syracuse-university,LATEST_FEDERAL_AVAILABLE_AS_OF_2026-09-13,,,,41.69,,1260,,1430,28,,32,OPTIONAL,VERIFIED_2026_27_FAIRTEST,,https://collegescorecard.ed.gov/school/?196413,https://news.syr.edu/2026/05/29/syracuse-university-extends-test-optional-policy-for-fall-2027-admission/,2026-09-14,Latest available College Scorecard/IPEDS fields; not represented as 2026-27 outcomes. SAT bounds sum the corresponding official section percentiles; SAT/ACT medians and application fee remain blank unless directly sourced.
american-university,LATEST_FEDERAL_AVAILABLE_AS_OF_2026-09-13,,,,47.38,,1300,,1450,29,,33,OPTIONAL,VERIFIED_2026_27_FAIRTEST,,https://collegescorecard.ed.gov/school/?131159,https://fairtest.org/test-optional-list/,2026-09-14,Latest available College Scorecard/IPEDS fields; not represented as 2026-27 outcomes. SAT bounds sum the corresponding official section percentiles; SAT/ACT medians and application fee remain blank unless directly sourced.
baylor-university,LATEST_FEDERAL_AVAILABLE_AS_OF_2026-09-13,,,,50.99,,1210,,1400,27,,32,OPTIONAL,VERIFIED_2026_27_FAIRTEST,,https://collegescorecard.ed.gov/school/?223232,https://admissions.web.baylor.edu/admission/incoming-freshman/test-optional-process,2026-09-14,Latest available College Scorecard/IPEDS fields; not represented as 2026-27 outcomes. SAT bounds sum the corresponding official section percentiles; SAT/ACT medians and application fee remain blank unless directly sourced.
texas-christian-university,LATEST_FEDERAL_AVAILABLE_AS_OF_2026-09-13,,,,42.6,,1150,,1375,26,,31,OPTIONAL,VERIFIED_2026_27_FAIRTEST,,https://collegescorecard.ed.gov/school/?228875,https://admissions.tcu.edu/apply/first-year/testing-policy-sat-act.php,2026-09-14,Latest available College Scorecard/IPEDS fields; not represented as 2026-27 outcomes. SAT bounds sum the corresponding official section percentiles; SAT/ACT medians and application fee remain blank unless directly sourced.
santa-clara-university,LATEST_FEDERAL_AVAILABLE_AS_OF_2026-09-13,,,,43.84,,1340,,1500,30,,33,OPTIONAL,VERIFIED_2026_27_FAIRTEST,,https://collegescorecard.ed.gov/school/?122931,https://www.scu.edu/admission/undergraduate/first-year-students/test-optional/,2026-09-14,Latest available College Scorecard/IPEDS fields; not represented as 2026-27 outcomes. SAT bounds sum the corresponding official section percentiles; SAT/ACT medians and application fee remain blank unless directly sourced.
pepperdine-university,LATEST_FEDERAL_AVAILABLE_AS_OF_2026-09-13,,,,49.85,,1250,,1450,26,,32,OPTIONAL,VERIFIED_2026_27_FAIRTEST,,https://collegescorecard.ed.gov/school/?121150,https://seaver.pepperdine.edu/admission/application/undergraduate/requirements/sat-act.htm,2026-09-14,Latest available College Scorecard/IPEDS fields; not represented as 2026-27 outcomes. SAT bounds sum the corresponding official section percentiles; SAT/ACT medians and application fee remain blank unless directly sourced.
fordham-university,LATEST_FEDERAL_AVAILABLE_AS_OF_2026-09-13,,,,56.28,,1330,,1490,30,,33,OPTIONAL,VERIFIED_2026_27_FAIRTEST,,https://collegescorecard.ed.gov/school/?191241,https://www.fordham.edu/undergraduate-admission/apply/what-were-looking-for/testing-policy/,2026-09-14,Latest available College Scorecard/IPEDS fields; not represented as 2026-27 outcomes. SAT bounds sum the corresponding official section percentiles; SAT/ACT medians and application fee remain blank unless directly sourced.
stevens-institute-of-technology,LATEST_FEDERAL_AVAILABLE_AS_OF_2026-09-13,,,,43.44,,1370,,1500,31,,34,OPTIONAL,VERIFIED_2026_27_FAIRTEST,,https://collegescorecard.ed.gov/school/?186867,https://www.stevens.edu/admission-aid/undergraduate-admissions/first-year-students,2026-09-14,Latest available College Scorecard/IPEDS fields; not represented as 2026-27 outcomes. SAT bounds sum the corresponding official section percentiles; SAT/ACT medians and application fee remain blank unless directly sourced.
worcester-polytechnic-institute,LATEST_FEDERAL_AVAILABLE_AS_OF_2026-09-13,,,,58.5,,,,,,,,OPTIONAL,VERIFIED_2026_27_FAIRTEST,,https://collegescorecard.ed.gov/school/?168421,https://www.wpi.edu/admissions/undergraduate/apply/how-to,2026-09-14,Latest available College Scorecard/IPEDS fields; not represented as 2026-27 outcomes. SAT bounds sum the corresponding official section percentiles; SAT/ACT medians and application fee remain blank unless directly sourced.
drexel-university,LATEST_FEDERAL_AVAILABLE_AS_OF_2026-09-13,,,,77.53,,1230,,1430,27,,33,OPTIONAL,VERIFIED_2026_27_FAIRTEST,,https://collegescorecard.ed.gov/school/?212054,https://drexel.edu/admissions/apply/undergrad-instructions/first-year-instructions/standardized-tests,2026-09-14,Latest available College Scorecard/IPEDS fields; not represented as 2026-27 outcomes. SAT bounds sum the corresponding official section percentiles; SAT/ACT medians and application fee remain blank unless directly sourced.
rochester-institute-of-technology,LATEST_FEDERAL_AVAILABLE_AS_OF_2026-09-13,,,,71.4,,1280,,1460,29,,33,OPTIONAL,VERIFIED_2026_27_FAIRTEST,,https://collegescorecard.ed.gov/school/?195003,https://www.rit.edu/news/rit-will-no-longer-require-sat-or-act-scores-applicants-beginning-fall-2021,2026-09-14,Latest available College Scorecard/IPEDS fields; not represented as 2026-27 outcomes. SAT bounds sum the corresponding official section percentiles; SAT/ACT medians and application fee remain blank unless directly sourced.
stony-brook-university,LATEST_FEDERAL_AVAILABLE_AS_OF_2026-09-13,,,,49.01,,1320,,1490,28,,33,OPTIONAL,VERIFIED_2026_27_FAIRTEST,,https://collegescorecard.ed.gov/school/?196097,https://www.stonybrook.edu/undergraduate-admissions/apply/test-optional.php,2026-09-14,Latest available College Scorecard/IPEDS fields; not represented as 2026-27 outcomes. SAT bounds sum the corresponding official section percentiles; SAT/ACT medians and application fee remain blank unless directly sourced.
binghamton-university,LATEST_FEDERAL_AVAILABLE_AS_OF_2026-09-13,,,,37.73,,1320,,1490,29,,34,OPTIONAL,VERIFIED_2026_27_FAIRTEST,,https://collegescorecard.ed.gov/school/?196079,https://www.binghamton.edu/admissions/info/test-optional-faqs.html,2026-09-14,Latest available College Scorecard/IPEDS fields; not represented as 2026-27 outcomes. SAT bounds sum the corresponding official section percentiles; SAT/ACT medians and application fee remain blank unless directly sourced.
university-at-buffalo,LATEST_FEDERAL_AVAILABLE_AS_OF_2026-09-13,,,,69.3,,1210,,1380,27,,32,OPTIONAL,VERIFIED_2026_27_FAIRTEST,,https://collegescorecard.ed.gov/school/?196088,https://www.buffalo.edu/admissions/apply/first-year.standardized-tests.html,2026-09-14,Latest available College Scorecard/IPEDS fields; not represented as 2026-27 outcomes. SAT bounds sum the corresponding official section percentiles; SAT/ACT medians and application fee remain blank unless directly sourced.
university-of-delaware,LATEST_FEDERAL_AVAILABLE_AS_OF_2026-09-13,,,,65.11,,1200,,1360,27,,31,OPTIONAL,VERIFIED_2026_27_FAIRTEST,,https://collegescorecard.ed.gov/school/?130943,https://www.udel.edu/apply/undergraduate-admissions/apply-to-ud/freshman-admissions/,2026-09-14,Latest available College Scorecard/IPEDS fields; not represented as 2026-27 outcomes. SAT bounds sum the corresponding official section percentiles; SAT/ACT medians and application fee remain blank unless directly sourced.
university-of-massachusetts-amherst,LATEST_FEDERAL_AVAILABLE_AS_OF_2026-09-13,,,,57.77,,1300,,1480,29,,33,OPTIONAL,VERIFIED_2026_27_FAIRTEST,,https://collegescorecard.ed.gov/school/?166629,https://www.umass.edu/admissions/undergraduate-admissions/connect/information-policies/test-optional-policy,2026-09-14,Latest available College Scorecard/IPEDS fields; not represented as 2026-27 outcomes. SAT bounds sum the corresponding official section percentiles; SAT/ACT medians and application fee remain blank unless directly sourced.
university-of-iowa,LATEST_FEDERAL_AVAILABLE_AS_OF_2026-09-13,,,,84.67,,1130,,1320,22,,28,OPTIONAL,VERIFIED_2026_27_FAIRTEST,,https://collegescorecard.ed.gov/school/?153658,https://www.uidaho.edu/admissions/apply/first-year/admission-requirements/gpa-and-test-scores,2026-09-14,Latest available College Scorecard/IPEDS fields; not represented as 2026-27 outcomes. SAT bounds sum the corresponding official section percentiles; SAT/ACT medians and application fee remain blank unless directly sourced.
university-of-arizona,LATEST_FEDERAL_AVAILABLE_AS_OF_2026-09-13,,,,85.66,,1160,,1420,21,,30,OPTIONAL,VERIFIED_2026_27_FAIRTEST,,https://collegescorecard.ed.gov/school/?104179,https://www.arizona.edu/admissions/first-year/apply,2026-09-14,Latest available College Scorecard/IPEDS fields; not represented as 2026-27 outcomes. SAT bounds sum the corresponding official section percentiles; SAT/ACT medians and application fee remain blank unless directly sourced.
arizona-state-university,CDS 2025-26 + IPEDS 2024 costs,69617,61533,13665,88.4,22.21,,,,,,,OPTIONAL,VERIFIED_2026_27_FAIRTEST,,https://www.collegedata.fyi/schools/arizona-state-university-campus-immersion/2025-26,https://admission.asu.edu/apply/first-year/admission,2026-09-14,"Latest available College Scorecard/IPEDS fields; not represented as 2026-27 outcomes. SAT bounds sum the corresponding official section percentiles; SAT/ACT medians and application fee remain blank unless directly sourced. Corrected from erroneous ASU-West match. Current 2025-26 CDS admissions are used; standardized-test percentile totals were not meaningfully reported, so they remain blank."
university-of-oregon,LATEST_FEDERAL_AVAILABLE_AS_OF_2026-09-13,,,,85.11,,1130,,1360,22,,30,OPTIONAL,VERIFIED_2026_27_FAIRTEST,,https://collegescorecard.ed.gov/school/?209551,https://admissions.uoregon.edu/testoptional,2026-09-14,Latest available College Scorecard/IPEDS fields; not represented as 2026-27 outcomes. SAT bounds sum the corresponding official section percentiles; SAT/ACT medians and application fee remain blank unless directly sourced.
oregon-state-university,LATEST_FEDERAL_AVAILABLE_AS_OF_2026-09-13,,,,78.85,,,,,,,,OPTIONAL,VERIFIED_2026_27_FAIRTEST,,https://collegescorecard.ed.gov/school/?209542,https://admissions.oregonstate.edu/admission-requirements-0,2026-09-14,Latest available College Scorecard/IPEDS fields; not represented as 2026-27 outcomes. SAT bounds sum the corresponding official section percentiles; SAT/ACT medians and application fee remain blank unless directly sourced.
university-of-utah,LATEST_FEDERAL_AVAILABLE_AS_OF_2026-09-13,,,,87.17,,1180,,1398,22,,29,OPTIONAL,VERIFIED_2026_27_FAIRTEST,,https://collegescorecard.ed.gov/school/?230764,https://www.ksl.com/article/50879586/university-of-utah-board-of-trustees-votes-to-retain-test-optional-admissions-policy,2026-09-14,Latest available College Scorecard/IPEDS fields; not represented as 2026-27 outcomes. SAT bounds sum the corresponding official section percentiles; SAT/ACT medians and application fee remain blank unless directly sourced.
brigham-young-university,LATEST_FEDERAL_AVAILABLE_AS_OF_2026-09-13,,,,69.19,,1290,,1450,28,,32,OPTIONAL,VERIFIED_2026_27_FAIRTEST,,https://collegescorecard.ed.gov/school/?230038,https://enrollment.byu.edu/admissions/educational-history,2026-09-14,Latest available College Scorecard/IPEDS fields; not represented as 2026-27 outcomes. SAT bounds sum the corresponding official section percentiles; SAT/ACT medians and application fee remain blank unless directly sourced.
colorado-school-of-mines,LATEST_FEDERAL_AVAILABLE_AS_OF_2026-09-13,,,,59.71,,1320,,1470,29,,33,OPTIONAL,VERIFIED_2026_27_FAIRTEST,,https://collegescorecard.ed.gov/school/?126775,https://www.mines.edu/undergraduate-admissions/first-year/,2026-09-14,Latest available College Scorecard/IPEDS fields; not represented as 2026-27 outcomes. SAT bounds sum the corresponding official section percentiles; SAT/ACT medians and application fee remain blank unless directly sourced.
auburn-university,LATEST_FEDERAL_AVAILABLE_AS_OF_2026-09-13,,,,50.47,,1240,,1380,25,,31,REQUIRED,VERIFIED_2026_27_FAIRTEST,,https://collegescorecard.ed.gov/school/?100858,https://www.auburn.edu/admissions/prospective-students/freshmen/index.php,2026-09-14,Latest available College Scorecard/IPEDS fields; not represented as 2026-27 outcomes. SAT bounds sum the corresponding official section percentiles; SAT/ACT medians and application fee remain blank unless directly sourced.
university-of-tennessee-knoxville,LATEST_FEDERAL_AVAILABLE_AS_OF_2026-09-13,,,,45.99,,1190,,1340,25,,31,REQUIRED,VERIFIED_2026_27_FAIRTEST,,https://collegescorecard.ed.gov/school/?221759,https://www.wate.com/wp-content/uploads/sites/42/2023/09/UT-Admissions-policy-proposal.pdf,2026-09-14,Latest available College Scorecard/IPEDS fields; not represented as 2026-27 outcomes. SAT bounds sum the corresponding official section percentiles; SAT/ACT medians and application fee remain blank unless directly sourced.
university-of-alabama,LATEST_FEDERAL_AVAILABLE_AS_OF_2026-09-13,,,,75.82,,1170,,1400,24,,31,OPTIONAL,VERIFIED_2026_27_FAIRTEST,,https://collegescorecard.ed.gov/school/?100751,https://www.uab.edu/reporter/in-the-know/uab-announces-phased-approach-to-update-admissions-review-process,2026-09-14,Latest available College Scorecard/IPEDS fields; not represented as 2026-27 outcomes. SAT bounds sum the corresponding official section percentiles; SAT/ACT medians and application fee remain blank unless directly sourced.
university-of-kentucky,LATEST_FEDERAL_AVAILABLE_AS_OF_2026-09-13,,,,92.38,,1080,,1290,21,,28,OPTIONAL,VERIFIED_2026_27_FAIRTEST,,https://collegescorecard.ed.gov/school/?157085,https://admission.uky.edu/news/test-optional,2026-09-14,Latest available College Scorecard/IPEDS fields; not represented as 2026-27 outcomes. SAT bounds sum the corresponding official section percentiles; SAT/ACT medians and application fee remain blank unless directly sourced.
university-of-cincinnati,LATEST_FEDERAL_AVAILABLE_AS_OF_2026-09-13,,,,87.67,,1150,,1360,24,,29,OPTIONAL,VERIFIED_2026_27_FAIRTEST,,https://collegescorecard.ed.gov/school/?201885,https://www.admissions.uc.edu/test-optional.html,2026-09-14,Latest available College Scorecard/IPEDS fields; not represented as 2026-27 outcomes. SAT bounds sum the corresponding official section percentiles; SAT/ACT medians and application fee remain blank unless directly sourced.
university-of-houston,LATEST_FEDERAL_AVAILABLE_AS_OF_2026-09-13,,,,69.53,,1150,,1330,23,,28,OPTIONAL,VERIFIED_2026_27_FAIRTEST,,https://collegescorecard.ed.gov/school/?225511,https://uh.edu/undergraduate-admissions/apply/freshman/,2026-09-14,Latest available College Scorecard/IPEDS fields; not represented as 2026-27 outcomes. SAT bounds sum the corresponding official section percentiles; SAT/ACT medians and application fee remain blank unless directly sourced.
university-of-south-florida,LATEST_FEDERAL_AVAILABLE_AS_OF_2026-09-13,,,,40.96,,1140,,1330,24,,29,REQUIRED,VERIFIED_2026_27_FAIRTEST,,https://collegescorecard.ed.gov/school/?137351,https://fairtest.org/test-optional-list/,2026-09-14,Latest available College Scorecard/IPEDS fields; not represented as 2026-27 outcomes. SAT bounds sum the corresponding official section percentiles; SAT/ACT medians and application fee remain blank unless directly sourced.
university-of-central-florida,LATEST_FEDERAL_AVAILABLE_AS_OF_2026-09-13,,,,39.52,,1190,,1350,25,,29,REQUIRED,VERIFIED_2026_27_FAIRTEST,,https://collegescorecard.ed.gov/school/?132903,https://fairtest.org/test-optional-list/,2026-09-14,Latest available College Scorecard/IPEDS fields; not represented as 2026-27 outcomes. SAT bounds sum the corresponding official section percentiles; SAT/ACT medians and application fee remain blank unless directly sourced.
florida-international-university,LATEST_FEDERAL_AVAILABLE_AS_OF_2026-09-13,,,,58.84,,1060,,1250,20,,26,REQUIRED,VERIFIED_2026_27_FAIRTEST,,https://collegescorecard.ed.gov/school/?133951,https://fairtest.org/test-optional-list/,2026-09-14,Latest available College Scorecard/IPEDS fields; not represented as 2026-27 outcomes. SAT bounds sum the corresponding official section percentiles; SAT/ACT medians and application fee remain blank unless directly sourced.
florida-atlantic-university,LATEST_FEDERAL_AVAILABLE_AS_OF_2026-09-13,,,,73.44,,1040,,1210,20,,26,REQUIRED,VERIFIED_2026_27_FAIRTEST,,https://collegescorecard.ed.gov/school/?133669,https://fairtest.org/test-optional-list/,2026-09-14,Latest available College Scorecard/IPEDS fields; not represented as 2026-27 outcomes. SAT bounds sum the corresponding official section percentiles; SAT/ACT medians and application fee remain blank unless directly sourced.
george-mason-university,LATEST_FEDERAL_AVAILABLE_AS_OF_2026-09-13,,,,88.83,,1140,,1340,25,,30,OPTIONAL,VERIFIED_2026_27_FAIRTEST,,https://collegescorecard.ed.gov/school/?232186,https://www.gmu.edu/freshman/requirements/score-optional,2026-09-14,Latest available College Scorecard/IPEDS fields; not represented as 2026-27 outcomes. SAT bounds sum the corresponding official section percentiles; SAT/ACT medians and application fee remain blank unless directly sourced.
virginia-commonwealth-university,LATEST_FEDERAL_AVAILABLE_AS_OF_2026-09-13,,,,93.06,,1030,,1270,22,,30,OPTIONAL,VERIFIED_2026_27_FAIRTEST,,https://collegescorecard.ed.gov/school/?234030,https://fairtest.org/test-optional-list/,2026-09-14,Latest available College Scorecard/IPEDS fields; not represented as 2026-27 outcomes. SAT bounds sum the corresponding official section percentiles; SAT/ACT medians and application fee remain blank unless directly sourced.
james-madison-university,LATEST_FEDERAL_AVAILABLE_AS_OF_2026-09-13,,,,76.25,,1170,,1320,25,,29,OPTIONAL,VERIFIED_2026_27_FAIRTEST,,https://collegescorecard.ed.gov/school/?232423,https://fairtest.org/test-optional-list/,2026-09-14,Latest available College Scorecard/IPEDS fields; not represented as 2026-27 outcomes. SAT bounds sum the corresponding official section percentiles; SAT/ACT medians and application fee remain blank unless directly sourced.
university-of-north-carolina-at-charlotte,LATEST_FEDERAL_AVAILABLE_AS_OF_2026-09-13,,,,80.21,,1110,,1320,21,,27,OPTIONAL,VERIFIED_2026_27_FAIRTEST,,https://collegescorecard.ed.gov/school/?199139,https://www.northcarolina.edu/students/admission/,2026-09-14,Latest available College Scorecard/IPEDS fields; not represented as 2026-27 outcomes. SAT bounds sum the corresponding official section percentiles; SAT/ACT medians and application fee remain blank unless directly sourced.
university-of-north-carolina-wilmington,LATEST_FEDERAL_AVAILABLE_AS_OF_2026-09-13,,,,74.01,,1220,,1360,24,,28,OPTIONAL,VERIFIED_2026_27_FAIRTEST,,https://collegescorecard.ed.gov/school/?199218,https://www.northcarolina.edu/students/admission/,2026-09-14,Latest available College Scorecard/IPEDS fields; not represented as 2026-27 outcomes. SAT bounds sum the corresponding official section percentiles; SAT/ACT medians and application fee remain blank unless directly sourced.
san-diego-state-university,LATEST_FEDERAL_AVAILABLE_AS_OF_2026-09-13,,,,34.44,,,,,,,,BLIND,VERIFIED_2026_27_FAIRTEST,,https://collegescorecard.ed.gov/school/?122409,https://fairtest.org/test-optional-list/,2026-09-14,Latest available College Scorecard/IPEDS fields; not represented as 2026-27 outcomes. SAT bounds sum the corresponding official section percentiles; SAT/ACT medians and application fee remain blank unless directly sourced.
california-polytechnic-state-university-san-luis-obispo,LATEST_FEDERAL_AVAILABLE_AS_OF_2026-09-13,,,,29.75,,,,,,,,BLIND,VERIFIED_2026_27_FAIRTEST,,https://collegescorecard.ed.gov/school/?110422,https://www.calstate.edu/apply/freshman/getting_into_the_csu/pages/testing-requirements.aspx,2026-09-14,Latest available College Scorecard/IPEDS fields; not represented as 2026-27 outcomes. SAT bounds sum the corresponding official section percentiles; SAT/ACT medians and application fee remain blank unless directly sourced.
san-jose-state-university,LATEST_FEDERAL_AVAILABLE_AS_OF_2026-09-13,,,,80.23,,,,,,,,BLIND,VERIFIED_2026_27_FAIRTEST,,https://collegescorecard.ed.gov/school/?122755,https://fairtest.org/test-optional-list/,2026-09-14,Latest available College Scorecard/IPEDS fields; not represented as 2026-27 outcomes. SAT bounds sum the corresponding official section percentiles; SAT/ACT medians and application fee remain blank unless directly sourced.
california-state-university-long-beach,LATEST_FEDERAL_AVAILABLE_AS_OF_2026-09-13,,,,47.12,,,,,,,,BLIND,VERIFIED_2026_27_FAIRTEST,,https://collegescorecard.ed.gov/school/?110583,https://www.calstate.edu/apply/freshman/getting_into_the_csu/pages/testing-requirements.aspx,2026-09-14,Latest available College Scorecard/IPEDS fields; not represented as 2026-27 outcomes. SAT bounds sum the corresponding official section percentiles; SAT/ACT medians and application fee remain blank unless directly sourced.
california-state-university-fullerton,LATEST_FEDERAL_AVAILABLE_AS_OF_2026-09-13,,,,86.74,,,,,,,,BLIND,VERIFIED_2026_27_FAIRTEST,,https://collegescorecard.ed.gov/school/?110565,https://www.calstate.edu/apply/freshman/getting_into_the_csu/pages/testing-requirements.aspx,2026-09-14,Latest available College Scorecard/IPEDS fields; not represented as 2026-27 outcomes. SAT bounds sum the corresponding official section percentiles; SAT/ACT medians and application fee remain blank unless directly sourced.
university-of-california-merced,LATEST_FEDERAL_AVAILABLE_AS_OF_2026-09-13,,,,39.18,,,,,,,,BLIND,VERIFIED_2026_27_FAIRTEST,,https://collegescorecard.ed.gov/school/?445188,https://fairtest.org/test-optional-list/,2026-09-14,Latest available College Scorecard/IPEDS fields; not represented as 2026-27 outcomes. SAT bounds sum the corresponding official section percentiles; SAT/ACT medians and application fee remain blank unless directly sourced.
loyola-marymount-university,LATEST_FEDERAL_AVAILABLE_AS_OF_2026-09-13,,,,40.29,,,,,,,,OPTIONAL,VERIFIED_2026_27_FAIRTEST,,https://collegescorecard.ed.gov/school/?117946,https://admission.lmu.edu/learnmore/prospectivestudents/frequentlyaskedquestions/,2026-09-14,Latest available College Scorecard/IPEDS fields; not represented as 2026-27 outcomes. SAT bounds sum the corresponding official section percentiles; SAT/ACT medians and application fee remain blank unless directly sourced.
university-of-san-francisco,LATEST_FEDERAL_AVAILABLE_AS_OF_2026-09-13,,,,50.77,,1210,,1390,26,,31,OPTIONAL,VERIFIED_2026_27_FAIRTEST,,https://collegescorecard.ed.gov/school/?122612,https://www.usfca.edu/admission/undergraduate/test-optional,2026-09-14,Latest available College Scorecard/IPEDS fields; not represented as 2026-27 outcomes. SAT bounds sum the corresponding official section percentiles; SAT/ACT medians and application fee remain blank unless directly sourced.
chapman-university,LATEST_FEDERAL_AVAILABLE_AS_OF_2026-09-13,,,,55.61,,1250,,1430,28,,32,OPTIONAL,VERIFIED_2026_27_FAIRTEST,,https://collegescorecard.ed.gov/school/?111948,https://www.chapman.edu/admission/undergraduate/how-to-apply/test-optional.aspx,2026-09-14,Latest available College Scorecard/IPEDS fields; not represented as 2026-27 outcomes. SAT bounds sum the corresponding official section percentiles; SAT/ACT medians and application fee remain blank unless directly sourced.
university-of-denver,LATEST_FEDERAL_AVAILABLE_AS_OF_2026-09-13,,,,71.19,,1240,,1410,29,,32,OPTIONAL,VERIFIED_2026_27_FAIRTEST,,https://collegescorecard.ed.gov/school/?127060,https://fairtest.org/test-optional-list/,2026-09-14,Latest available College Scorecard/IPEDS fields; not represented as 2026-27 outcomes. SAT bounds sum the corresponding official section percentiles; SAT/ACT medians and application fee remain blank unless directly sourced.
gonzaga-university,LATEST_FEDERAL_AVAILABLE_AS_OF_2026-09-13,,,,75.96,,1220,,1410,26,,31,OPTIONAL,VERIFIED_2026_27_FAIRTEST,,https://collegescorecard.ed.gov/school/?235316,https://fairtest.org/test-optional-list/,2026-09-14,Latest available College Scorecard/IPEDS fields; not represented as 2026-27 outcomes. SAT bounds sum the corresponding official section percentiles; SAT/ACT medians and application fee remain blank unless directly sourced.
seattle-university,LATEST_FEDERAL_AVAILABLE_AS_OF_2026-09-13,,,,76.05,,1130,,1350,23,,30,OPTIONAL,VERIFIED_2026_27_FAIRTEST,,https://collegescorecard.ed.gov/school/?236595,https://www.seattleu.edu/undergraduate-admissions/apply/freshman/requirements/sat-and-act-exams/test-optional-admissions,2026-09-14,Latest available College Scorecard/IPEDS fields; not represented as 2026-27 outcomes. SAT bounds sum the corresponding official section percentiles; SAT/ACT medians and application fee remain blank unless directly sourced.
university-of-portland,LATEST_FEDERAL_AVAILABLE_AS_OF_2026-09-13,,,,95.39,,1190,,1356,25,,30,OPTIONAL,VERIFIED_2026_27_FAIRTEST,,https://collegescorecard.ed.gov/school/?209825,https://www.up.edu/admissions-aid/first-year-students/index.html,2026-09-14,Latest available College Scorecard/IPEDS fields; not represented as 2026-27 outcomes. SAT bounds sum the corresponding official section percentiles; SAT/ACT medians and application fee remain blank unless directly sourced.
williams-college,LATEST_FEDERAL_AVAILABLE_AS_OF_2026-09-13,,,,9.99,,1470,,1560,33,,35,OPTIONAL,VERIFIED_2026_27_FAIRTEST,,https://collegescorecard.ed.gov/school/?168342,https://hub.williams.edu/institutional-research/files/2026/04/Williams-CDS-2025-2026-V2.pdf,2026-09-14,Latest available College Scorecard/IPEDS fields; not represented as 2026-27 outcomes. SAT bounds sum the corresponding official section percentiles; SAT/ACT medians and application fee remain blank unless directly sourced.
amherst-college,LATEST_FEDERAL_AVAILABLE_AS_OF_2026-09-13,,,,9.82,,1360,,1550,31,,35,OPTIONAL,VERIFIED_2026_27_FAIRTEST,,https://collegescorecard.ed.gov/school/?164465,https://www.amherst.edu/admission/apply/firstyear/testing,2026-09-14,Latest available College Scorecard/IPEDS fields; not represented as 2026-27 outcomes. SAT bounds sum the corresponding official section percentiles; SAT/ACT medians and application fee remain blank unless directly sourced.
swarthmore-college,LATEST_FEDERAL_AVAILABLE_AS_OF_2026-09-13,,,,6.94,,1460,,1560,33,,34,OPTIONAL,VERIFIED_2026_27_FAIRTEST,,https://collegescorecard.ed.gov/school/?216287,https://swarthmorephoenix.com/2025/11/20/swarthmore-continues-test-optional-policy-2/,2026-09-14,Latest available College Scorecard/IPEDS fields; not represented as 2026-27 outcomes. SAT bounds sum the corresponding official section percentiles; SAT/ACT medians and application fee remain blank unless directly sourced.
pomona-college,LATEST_FEDERAL_AVAILABLE_AS_OF_2026-09-13,,,,6.76,,1480,,1560,33,,35,OPTIONAL,VERIFIED_2026_27_FAIRTEST,,https://collegescorecard.ed.gov/school/?121345,https://www.pomona.edu/news/2023/11/15-pomona-college-makes-test-optional-admissions-policy-permanent,2026-09-14,Latest available College Scorecard/IPEDS fields; not represented as 2026-27 outcomes. SAT bounds sum the corresponding official section percentiles; SAT/ACT medians and application fee remain blank unless directly sourced.
wellesley-college,LATEST_FEDERAL_AVAILABLE_AS_OF_2026-09-13,,,,13.91,,1440,,1550,33,,35,OPTIONAL,VERIFIED_2026_27_FAIRTEST,,https://collegescorecard.ed.gov/school/?168218,https://www.wellesley.edu/admission-aid/apply,2026-09-14,Latest available College Scorecard/IPEDS fields; not represented as 2026-27 outcomes. SAT bounds sum the corresponding official section percentiles; SAT/ACT medians and application fee remain blank unless directly sourced.
bowdoin-college,LATEST_FEDERAL_AVAILABLE_AS_OF_2026-09-13,,,,8.02,,1480,,1550,33,,35,OPTIONAL,VERIFIED_2026_27_FAIRTEST,,https://collegescorecard.ed.gov/school/?161004,https://www.bowdoin.edu/admissions/our-process/test-optional-policy/index.html,2026-09-14,Latest available College Scorecard/IPEDS fields; not represented as 2026-27 outcomes. SAT bounds sum the corresponding official section percentiles; SAT/ACT medians and application fee remain blank unless directly sourced.
claremont-mckenna-college,LATEST_FEDERAL_AVAILABLE_AS_OF_2026-09-13,,,,11.12,,1450,,1560,33,,35,OPTIONAL,VERIFIED_2026_27_FAIRTEST,,https://collegescorecard.ed.gov/school/?112260,https://www.cmc.edu/admission/first-year-application-instructions#collapse-792,2026-09-14,Latest available College Scorecard/IPEDS fields; not represented as 2026-27 outcomes. SAT bounds sum the corresponding official section percentiles; SAT/ACT medians and application fee remain blank unless directly sourced.
carleton-college,LATEST_FEDERAL_AVAILABLE_AS_OF_2026-09-13,,,,22.28,,1430,,1550,32,,34,OPTIONAL,VERIFIED_2026_27_FAIRTEST,,https://collegescorecard.ed.gov/school/?173258,https://www.carleton.edu/admissions/apply/steps/criteria/,2026-09-14,Latest available College Scorecard/IPEDS fields; not represented as 2026-27 outcomes. SAT bounds sum the corresponding official section percentiles; SAT/ACT medians and application fee remain blank unless directly sourced.
middlebury-college,LATEST_FEDERAL_AVAILABLE_AS_OF_2026-09-13,,,,10.37,,1430,,1550,33,,34,OPTIONAL,VERIFIED_2026_27_FAIRTEST,,https://collegescorecard.ed.gov/school/?230959,https://www.middlebury.edu/college/admissions/apply/standardized-tests,2026-09-14,Latest available College Scorecard/IPEDS fields; not represented as 2026-27 outcomes. SAT bounds sum the corresponding official section percentiles; SAT/ACT medians and application fee remain blank unless directly sourced.
barnard-college,LATEST_FEDERAL_AVAILABLE_AS_OF_2026-09-13,,,,7.96,,1453,,1550,32,,34,OPTIONAL,VERIFIED_2026_27_FAIRTEST,,https://collegescorecard.ed.gov/school/?189097,https://barnard.edu/temporary-test-optional-policy-faq,2026-09-14,Latest available College Scorecard/IPEDS fields; not represented as 2026-27 outcomes. SAT bounds sum the corresponding official section percentiles; SAT/ACT medians and application fee remain blank unless directly sourced.
harvey-mudd-college,LATEST_FEDERAL_AVAILABLE_AS_OF_2026-09-13,,,,13.06,,1480,,1560,34,,36,OPTIONAL,VERIFIED_2026_27_FAIRTEST,,https://collegescorecard.ed.gov/school/?115409,https://www.hmc.edu/admission/apply/first-year-students/,2026-09-14,Latest available College Scorecard/IPEDS fields; not represented as 2026-27 outcomes. SAT bounds sum the corresponding official section percentiles; SAT/ACT medians and application fee remain blank unless directly sourced.
wesleyan-university,LATEST_FEDERAL_AVAILABLE_AS_OF_2026-09-13,,,,17.1,,1450,,1540,33,,35,OPTIONAL,VERIFIED_2026_27_FAIRTEST,,https://collegescorecard.ed.gov/school/?130697,"https://www.wesleyan.edu/admission/apply/application-process.html#:~:text=Standardized%20Testing%E2%80%94Wesleyan%20does%20not,of%20the%20application%20for%20admission.",2026-09-14,Latest available College Scorecard/IPEDS fields; not represented as 2026-27 outcomes. SAT bounds sum the corresponding official section percentiles; SAT/ACT medians and application fee remain blank unless directly sourced.
grinnell-college,LATEST_FEDERAL_AVAILABLE_AS_OF_2026-09-13,,,,12.68,,1418,,1550,31,,34,OPTIONAL,VERIFIED_2026_27_FAIRTEST,,https://collegescorecard.ed.gov/school/?153384,https://www.grinnell.edu/admission/apply/first-year/requirements#testing,2026-09-14,Latest available College Scorecard/IPEDS fields; not represented as 2026-27 outcomes. SAT bounds sum the corresponding official section percentiles; SAT/ACT medians and application fee remain blank unless directly sourced.
hamilton-college,LATEST_FEDERAL_AVAILABLE_AS_OF_2026-09-13,,,,11.77,,1410,,1550,32,,35,OPTIONAL,VERIFIED_2026_27_FAIRTEST,,https://collegescorecard.ed.gov/school/?191515,https://www.hamilton.edu/admission/apply/testing,2026-09-14,Latest available College Scorecard/IPEDS fields; not represented as 2026-27 outcomes. SAT bounds sum the corresponding official section percentiles; SAT/ACT medians and application fee remain blank unless directly sourced.
haverford-college,LATEST_FEDERAL_AVAILABLE_AS_OF_2026-09-13,,,,12.91,,1430,,1540,33,,35,OPTIONAL,VERIFIED_2026_27_FAIRTEST,,https://collegescorecard.ed.gov/school/?212911,http://haverfordclerk.com/tried-and-true-haverford-goes-permanently-test-optional/,2026-09-14,Latest available College Scorecard/IPEDS fields; not represented as 2026-27 outcomes. SAT bounds sum the corresponding official section percentiles; SAT/ACT medians and application fee remain blank unless directly sourced.
smith-college,LATEST_FEDERAL_AVAILABLE_AS_OF_2026-09-13,,,,19.73,,1408,,1540,32,,34,OPTIONAL,VERIFIED_2026_27_FAIRTEST,,https://collegescorecard.ed.gov/school/?167835,https://fairtest.org/test-optional-list/,2026-09-14,Latest available College Scorecard/IPEDS fields; not represented as 2026-27 outcomes. SAT bounds sum the corresponding official section percentiles; SAT/ACT medians and application fee remain blank unless directly sourced.
vassar-college,LATEST_FEDERAL_AVAILABLE_AS_OF_2026-09-13,,,,17.73,,1435,,1550,33,,35,OPTIONAL,VERIFIED_2026_27_FAIRTEST,,https://collegescorecard.ed.gov/school/?197133,https://www.vassar.edu/news/vassar-makes-test-optional-policy-permanent-applicants,2026-09-14,Latest available College Scorecard/IPEDS fields; not represented as 2026-27 outcomes. SAT bounds sum the corresponding official section percentiles; SAT/ACT medians and application fee remain blank unless directly sourced.
colgate-university,LATEST_FEDERAL_AVAILABLE_AS_OF_2026-09-13,,,,11.95,,1430,,1530,33,,34,OPTIONAL,VERIFIED_2026_27_FAIRTEST,,https://collegescorecard.ed.gov/school/?190099,https://www.colgate.edu/news/stories/colgate-remain-test-optional-through-2026,2026-09-14,Latest available College Scorecard/IPEDS fields; not represented as 2026-27 outcomes. SAT bounds sum the corresponding official section percentiles; SAT/ACT medians and application fee remain blank unless directly sourced.
davidson-college,LATEST_FEDERAL_AVAILABLE_AS_OF_2026-09-13,,,,14.48,,1360,,1510,31,,34,OPTIONAL,VERIFIED_2026_27_FAIRTEST,,https://collegescorecard.ed.gov/school/?198385,https://www.davidson.edu/news/2020/03/30/davidson-college-goes-test-optional-three-year-pilot,2026-09-14,Latest available College Scorecard/IPEDS fields; not represented as 2026-27 outcomes. SAT bounds sum the corresponding official section percentiles; SAT/ACT medians and application fee remain blank unless directly sourced.
washington-and-lee-university,LATEST_FEDERAL_AVAILABLE_AS_OF_2026-09-13,,,,17.36,,1410,,1530,32,,35,OPTIONAL,VERIFIED_2026_27_FAIRTEST,,https://collegescorecard.ed.gov/school/?234207,https://www.wlu.edu/admissions/apply/test-optional-policy,2026-09-14,Latest available College Scorecard/IPEDS fields; not represented as 2026-27 outcomes. SAT bounds sum the corresponding official section percentiles; SAT/ACT medians and application fee remain blank unless directly sourced.
colby-college,LATEST_FEDERAL_AVAILABLE_AS_OF_2026-09-13,,,,6.83,,1440,,1550,32,,34,OPTIONAL,VERIFIED_2026_27_FAIRTEST,,https://collegescorecard.ed.gov/school/?161086,https://fairtest.org/test-optional-list/,2026-09-14,Latest available College Scorecard/IPEDS fields; not represented as 2026-27 outcomes. SAT bounds sum the corresponding official section percentiles; SAT/ACT medians and application fee remain blank unless directly sourced.
bates-college,LATEST_FEDERAL_AVAILABLE_AS_OF_2026-09-13,,,,13.02,,1400,,1510,31,,33,OPTIONAL,VERIFIED_2026_27_FAIRTEST,,https://collegescorecard.ed.gov/school/?160977,https://fairtest.org/test-optional-list/,2026-09-14,Latest available College Scorecard/IPEDS fields; not represented as 2026-27 outcomes. SAT bounds sum the corresponding official section percentiles; SAT/ACT medians and application fee remain blank unless directly sourced.
macalester-college,LATEST_FEDERAL_AVAILABLE_AS_OF_2026-09-13,,,,28.21,,1350,,1510,30,,33,OPTIONAL,VERIFIED_2026_27_FAIRTEST,,https://collegescorecard.ed.gov/school/?173902,https://www.macalester.edu/news/2020/04/macalester-college-adopts-test-optional-admissions-policy/,2026-09-14,Latest available College Scorecard/IPEDS fields; not represented as 2026-27 outcomes. SAT bounds sum the corresponding official section percentiles; SAT/ACT medians and application fee remain blank unless directly sourced.
scripps-college,LATEST_FEDERAL_AVAILABLE_AS_OF_2026-09-13,,,,33.94,,1420,,1530,32,,34,OPTIONAL,VERIFIED_2026_27_FAIRTEST,,https://collegescorecard.ed.gov/school/?123165,https://www.scrippscollege.edu/admission/apply/first-year-applicants,2026-09-14,Latest available College Scorecard/IPEDS fields; not represented as 2026-27 outcomes. SAT bounds sum the corresponding official section percentiles; SAT/ACT medians and application fee remain blank unless directly sourced.
bryn-mawr-college,LATEST_FEDERAL_AVAILABLE_AS_OF_2026-09-13,,,,31.06,,1300,,1470,30,,33,OPTIONAL,VERIFIED_2026_27_FAIRTEST,,https://collegescorecard.ed.gov/school/?211273,https://fairtest.org/test-optional-list/,2026-09-14,Latest available College Scorecard/IPEDS fields; not represented as 2026-27 outcomes. SAT bounds sum the corresponding official section percentiles; SAT/ACT medians and application fee remain blank unless directly sourced.
bucknell-university,LATEST_FEDERAL_AVAILABLE_AS_OF_2026-09-13,,,,32.01,,1300,,1450,31,,33,OPTIONAL,VERIFIED_2026_27_FAIRTEST,,https://collegescorecard.ed.gov/school/?211291,https://www.bucknell.edu/admissions-aid/apply-bucknell/undergraduate-admission-requirements,2026-09-14,Latest available College Scorecard/IPEDS fields; not represented as 2026-27 outcomes. SAT bounds sum the corresponding official section percentiles; SAT/ACT medians and application fee remain blank unless directly sourced.
lafayette-college,LATEST_FEDERAL_AVAILABLE_AS_OF_2026-09-13,,,,31.47,,1340,,1490,30,,33,OPTIONAL,VERIFIED_2026_27_FAIRTEST,,https://collegescorecard.ed.gov/school/?213385,https://admissions.lafayette.edu/apply/,2026-09-14,Latest available College Scorecard/IPEDS fields; not represented as 2026-27 outcomes. SAT bounds sum the corresponding official section percentiles; SAT/ACT medians and application fee remain blank unless directly sourced.
college-of-the-holy-cross,LATEST_FEDERAL_AVAILABLE_AS_OF_2026-09-13,,,,21.1,,1250,,1420,28,,32,OPTIONAL,VERIFIED_2026_27_FAIRTEST,,https://collegescorecard.ed.gov/school/?166124,https://fairtest.org/test-optional-list/,2026-09-14,Latest available College Scorecard/IPEDS fields; not represented as 2026-27 outcomes. SAT bounds sum the corresponding official section percentiles; SAT/ACT medians and application fee remain blank unless directly sourced.
university-of-richmond,LATEST_FEDERAL_AVAILABLE_AS_OF_2026-09-13,,,,23.31,,1410,,1530,32,,34,OPTIONAL,VERIFIED_2026_27_FAIRTEST,,https://collegescorecard.ed.gov/school/?233374,https://www.admissions.richmond.edu/process/index.html,2026-09-14,Latest available College Scorecard/IPEDS fields; not represented as 2026-27 outcomes. SAT bounds sum the corresponding official section percentiles; SAT/ACT medians and application fee remain blank unless directly sourced.
denison-university,LATEST_FEDERAL_AVAILABLE_AS_OF_2026-09-13,,,,16.93,,1300,,1470,29,,32,OPTIONAL,VERIFIED_2026_27_FAIRTEST,,https://collegescorecard.ed.gov/school/?202523,https://fairtest.org/test-optional-list/,2026-09-14,Latest available College Scorecard/IPEDS fields; not represented as 2026-27 outcomes. SAT bounds sum the corresponding official section percentiles; SAT/ACT medians and application fee remain blank unless directly sourced.
kenyon-college,LATEST_FEDERAL_AVAILABLE_AS_OF_2026-09-13,,,,30.71,,1360,,1500,31,,34,OPTIONAL,VERIFIED_2026_27_FAIRTEST,,https://collegescorecard.ed.gov/school/?203535,https://www.kenyon.edu/admissions-aid/apply-to-kenyon/standardized-testing-policy/,2026-09-14,Latest available College Scorecard/IPEDS fields; not represented as 2026-27 outcomes. SAT bounds sum the corresponding official section percentiles; SAT/ACT medians and application fee remain blank unless directly sourced.
occidental-college,LATEST_FEDERAL_AVAILABLE_AS_OF_2026-09-13,,,,39.89,,1360,,1500,31,,34,OPTIONAL,VERIFIED_2026_27_FAIRTEST,,https://collegescorecard.ed.gov/school/?120254,https://www.oxy.edu/admission-aid/apply/fall-2021-application-process,2026-09-14,Latest available College Scorecard/IPEDS fields; not represented as 2026-27 outcomes. SAT bounds sum the corresponding official section percentiles; SAT/ACT medians and application fee remain blank unless directly sourced.
skidmore-college,LATEST_FEDERAL_AVAILABLE_AS_OF_2026-09-13,,,,22.92,,1300,,1460,30,,33,OPTIONAL,VERIFIED_2026_27_FAIRTEST,,https://collegescorecard.ed.gov/school/?195526,https://catalog.skidmore.edu/admission,2026-09-14,Latest available College Scorecard/IPEDS fields; not represented as 2026-27 outcomes. SAT bounds sum the corresponding official section percentiles; SAT/ACT medians and application fee remain blank unless directly sourced.
trinity-college,LATEST_FEDERAL_AVAILABLE_AS_OF_2026-09-13,,,,33.52,,1310,,1460,30,,33,OPTIONAL,VERIFIED_2026_27_FAIRTEST,,https://collegescorecard.ed.gov/school/?130590,https://www.trincoll.edu/admissions/undergraduate-admissions/faq/,2026-09-14,Latest available College Scorecard/IPEDS fields; not represented as 2026-27 outcomes. SAT bounds sum the corresponding official section percentiles; SAT/ACT medians and application fee remain blank unless directly sourced.
connecticut-college,LATEST_FEDERAL_AVAILABLE_AS_OF_2026-09-13,,,,38.28,,1340,,1470,31,,33,OPTIONAL,VERIFIED_2026_27_FAIRTEST,,https://collegescorecard.ed.gov/school/?128902,https://fairtest.org/test-optional-list/,2026-09-14,Latest available College Scorecard/IPEDS fields; not represented as 2026-27 outcomes. SAT bounds sum the corresponding official section percentiles; SAT/ACT medians and application fee remain blank unless directly sourced.
oberlin-college,LATEST_FEDERAL_AVAILABLE_AS_OF_2026-09-13,,,,32.98,,1370,,1510,30,,33,OPTIONAL,VERIFIED_2026_27_FAIRTEST,,https://collegescorecard.ed.gov/school/?204501,https://www.oberlin.edu/admissions-and-aid/arts-and-sciences/testing-policy,2026-09-14,Latest available College Scorecard/IPEDS fields; not represented as 2026-27 outcomes. SAT bounds sum the corresponding official section percentiles; SAT/ACT medians and application fee remain blank unless directly sourced.
pitzer-college,LATEST_FEDERAL_AVAILABLE_AS_OF_2026-09-13,,,,16.66,,,,,,,,BLIND,VERIFIED_2026_27_FAIRTEST,,https://collegescorecard.ed.gov/school/?121257,https://www.pitzer.edu/admission/admission/apply/first-year-applicants/,2026-09-14,Latest available College Scorecard/IPEDS fields; not represented as 2026-27 outcomes. SAT bounds sum the corresponding official section percentiles; SAT/ACT medians and application fee remain blank unless directly sourced.
colorado-college,LATEST_FEDERAL_AVAILABLE_AS_OF_2026-09-13,,,,20.03,,1365,,1520,31,,34,OPTIONAL,VERIFIED_2026_27_FAIRTEST,,https://collegescorecard.ed.gov/school/?126678,https://fairtest.org/test-optional-list/,2026-09-14,Latest available College Scorecard/IPEDS fields; not represented as 2026-27 outcomes. SAT bounds sum the corresponding official section percentiles; SAT/ACT medians and application fee remain blank unless directly sourced.
rhodes-college,LATEST_FEDERAL_AVAILABLE_AS_OF_2026-09-13,,,,49.68,,1290,,1490,28,,33,OPTIONAL,VERIFIED_2026_27_FAIRTEST,,https://collegescorecard.ed.gov/school/?221351,https://www.rhodes.edu/admission-aid/apply-rhodes/test-optional-faqs,2026-09-14,Latest available College Scorecard/IPEDS fields; not represented as 2026-27 outcomes. SAT bounds sum the corresponding official section percentiles; SAT/ACT medians and application fee remain blank unless directly sourced.
sewanee-the-university-of-the-south,LATEST_FEDERAL_AVAILABLE_AS_OF_2026-09-13,,,,50.9,,1236,,1398,27,,32,OPTIONAL,VERIFIED_2026_27_FAIRTEST,,https://collegescorecard.ed.gov/school/?221519,https://new.sewanee.edu/admission-aid/application-process/application-review/,2026-09-14,Latest available College Scorecard/IPEDS fields; not represented as 2026-27 outcomes. SAT bounds sum the corresponding official section percentiles; SAT/ACT medians and application fee remain blank unless directly sourced.
furman-university,LATEST_FEDERAL_AVAILABLE_AS_OF_2026-09-13,,,,52.57,,1260,,1425,28,,32,OPTIONAL,VERIFIED_2026_27_FAIRTEST,,https://collegescorecard.ed.gov/school/?218070,https://fairtest.org/test-optional-list/,2026-09-14,Latest available College Scorecard/IPEDS fields; not represented as 2026-27 outcomes. SAT bounds sum the corresponding official section percentiles; SAT/ACT medians and application fee remain blank unless directly sourced.
whitman-college,LATEST_FEDERAL_AVAILABLE_AS_OF_2026-09-13,,,,49.99,,1270,,1480,27,,33,OPTIONAL,VERIFIED_2026_27_FAIRTEST,,https://collegescorecard.ed.gov/school/?237057,"https://www.whitman.edu/admission-and-aid/applying-to-whitman/testing-policy#:~:text=Whitman%20College%20is%20test%2Doptional,part%20of%20the%20admission%20process.",2026-09-14,Latest available College Scorecard/IPEDS fields; not represented as 2026-27 outcomes. SAT bounds sum the corresponding official section percentiles; SAT/ACT medians and application fee remain blank unless directly sourced.
franklin-and-marshall-college,LATEST_FEDERAL_AVAILABLE_AS_OF_2026-09-13,,,,31.83,,1298,,1460,29,,32,OPTIONAL,VERIFIED_2026_27_FAIRTEST,,https://collegescorecard.ed.gov/school/?212577,https://www.fandm.edu/admission/apply/standardized-test-option,2026-09-14,Latest available College Scorecard/IPEDS fields; not represented as 2026-27 outcomes. SAT bounds sum the corresponding official section percentiles; SAT/ACT medians and application fee remain blank unless directly sourced.
gettysburg-college,LATEST_FEDERAL_AVAILABLE_AS_OF_2026-09-13,,,,47.51,,1240,,1460,27,,32,OPTIONAL,VERIFIED_2026_27_FAIRTEST,,https://collegescorecard.ed.gov/school/?212674,https://www.gettysburg.edu/admissions-aid/applying-gettysburg/,2026-09-14,Latest available College Scorecard/IPEDS fields; not represented as 2026-27 outcomes. SAT bounds sum the corresponding official section percentiles; SAT/ACT medians and application fee remain blank unless directly sourced.
dickinson-college,LATEST_FEDERAL_AVAILABLE_AS_OF_2026-09-13,,,,43.08,,,,,,,,OPTIONAL,VERIFIED_2026_27_FAIRTEST,,https://collegescorecard.ed.gov/school/?212009,https://www.dickinson.edu/info/20256/apply/996/standardized_testing_information,2026-09-14,Latest available College Scorecard/IPEDS fields; not represented as 2026-27 outcomes. SAT bounds sum the corresponding official section percentiles; SAT/ACT medians and application fee remain blank unless directly sourced.
depauw-university,LATEST_FEDERAL_AVAILABLE_AS_OF_2026-09-13,,,,54.06,,1140,,1430,26,,31,OPTIONAL,VERIFIED_2026_27_FAIRTEST,,https://collegescorecard.ed.gov/school/?150400,https://www.depauw.edu/admission-aid/apply/first-year-applicants/test-optional-faqs/,2026-09-14,Latest available College Scorecard/IPEDS fields; not represented as 2026-27 outcomes. SAT bounds sum the corresponding official section percentiles; SAT/ACT medians and application fee remain blank unless directly sourced.
college-of-wooster,LATEST_FEDERAL_AVAILABLE_AS_OF_2026-09-13,,,,54.32,,1250,,1450,27,,32,OPTIONAL,VERIFIED_2026_27_FAIRTEST,,https://collegescorecard.ed.gov/school/?206589,"https://wooster.edu/admissions/apply/requirements/#:~:text=ACT%20or%20SAT%20scores.,for%20the%20College%20Scholar%20Award.)",2026-09-14,Latest available College Scorecard/IPEDS fields; not represented as 2026-27 outcomes. SAT bounds sum the corresponding official section percentiles; SAT/ACT medians and application fee remain blank unless directly sourced.
lawrence-university,LATEST_FEDERAL_AVAILABLE_AS_OF_2026-09-13,,,,63.03,,1200,,1430,27,,32,OPTIONAL,VERIFIED_2026_27_FAIRTEST,,https://collegescorecard.ed.gov/school/?239017,http://www.lawrence.edu/admissions,2026-09-14,Latest available College Scorecard/IPEDS fields; not represented as 2026-27 outcomes. SAT bounds sum the corresponding official section percentiles; SAT/ACT medians and application fee remain blank unless directly sourced.
kalamazoo-college,LATEST_FEDERAL_AVAILABLE_AS_OF_2026-09-13,,,,76.23,,1188,,1373,,,,OPTIONAL,VERIFIED_2026_27_FAIRTEST,,https://collegescorecard.ed.gov/school/?170532,https://fairtest.org/test-optional-list/,2026-09-14,Latest available College Scorecard/IPEDS fields; not represented as 2026-27 outcomes. SAT bounds sum the corresponding official section percentiles; SAT/ACT medians and application fee remain blank unless directly sourced.
st-olaf-college,LATEST_FEDERAL_AVAILABLE_AS_OF_2026-09-13,,,,52.15,,1260,,1470,28,,32,OPTIONAL,VERIFIED_2026_27_FAIRTEST,,https://collegescorecard.ed.gov/school/?174844,https://wp.stolaf.edu/news/st-olaf-goes-test-optional-for-admissions,2026-09-14,Latest available College Scorecard/IPEDS fields; not represented as 2026-27 outcomes. SAT bounds sum the corresponding official section percentiles; SAT/ACT medians and application fee remain blank unless directly sourced.
gustavus-adolphus-college,LATEST_FEDERAL_AVAILABLE_AS_OF_2026-09-13,,,,61.8,,,,,25,,31,OPTIONAL,VERIFIED_2026_27_FAIRTEST,,https://collegescorecard.ed.gov/school/?173647,https://gustavus.edu/search/?q=test+policy+for+international+student,2026-09-14,Latest available College Scorecard/IPEDS fields; not represented as 2026-27 outcomes. SAT bounds sum the corresponding official section percentiles; SAT/ACT medians and application fee remain blank unless directly sourced.
union-college,LATEST_FEDERAL_AVAILABLE_AS_OF_2026-09-13,,,,43.79,,1310,,1480,30,,33,OPTIONAL,VERIFIED_2026_27_FAIRTEST,,https://collegescorecard.ed.gov/school/?196866,https://www.union.edu/admissions/apply/test-policy,2026-09-14,Latest available College Scorecard/IPEDS fields; not represented as 2026-27 outcomes. SAT bounds sum the corresponding official section percentiles; SAT/ACT medians and application fee remain blank unless directly sourced.
reed-college,LATEST_FEDERAL_AVAILABLE_AS_OF_2026-09-13,,,,27.16,,1300,,1510,29,,34,BLIND,VERIFIED_2026_27_FAIRTEST,,https://collegescorecard.ed.gov/school/?209922,https://www.reed.edu/ir/cds/cds2425/CDS_secC_202425.pdf,2026-09-14,Latest available College Scorecard/IPEDS fields; not represented as 2026-27 outcomes. SAT bounds sum the corresponding official section percentiles; SAT/ACT medians and application fee remain blank unless directly sourced.
mount-holyoke-college,LATEST_FEDERAL_AVAILABLE_AS_OF_2026-09-13,,,,38.29,,1350,,1500,31,,33,OPTIONAL,VERIFIED_2026_27_FAIRTEST,,https://collegescorecard.ed.gov/school/?166939,https://www.mtholyoke.edu/admission/apply-undergraduate-first-year/standardized-testing-policies,2026-09-14,Latest available College Scorecard/IPEDS fields; not represented as 2026-27 outcomes. SAT bounds sum the corresponding official section percentiles; SAT/ACT medians and application fee remain blank unless directly sourced.
spelman-college,LATEST_FEDERAL_AVAILABLE_AS_OF_2026-09-13,,,,34.09,,1060,,1270,21,,27,OPTIONAL,VERIFIED_2026_27_FAIRTEST,,https://collegescorecard.ed.gov/school/?141060,https://www.spelman.edu/admissions/applying-to-spelman/test-optional-admissions-policy.html,2026-09-14,Latest available College Scorecard/IPEDS fields; not represented as 2026-27 outcomes. SAT bounds sum the corresponding official section percentiles; SAT/ACT medians and application fee remain blank unless directly sourced.
morehouse-college,LATEST_FEDERAL_AVAILABLE_AS_OF_2026-09-13,,,,51.39,,,,,19,,23,OPTIONAL,VERIFIED_2026_27_FAIRTEST,,https://collegescorecard.ed.gov/school/?140553,https://morehouse.edu/info-for-counselors,2026-09-14,Latest available College Scorecard/IPEDS fields; not represented as 2026-27 outcomes. SAT bounds sum the corresponding official section percentiles; SAT/ACT medians and application fee remain blank unless directly sourced.
sarah-lawrence-college,LATEST_FEDERAL_AVAILABLE_AS_OF_2026-09-13,,,,58.93,,1270,,1440,29,,33,OPTIONAL,VERIFIED_2026_27_FAIRTEST,,https://collegescorecard.ed.gov/school/?195304,https://fairtest.org/test-optional-list/,2026-09-14,Latest available College Scorecard/IPEDS fields; not represented as 2026-27 outcomes. SAT bounds sum the corresponding official section percentiles; SAT/ACT medians and application fee remain blank unless directly sourced.
bard-college,LATEST_FEDERAL_AVAILABLE_AS_OF_2026-09-13,,,,52.29,,1290,,1440,30,,32,OPTIONAL,VERIFIED_2026_27_FAIRTEST,,https://collegescorecard.ed.gov/school/?189088,https://fairtest.org/test-optional-list/,2026-09-14,Latest available College Scorecard/IPEDS fields; not represented as 2026-27 outcomes. SAT bounds sum the corresponding official section percentiles; SAT/ACT medians and application fee remain blank unless directly sourced.
centre-college,LATEST_FEDERAL_AVAILABLE_AS_OF_2026-09-13,,,,54.34,,1230,,1423,26,,32,OPTIONAL,VERIFIED_2026_27_FAIRTEST,,https://collegescorecard.ed.gov/school/?156408,https://www.centre.edu/news/centre-test-optional-policy-college-admission,2026-09-14,Latest available College Scorecard/IPEDS fields; not represented as 2026-27 outcomes. SAT bounds sum the corresponding official section percentiles; SAT/ACT medians and application fee remain blank unless directly sourced.
berea-college,LATEST_FEDERAL_AVAILABLE_AS_OF_2026-09-13,,,,32.71,,1156,,1335,24,,27,OPTIONAL,VERIFIED_2026_27_FAIRTEST,,https://collegescorecard.ed.gov/school/?156295,https://www.berea.edu/admissions/admission-requirements,2026-09-14,Latest available College Scorecard/IPEDS fields; not represented as 2026-27 outcomes. SAT bounds sum the corresponding official section percentiles; SAT/ACT medians and application fee remain blank unless directly sourced.
trinity-university,LATEST_FEDERAL_AVAILABLE_AS_OF_2026-09-13,,,,28.16,,1320,,1465,30,,33,OPTIONAL,VERIFIED_2026_27_FAIRTEST,,https://collegescorecard.ed.gov/school/?229267,https://trinity.edu/admissions-aid/why-trinity,2026-09-14,Latest available College Scorecard/IPEDS fields; not represented as 2026-27 outcomes. SAT bounds sum the corresponding official section percentiles; SAT/ACT medians and application fee remain blank unless directly sourced.
babson-college,LATEST_FEDERAL_AVAILABLE_AS_OF_2026-09-13,,,,19.74,,1380,,1500,30,,33,OPTIONAL,VERIFIED_2026_27_FAIRTEST,,https://collegescorecard.ed.gov/school/?164580,https://www.babson.edu/undergraduate/admission/how-to-apply/standardized-testing/,2026-09-14,Latest available College Scorecard/IPEDS fields; not represented as 2026-27 outcomes. SAT bounds sum the corresponding official section percentiles; SAT/ACT medians and application fee remain blank unless directly sourced.
bentley-university,LATEST_FEDERAL_AVAILABLE_AS_OF_2026-09-13,,,,48.44,,1250,,1410,29,,32,OPTIONAL,VERIFIED_2026_27_FAIRTEST,,https://collegescorecard.ed.gov/school/?164739,https://www.bentley.edu/undergraduate/apply/first-year-applicant,2026-09-14,Latest available College Scorecard/IPEDS fields; not represented as 2026-27 outcomes. SAT bounds sum the corresponding official section percentiles; SAT/ACT medians and application fee remain blank unless directly sourced.
franklin-w-olin-college-of-engineering,LATEST_FEDERAL_AVAILABLE_AS_OF_2026-09-13,,,,21.66,,1480,,1560,34,,35,OPTIONAL,VERIFIED_2026_27_FAIRTEST,,https://collegescorecard.ed.gov/school/?441982,https://www.olin.edu/admission/apply/admission-process,2026-09-14,Latest available College Scorecard/IPEDS fields; not represented as 2026-27 outcomes. SAT bounds sum the corresponding official section percentiles; SAT/ACT medians and application fee remain blank unless directly sourced.
the-cooper-union,LATEST_FEDERAL_AVAILABLE_AS_OF_2026-09-13,,,,19.05,,1400,,1520,33,,34,OPTIONAL,VERIFIED_2026_27_FAIRTEST,,https://collegescorecard.ed.gov/school/?190372,https://cooper.edu/admissions/standardized-test-requirements,2026-09-14,Latest available College Scorecard/IPEDS fields; not represented as 2026-27 outcomes. SAT bounds sum the corresponding official section percentiles; SAT/ACT medians and application fee remain blank unless directly sourced.
rose-hulman-institute-of-technology,LATEST_FEDERAL_AVAILABLE_AS_OF_2026-09-13,,,,72.81,,1280,,1470,29,,34,OPTIONAL,VERIFIED_2026_27_FAIRTEST,,https://collegescorecard.ed.gov/school/?152318,https://www.rose-hulman.edu/admissions-and-aid/the-application-process/application-and-deadlines/application-evaluation-criteria.html,2026-09-14,Latest available College Scorecard/IPEDS fields; not represented as 2026-27 outcomes. SAT bounds sum the corresponding official section percentiles; SAT/ACT medians and application fee remain blank unless directly sourced.
rhode-island-school-of-design,LATEST_FEDERAL_AVAILABLE_AS_OF_2026-09-13,,,,13.81,,1370,,1540,30,,33,OPTIONAL,VERIFIED_2026_27_FAIRTEST,,https://collegescorecard.ed.gov/school/?217493,https://fairtest.org/test-optional-list/,2026-09-14,Latest available College Scorecard/IPEDS fields; not represented as 2026-27 outcomes. SAT bounds sum the corresponding official section percentiles; SAT/ACT medians and application fee remain blank unless directly sourced.
berklee-college-of-music,LATEST_FEDERAL_AVAILABLE_AS_OF_2026-09-13,,,,49.91,,,,,,,,OPTIONAL,VERIFIED_2026_27_FAIRTEST,,https://collegescorecard.ed.gov/school/?164748,https://fairtest.org/test-optional-list/,2026-09-14,Latest available College Scorecard/IPEDS fields; not represented as 2026-27 outcomes. SAT bounds sum the corresponding official section percentiles; SAT/ACT medians and application fee remain blank unless directly sourced.
the-juilliard-school,LATEST_FEDERAL_AVAILABLE_AS_OF_2026-09-13,,,,8.96,,,,,,,,OPTIONAL,VERIFIED_2026_27_FAIRTEST,,https://collegescorecard.ed.gov/school/?192110,https://fairtest.org/test-optional-list/,2026-09-14,Latest available College Scorecard/IPEDS fields; not represented as 2026-27 outcomes. SAT bounds sum the corresponding official section percentiles; SAT/ACT medians and application fee remain blank unless directly sourced.
school-of-the-art-institute-of-chicago,LATEST_FEDERAL_AVAILABLE_AS_OF_2026-09-13,,,,76.42,,,,,,,,OPTIONAL,VERIFIED_2026_27_FAIRTEST,,https://collegescorecard.ed.gov/school/?143048,https://www.saic.edu/admissions/freshmen/how-to-apply,2026-09-14,Latest available College Scorecard/IPEDS fields; not represented as 2026-27 outcomes. SAT bounds sum the corresponding official section percentiles; SAT/ACT medians and application fee remain blank unless directly sourced.
howard-university,LATEST_FEDERAL_AVAILABLE_AS_OF_2026-09-13,,,,34.89,,1100,,1298,22,,28,OPTIONAL,VERIFIED_2026_27_FAIRTEST,,https://collegescorecard.ed.gov/school/?131520,https://admission.howard.edu/undergraduate/admission-policy,2026-09-14,Latest available College Scorecard/IPEDS fields; not represented as 2026-27 outcomes. SAT bounds sum the corresponding official section percentiles; SAT/ACT medians and application fee remain blank unless directly sourced.
loyola-university-chicago,LATEST_FEDERAL_AVAILABLE_AS_OF_2026-09-13,,,,81.39,,1160,,1340,27,,31,OPTIONAL,VERIFIED_2026_27_FAIRTEST,,https://collegescorecard.ed.gov/school/?146719,https://www.luc.edu/undergrad/apply/freshman/requirements/,2026-09-14,Latest available College Scorecard/IPEDS fields; not represented as 2026-27 outcomes. SAT bounds sum the corresponding official section percentiles; SAT/ACT medians and application fee remain blank unless directly sourced.
marquette-university,LATEST_FEDERAL_AVAILABLE_AS_OF_2026-09-13,,,,87.44,,1190,,1360,26,,31,OPTIONAL,VERIFIED_2026_27_FAIRTEST,,https://collegescorecard.ed.gov/school/?239105,https://fairtest.org/test-optional-list/,2026-09-14,Latest available College Scorecard/IPEDS fields; not represented as 2026-27 outcomes. SAT bounds sum the corresponding official section percentiles; SAT/ACT medians and application fee remain blank unless directly sourced.
samford-university,LATEST_FEDERAL_AVAILABLE_AS_OF_2026-09-13,,,,82.23,,1070,,1260,23,,29,OPTIONAL,VERIFIED_2026_27_FAIRTEST,,https://collegescorecard.ed.gov/school/?102049,https://www.samford.edu/admission/apply,2026-09-14,Latest available College Scorecard/IPEDS fields; not represented as 2026-27 outcomes. SAT bounds sum the corresponding official section percentiles; SAT/ACT medians and application fee remain blank unless directly sourced.
