slug,display_name,official_name,ipeds_id,country_code,state_region,city,institution_type,selection_group,application_platform_primary,application_platforms,official_website,common_app_member,active,identity_confidence,identity_source_url,research_as_of
princeton-university,Princeton University,Princeton University,186131,US,NJ,Princeton,PRIVATE_NONPROFIT,National University,COMMON_APP,COMMON_APP,https://www.princeton.edu,true,true,HIGH,https://collegescorecard.ed.gov/school/?186131,2026-09-14
massachusetts-institute-of-technology,Massachusetts Institute of Technology,Massachusetts Institute of Technology,166683,US,MA,Cambridge,PRIVATE_NONPROFIT,National University,INSTITUTIONAL,INSTITUTIONAL,https://www.mit.edu,false,true,HIGH,https://collegescorecard.ed.gov/school/?166683,2026-09-14
harvard-university,Harvard University,Harvard University,166027,US,MA,Cambridge,PRIVATE_NONPROFIT,National University,COMMON_APP,COMMON_APP,https://www.harvard.edu,true,true,HIGH,https://collegescorecard.ed.gov/school/?166027,2026-09-14
stanford-university,Stanford University,Stanford University,243744,US,CA,Stanford,PRIVATE_NONPROFIT,National University,COMMON_APP,COMMON_APP,https://www.stanford.edu,true,true,HIGH,https://collegescorecard.ed.gov/school/?243744,2026-09-14
yale-university,Yale University,Yale University,130794,US,CT,New Haven,PRIVATE_NONPROFIT,National University,COMMON_APP,COMMON_APP,https://www.yale.edu,true,true,HIGH,https://collegescorecard.ed.gov/school/?130794,2026-09-14
university-of-pennsylvania,University of Pennsylvania,University of Pennsylvania,215062,US,PA,Philadelphia,PRIVATE_NONPROFIT,National University,COMMON_APP,COMMON_APP,https://www.upenn.edu,true,true,HIGH,https://collegescorecard.ed.gov/school/?215062,2026-09-14
california-institute-of-technology,California Institute of Technology,California Institute of Technology,110404,US,CA,Pasadena,PRIVATE_NONPROFIT,National University,COMMON_APP,COMMON_APP,https://www.caltech.edu,true,true,HIGH,https://collegescorecard.ed.gov/school/?110404,2026-09-14
duke-university,Duke University,Duke University,198419,US,NC,Durham,PRIVATE_NONPROFIT,National University,COMMON_APP,COMMON_APP,https://duke.edu,true,true,HIGH,https://collegescorecard.ed.gov/school/?198419,2026-09-14
brown-university,Brown University,Brown University,217156,US,RI,Providence,PRIVATE_NONPROFIT,National University,COMMON_APP,COMMON_APP,https://www.brown.edu,true,true,HIGH,https://collegescorecard.ed.gov/school/?217156,2026-09-14
johns-hopkins-university,Johns Hopkins University,Johns Hopkins University,162928,US,MD,Baltimore,PRIVATE_NONPROFIT,National University,COMMON_APP,COMMON_APP,,true,true,HIGH,https://collegescorecard.ed.gov/school/?162928,2026-09-14
northwestern-university,Northwestern University,Northwestern University,147767,US,IL,Evanston,PRIVATE_NONPROFIT,National University,COMMON_APP,COMMON_APP,https://www.northwestern.edu,true,true,HIGH,https://collegescorecard.ed.gov/school/?147767,2026-09-14
columbia-university,Columbia University in the City of New York,Columbia University in the City of New York,190150,US,NY,New York,PRIVATE_NONPROFIT,National University,COMMON_APP,COMMON_APP,https://www.columbia.edu,true,true,HIGH,https://collegescorecard.ed.gov/school/?190150,2026-09-14
cornell-university,Cornell University,Cornell University,190415,US,NY,Ithaca,PRIVATE_NONPROFIT,National University,COMMON_APP,COMMON_APP,,true,true,HIGH,https://collegescorecard.ed.gov/school/?190415,2026-09-14
university-of-chicago,University of Chicago,University of Chicago,144050,US,IL,Chicago,PRIVATE_NONPROFIT,National University,COMMON_APP,COMMON_APP,,true,true,HIGH,https://collegescorecard.ed.gov/school/?144050,2026-09-14
university-of-california-berkeley,University of California-Berkeley,University of California-Berkeley,110635,US,CA,Berkeley,PUBLIC,National University,UC_APPLICATION,UC_APPLICATION,,false,true,HIGH,https://collegescorecard.ed.gov/school/?110635,2026-09-14
university-of-california-los-angeles,University of California-Los Angeles,University of California-Los Angeles,110662,US,CA,Los Angeles,PUBLIC,National University,UC_APPLICATION,UC_APPLICATION,,false,true,HIGH,https://collegescorecard.ed.gov/school/?110662,2026-09-14
rice-university,Rice University,Rice University,227757,US,TX,Houston,PRIVATE_NONPROFIT,National University,COMMON_APP,COMMON_APP,,true,true,HIGH,https://collegescorecard.ed.gov/school/?227757,2026-09-14
dartmouth-college,Dartmouth College,Dartmouth College,182670,US,NH,Hanover,PRIVATE_NONPROFIT,National University,COMMON_APP,COMMON_APP,https://home.dartmouth.edu,true,true,HIGH,https://collegescorecard.ed.gov/school/?182670,2026-09-14
vanderbilt-university,Vanderbilt University,Vanderbilt University,221999,US,TN,Nashville,PRIVATE_NONPROFIT,National University,COMMON_APP,COMMON_APP,,true,true,HIGH,https://collegescorecard.ed.gov/school/?221999,2026-09-14
university-of-notre-dame,University of Notre Dame,University of Notre Dame,152080,US,IN,Notre Dame,PRIVATE_NONPROFIT,National University,COMMON_APP,COMMON_APP,,true,true,HIGH,https://collegescorecard.ed.gov/school/?152080,2026-09-14
university-of-michiganann-arbor,University of Michigan-Ann Arbor,University of Michigan-Ann Arbor,170976,US,MI,Ann Arbor,PUBLIC,National University,COMMON_APP,COMMON_APP,,true,true,HIGH,https://collegescorecard.ed.gov/school/?170976,2026-09-14
georgetown-university,Georgetown University,Georgetown University,131496,US,DC,Washington,PRIVATE_NONPROFIT,National University,INSTITUTIONAL,INSTITUTIONAL,,false,true,HIGH,https://collegescorecard.ed.gov/school/?131496,2026-09-14
university-of-virginia,University of Virginia-Main Campus,University of Virginia-Main Campus,234076,US,VA,Charlottesville,PUBLIC,National University,COMMON_APP,COMMON_APP,,true,true,MEDIUM,https://collegescorecard.ed.gov/school/?234076,2026-09-14
washington-university-in-st-louis,Washington University in St Louis,Washington University in St Louis,179867,US,MO,Saint Louis,PRIVATE_NONPROFIT,National University,COMMON_APP,COMMON_APP,,true,true,HIGH,https://collegescorecard.ed.gov/school/?179867,2026-09-14
carnegie-mellon-university,Carnegie Mellon University,Carnegie Mellon University,211440,US,PA,Pittsburgh,PRIVATE_NONPROFIT,National University,COMMON_APP,COMMON_APP,,true,true,HIGH,https://collegescorecard.ed.gov/school/?211440,2026-09-14
emory-university,Emory University,Emory University,139658,US,GA,Atlanta,PRIVATE_NONPROFIT,National University,COMMON_APP,COMMON_APP,,true,true,HIGH,https://collegescorecard.ed.gov/school/?139658,2026-09-14
university-of-southern-california,University of Southern California,University of Southern California,123961,US,CA,Los Angeles,PRIVATE_NONPROFIT,National University,COMMON_APP,COMMON_APP,,true,true,HIGH,https://collegescorecard.ed.gov/school/?123961,2026-09-14
university-of-california-san-diego,University of California-San Diego,University of California-San Diego,110680,US,CA,La Jolla,PUBLIC,National University,UC_APPLICATION,UC_APPLICATION,,false,true,HIGH,https://collegescorecard.ed.gov/school/?110680,2026-09-14
university-of-florida,University of Florida,University of Florida,134130,US,FL,Gainesville,PUBLIC,National University,COMMON_APP,COMMON_APP,,true,true,HIGH,https://collegescorecard.ed.gov/school/?134130,2026-09-14
university-of-california-davis,University of California-Davis,University of California-Davis,110644,US,CA,Davis,PUBLIC,National University,UC_APPLICATION,UC_APPLICATION,,false,true,HIGH,https://collegescorecard.ed.gov/school/?110644,2026-09-14
university-of-texas-at-austin,The University of Texas at Austin,The University of Texas at Austin,228778,US,TX,Austin,PUBLIC,National University,COMMON_APP,COMMON_APP;APPLYTEXAS,,true,true,HIGH,https://collegescorecard.ed.gov/school/?228778,2026-09-14
university-of-california-irvine,University of California-Irvine,University of California-Irvine,110653,US,CA,Irvine,PUBLIC,National University,UC_APPLICATION,UC_APPLICATION,,false,true,HIGH,https://collegescorecard.ed.gov/school/?110653,2026-09-14
georgia-institute-of-technology,Georgia Institute of Technology-Main Campus,Georgia Institute of Technology-Main Campus,139755,US,GA,Atlanta,PUBLIC,National University,COMMON_APP,COMMON_APP,,true,true,HIGH,https://collegescorecard.ed.gov/school/?139755,2026-09-14
university-of-california-santa-barbara,University of California-Santa Barbara,University of California-Santa Barbara,110705,US,CA,Santa Barbara,PUBLIC,National University,UC_APPLICATION,UC_APPLICATION,,false,true,HIGH,https://collegescorecard.ed.gov/school/?110705,2026-09-14
university-of-illinois-urbana-champaign,University of Illinois Urbana-Champaign,University of Illinois Urbana-Champaign,145637,US,IL,Champaign,PUBLIC,National University,COMMON_APP,COMMON_APP,,true,true,HIGH,https://collegescorecard.ed.gov/school/?145637,2026-09-14
university-of-wisconsinmadison,University of Wisconsin-Madison,University of Wisconsin-Madison,240444,US,WI,Madison,PUBLIC,National University,COMMON_APP,COMMON_APP,,true,true,HIGH,https://collegescorecard.ed.gov/school/?240444,2026-09-14
new-york-university,New York University,New York University,193900,US,NY,New York,PRIVATE_NONPROFIT,National University,COMMON_APP,COMMON_APP,,true,true,HIGH,https://collegescorecard.ed.gov/school/?193900,2026-09-14
boston-college,Boston College,Boston College,164924,US,MA,Chestnut Hill,PRIVATE_NONPROFIT,National University,COMMON_APP,COMMON_APP,,true,true,HIGH,https://collegescorecard.ed.gov/school/?164924,2026-09-14
university-of-washington,University of Washington-Seattle Campus,University of Washington-Seattle Campus,236948,US,WA,Seattle,PUBLIC,National University,COMMON_APP,COMMON_APP,,true,true,MEDIUM,https://collegescorecard.ed.gov/school/?236948,2026-09-14
tufts-university,Tufts University,Tufts University,168148,US,MA,Medford,PRIVATE_NONPROFIT,National University,COMMON_APP,COMMON_APP,,true,true,HIGH,https://collegescorecard.ed.gov/school/?168148,2026-09-14
rutgers-universitynew-brunswick,Rutgers University-New Brunswick,Rutgers University-New Brunswick,186380,US,NJ,New Brunswick,PUBLIC,National University,COMMON_APP,COMMON_APP,,true,true,HIGH,https://collegescorecard.ed.gov/school/?186380,2026-09-14
boston-university,Boston University,Boston University,164988,US,MA,Boston,PRIVATE_NONPROFIT,National University,COMMON_APP,COMMON_APP,,true,true,HIGH,https://collegescorecard.ed.gov/school/?164988,2026-09-14
the-ohio-state-university,Ohio State University-Main Campus,Ohio State University-Main Campus,204796,US,OH,Columbus,PUBLIC,National University,COMMON_APP,COMMON_APP,,true,true,MEDIUM,https://collegescorecard.ed.gov/school/?204796,2026-09-14
university-of-maryland-college-park,University of Maryland-College Park,University of Maryland-College Park,163286,US,MD,College Park,PUBLIC,National University,COMMON_APP,COMMON_APP,,true,true,HIGH,https://collegescorecard.ed.gov/school/?163286,2026-09-14
university-of-rochester,University of Rochester,University of Rochester,195030,US,NY,Rochester,PRIVATE_NONPROFIT,National University,COMMON_APP,COMMON_APP,,true,true,HIGH,https://collegescorecard.ed.gov/school/?195030,2026-09-14
purdue-university,Purdue University,Purdue University-Main Campus,243780,US,IN,West Lafayette,PUBLIC,National University,COMMON_APP,COMMON_APP,,true,true,HIGH,https://www.collegedata.fyi/schools/purdue,2026-09-14
university-of-north-carolina-at-chapel-hill,University of North Carolina at Chapel Hill,University of North Carolina at Chapel Hill,199120,US,NC,Chapel Hill,PUBLIC,National University,COMMON_APP,COMMON_APP,,true,true,HIGH,https://collegescorecard.ed.gov/school/?199120,2026-09-14
wake-forest-university,Wake Forest University,Wake Forest University,199847,US,NC,Winston-Salem,PRIVATE_NONPROFIT,National University,COMMON_APP,COMMON_APP,,true,true,HIGH,https://collegescorecard.ed.gov/school/?199847,2026-09-14
virginia-tech,Virginia Polytechnic Institute and State University,Virginia Polytechnic Institute and State University,233921,US,VA,Blacksburg,PUBLIC,National University,COMMON_APP,COMMON_APP,,true,true,HIGH,https://collegescorecard.ed.gov/school/?233921,2026-09-14
texas-a-and-m-university,Texas A&M University,Texas A&M University,228723,US,TX,College Station,PUBLIC,National University,COMMON_APP,COMMON_APP;APPLYTEXAS,,true,true,HIGH,https://www.collegedata.fyi/schools/texas-am,2026-09-14
florida-state-university,Florida State University,Florida State University,134097,US,FL,Tallahassee,PUBLIC,National University,COMMON_APP,COMMON_APP,,true,true,HIGH,https://collegescorecard.ed.gov/school/?134097,2026-09-14
northeastern-university,Northeastern University,Northeastern University,167358,US,MA,Boston,PRIVATE_NONPROFIT,National University,COMMON_APP,COMMON_APP,,true,true,HIGH,https://collegescorecard.ed.gov/school/?167358,2026-09-14
case-western-reserve-university,Case Western Reserve University,Case Western Reserve University,201645,US,OH,Cleveland,PRIVATE_NONPROFIT,National University,COMMON_APP,COMMON_APP,,true,true,HIGH,https://collegescorecard.ed.gov/school/?201645,2026-09-14
tulane-university,Tulane University of Louisiana,Tulane University of Louisiana,160755,US,LA,New Orleans,PRIVATE_NONPROFIT,National University,COMMON_APP,COMMON_APP,,true,true,MEDIUM,https://collegescorecard.ed.gov/school/?160755,2026-09-14
university-of-miami,University of Miami,University of Miami,135726,US,FL,Coral Gables,PRIVATE_NONPROFIT,National University,COMMON_APP,COMMON_APP,,true,true,HIGH,https://collegescorecard.ed.gov/school/?135726,2026-09-14
university-of-georgia,University of Georgia,University of Georgia,139959,US,GA,Athens,PUBLIC,National University,COMMON_APP,COMMON_APP,,true,true,HIGH,https://collegescorecard.ed.gov/school/?139959,2026-09-14
lehigh-university,Lehigh University,Lehigh University,213543,US,PA,Bethlehem,PRIVATE_NONPROFIT,National University,COMMON_APP,COMMON_APP,,true,true,HIGH,https://collegescorecard.ed.gov/school/?213543,2026-09-14
villanova-university,Villanova University,Villanova University,216597,US,PA,Villanova,PRIVATE_NONPROFIT,National University,COMMON_APP,COMMON_APP,,true,true,HIGH,https://collegescorecard.ed.gov/school/?216597,2026-09-14
rensselaer-polytechnic-institute,Rensselaer Polytechnic Institute,Rensselaer Polytechnic Institute,194824,US,NY,Troy,PRIVATE_NONPROFIT,National University,COMMON_APP,COMMON_APP,,true,true,HIGH,https://collegescorecard.ed.gov/school/?194824,2026-09-14
brandeis-university,Brandeis University,Brandeis University,165015,US,MA,Waltham,PRIVATE_NONPROFIT,National University,COMMON_APP,COMMON_APP,,true,true,HIGH,https://collegescorecard.ed.gov/school/?165015,2026-09-14
william-and-mary,William & Mary,William & Mary,231624,US,VA,Williamsburg,PUBLIC,National University,COMMON_APP,COMMON_APP,,true,true,HIGH,https://collegescorecard.ed.gov/school/?231624,2026-09-14
clemson-university,Clemson University,Clemson University,217882,US,SC,Clemson,PUBLIC,National University,COMMON_APP,COMMON_APP,,true,true,HIGH,https://collegescorecard.ed.gov/school/?217882,2026-09-14
southern-methodist-university,Southern Methodist University,Southern Methodist University,228246,US,TX,Dallas,PRIVATE_NONPROFIT,National University,COMMON_APP,COMMON_APP,,true,true,HIGH,https://collegescorecard.ed.gov/school/?228246,2026-09-14
george-washington-university,George Washington University,George Washington University,131469,US,DC,Washington,PRIVATE_NONPROFIT,National University,COMMON_APP,COMMON_APP,,true,true,HIGH,https://collegescorecard.ed.gov/school/?131469,2026-09-14
pennsylvania-state-university,Pennsylvania State University-Main Campus,Pennsylvania State University-Main Campus,214777,US,PA,University Park,PUBLIC,National University,COMMON_APP,COMMON_APP,,true,true,HIGH,https://collegescorecard.ed.gov/school/?214777,2026-09-14
university-of-minnesota-twin-cities,University of Minnesota-Twin Cities,University of Minnesota-Twin Cities,174066,US,MN,Minneapolis,PUBLIC,National University,COMMON_APP,COMMON_APP,,true,true,HIGH,https://collegescorecard.ed.gov/school/?174066,2026-09-14
indiana-university-bloomington,Indiana University-Bloomington,Indiana University-Bloomington,151351,US,IN,Bloomington,PUBLIC,National University,COMMON_APP,COMMON_APP,,true,true,HIGH,https://collegescorecard.ed.gov/school/?151351,2026-09-14
michigan-state-university,Michigan State University,Michigan State University,171100,US,MI,East Lansing,PUBLIC,National University,COMMON_APP,COMMON_APP,,true,true,HIGH,https://collegescorecard.ed.gov/school/?171100,2026-09-14
north-carolina-state-university,North Carolina State University,North Carolina State University at Raleigh,199193,US,NC,Raleigh,PUBLIC,National University,COMMON_APP,COMMON_APP,,true,true,HIGH,https://www.collegedata.fyi/schools/north-carolina-state-university-at-raleigh,2026-09-14
university-of-california-santa-cruz,University of California-Santa Cruz,University of California-Santa Cruz,110714,US,CA,Santa Cruz,PUBLIC,National University,UC_APPLICATION,UC_APPLICATION,,false,true,HIGH,https://collegescorecard.ed.gov/school/?110714,2026-09-14
university-of-california-riverside,University of California-Riverside,University of California-Riverside,110671,US,CA,Riverside,PUBLIC,National University,UC_APPLICATION,UC_APPLICATION,,false,true,HIGH,https://collegescorecard.ed.gov/school/?110671,2026-09-14
university-of-colorado-boulder,University of Colorado Boulder,University of Colorado Boulder,126614,US,CO,Boulder,PUBLIC,National University,COMMON_APP,COMMON_APP,,true,true,HIGH,https://collegescorecard.ed.gov/school/?126614,2026-09-14
university-of-connecticut,University of Connecticut,University of Connecticut,129020,US,CT,Storrs,PUBLIC,National University,COMMON_APP,COMMON_APP,,true,true,HIGH,https://collegescorecard.ed.gov/school/?129020,2026-09-14
university-of-pittsburgh,University of Pittsburgh-Pittsburgh Campus,University of Pittsburgh-Pittsburgh Campus,215293,US,PA,Pittsburgh,PUBLIC,National University,COMMON_APP,COMMON_APP,,true,true,HIGH,https://collegescorecard.ed.gov/school/?215293,2026-09-14
syracuse-university,Syracuse University,Syracuse University,196413,US,NY,Syracuse,PRIVATE_NONPROFIT,National University,COMMON_APP,COMMON_APP,,true,true,HIGH,https://collegescorecard.ed.gov/school/?196413,2026-09-14
american-university,American University,American University,131159,US,DC,Washington,PRIVATE_NONPROFIT,National University,COMMON_APP,COMMON_APP,,true,true,HIGH,https://collegescorecard.ed.gov/school/?131159,2026-09-14
baylor-university,Baylor University,Baylor University,223232,US,TX,Waco,PRIVATE_NONPROFIT,National University,COMMON_APP,COMMON_APP,,true,true,HIGH,https://collegescorecard.ed.gov/school/?223232,2026-09-14
texas-christian-university,Texas Christian University,Texas Christian University,228875,US,TX,Fort Worth,PRIVATE_NONPROFIT,National University,COMMON_APP,COMMON_APP,,true,true,HIGH,https://collegescorecard.ed.gov/school/?228875,2026-09-14
santa-clara-university,Santa Clara University,Santa Clara University,122931,US,CA,Santa Clara,PRIVATE_NONPROFIT,National University,COMMON_APP,COMMON_APP,,true,true,HIGH,https://collegescorecard.ed.gov/school/?122931,2026-09-14
pepperdine-university,Pepperdine University,Pepperdine University,121150,US,CA,Malibu,PRIVATE_NONPROFIT,National University,COMMON_APP,COMMON_APP,,true,true,HIGH,https://collegescorecard.ed.gov/school/?121150,2026-09-14
fordham-university,Fordham University,Fordham University,191241,US,NY,Bronx,PRIVATE_NONPROFIT,National University,COMMON_APP,COMMON_APP,,true,true,HIGH,https://collegescorecard.ed.gov/school/?191241,2026-09-14
stevens-institute-of-technology,Stevens Institute of Technology,Stevens Institute of Technology,186867,US,NJ,Hoboken,PRIVATE_NONPROFIT,National University,COMMON_APP,COMMON_APP,,true,true,HIGH,https://collegescorecard.ed.gov/school/?186867,2026-09-14
worcester-polytechnic-institute,Worcester Polytechnic Institute,Worcester Polytechnic Institute,168421,US,MA,Worcester,PRIVATE_NONPROFIT,National University,COMMON_APP,COMMON_APP,,true,true,HIGH,https://collegescorecard.ed.gov/school/?168421,2026-09-14
drexel-university,Drexel University,Drexel University,212054,US,PA,Philadelphia,PRIVATE_NONPROFIT,National University,COMMON_APP,COMMON_APP,,true,true,HIGH,https://collegescorecard.ed.gov/school/?212054,2026-09-14
rochester-institute-of-technology,Rochester Institute of Technology,Rochester Institute of Technology,195003,US,NY,Rochester,PRIVATE_NONPROFIT,National University,COMMON_APP,COMMON_APP,,true,true,HIGH,https://collegescorecard.ed.gov/school/?195003,2026-09-14
stony-brook-university,Stony Brook University,Stony Brook University,196097,US,NY,Stony Brook,PUBLIC,National University,COMMON_APP,COMMON_APP;SUNY,,true,true,HIGH,https://collegescorecard.ed.gov/school/?196097,2026-09-14
binghamton-university,Binghamton University,Binghamton University,196079,US,NY,Vestal,PUBLIC,National University,COMMON_APP,COMMON_APP;SUNY,,true,true,HIGH,https://collegescorecard.ed.gov/school/?196079,2026-09-14
university-at-buffalo,University at Buffalo,University at Buffalo,196088,US,NY,Buffalo,PUBLIC,National University,COMMON_APP,COMMON_APP;SUNY,,true,true,HIGH,https://collegescorecard.ed.gov/school/?196088,2026-09-14
university-of-delaware,University of Delaware,University of Delaware,130943,US,DE,Newark,PUBLIC,National University,COMMON_APP,COMMON_APP,,true,true,HIGH,https://collegescorecard.ed.gov/school/?130943,2026-09-14
university-of-massachusetts-amherst,University of Massachusetts-Amherst,University of Massachusetts-Amherst,166629,US,MA,Amherst,PUBLIC,National University,COMMON_APP,COMMON_APP,,true,true,HIGH,https://collegescorecard.ed.gov/school/?166629,2026-09-14
university-of-iowa,University of Iowa,University of Iowa,153658,US,IA,Iowa City,PUBLIC,National University,COMMON_APP,COMMON_APP,,true,true,HIGH,https://collegescorecard.ed.gov/school/?153658,2026-09-14
university-of-arizona,University of Arizona,University of Arizona,104179,US,AZ,Tucson,PUBLIC,National University,COMMON_APP,COMMON_APP,,true,true,HIGH,https://collegescorecard.ed.gov/school/?104179,2026-09-14
arizona-state-university,Arizona State University,Arizona State University Campus Immersion,104151,US,AZ,Tempe,PUBLIC,National University,COMMON_APP,COMMON_APP,,true,true,HIGH,https://www.collegedata.fyi/schools/arizona-state-university-campus-immersion,2026-09-14
university-of-oregon,University of Oregon,University of Oregon,209551,US,OR,Eugene,PUBLIC,National University,COMMON_APP,COMMON_APP,,true,true,HIGH,https://collegescorecard.ed.gov/school/?209551,2026-09-14
oregon-state-university,Oregon State University,Oregon State University,209542,US,OR,Corvallis,PUBLIC,National University,COMMON_APP,COMMON_APP,,true,true,HIGH,https://collegescorecard.ed.gov/school/?209542,2026-09-14
university-of-utah,University of Utah,University of Utah,230764,US,UT,Salt Lake City,PUBLIC,National University,COMMON_APP,COMMON_APP,,true,true,HIGH,https://collegescorecard.ed.gov/school/?230764,2026-09-14
brigham-young-university,Brigham Young University,Brigham Young University,230038,US,UT,Provo,PRIVATE_NONPROFIT,National University,INSTITUTIONAL,INSTITUTIONAL,,false,true,HIGH,https://collegescorecard.ed.gov/school/?230038,2026-09-14
colorado-school-of-mines,Colorado School of Mines,Colorado School of Mines,126775,US,CO,Golden,PUBLIC,National University,COMMON_APP,COMMON_APP,,true,true,HIGH,https://collegescorecard.ed.gov/school/?126775,2026-09-14
auburn-university,Auburn University,Auburn University,100858,US,AL,Auburn,PUBLIC,National University,COMMON_APP,COMMON_APP,,true,true,HIGH,https://collegescorecard.ed.gov/school/?100858,2026-09-14
university-of-tennessee-knoxville,The University of Tennessee-Knoxville,The University of Tennessee-Knoxville,221759,US,TN,Knoxville,PUBLIC,National University,COMMON_APP,COMMON_APP,,true,true,HIGH,https://collegescorecard.ed.gov/school/?221759,2026-09-14
university-of-alabama,The University of Alabama,The University of Alabama,100751,US,AL,Tuscaloosa,PUBLIC,National University,COMMON_APP,COMMON_APP,,true,true,HIGH,https://collegescorecard.ed.gov/school/?100751,2026-09-14
university-of-kentucky,University of Kentucky,University of Kentucky,157085,US,KY,Lexington,PUBLIC,National University,COMMON_APP,COMMON_APP,,true,true,HIGH,https://collegescorecard.ed.gov/school/?157085,2026-09-14
university-of-cincinnati,University of Cincinnati-Main Campus,University of Cincinnati-Main Campus,201885,US,OH,Cincinnati,PUBLIC,National University,COMMON_APP,COMMON_APP,,true,true,MEDIUM,https://collegescorecard.ed.gov/school/?201885,2026-09-14
university-of-houston,University of Houston,University of Houston,225511,US,TX,Houston,PUBLIC,National University,COMMON_APP,COMMON_APP;APPLYTEXAS,,true,true,HIGH,https://collegescorecard.ed.gov/school/?225511,2026-09-14
university-of-south-florida,University of South Florida,University of South Florida,137351,US,FL,Tampa,PUBLIC,National University,COMMON_APP,COMMON_APP,,true,true,HIGH,https://collegescorecard.ed.gov/school/?137351,2026-09-14
university-of-central-florida,University of Central Florida,University of Central Florida,132903,US,FL,Orlando,PUBLIC,National University,COMMON_APP,COMMON_APP,,true,true,HIGH,https://collegescorecard.ed.gov/school/?132903,2026-09-14
florida-international-university,Florida International University,Florida International University,133951,US,FL,Miami,PUBLIC,National University,COMMON_APP,COMMON_APP,,true,true,HIGH,https://collegescorecard.ed.gov/school/?133951,2026-09-14
florida-atlantic-university,Florida Atlantic University,Florida Atlantic University,133669,US,FL,Boca Raton,PUBLIC,National University,COMMON_APP,COMMON_APP,,true,true,HIGH,https://collegescorecard.ed.gov/school/?133669,2026-09-14
george-mason-university,George Mason University,George Mason University,232186,US,VA,Fairfax,PUBLIC,National University,COMMON_APP,COMMON_APP,,true,true,HIGH,https://collegescorecard.ed.gov/school/?232186,2026-09-14
virginia-commonwealth-university,Virginia Commonwealth University,Virginia Commonwealth University,234030,US,VA,Richmond,PUBLIC,National University,COMMON_APP,COMMON_APP,,true,true,HIGH,https://collegescorecard.ed.gov/school/?234030,2026-09-14
james-madison-university,James Madison University,James Madison University,232423,US,VA,Harrisonburg,PUBLIC,National University,COMMON_APP,COMMON_APP,,true,true,HIGH,https://collegescorecard.ed.gov/school/?232423,2026-09-14
university-of-north-carolina-at-charlotte,University of North Carolina at Charlotte,University of North Carolina at Charlotte,199139,US,NC,Charlotte,PUBLIC,National University,COMMON_APP,COMMON_APP,,true,true,HIGH,https://collegescorecard.ed.gov/school/?199139,2026-09-14
university-of-north-carolina-wilmington,University of North Carolina Wilmington,University of North Carolina Wilmington,199218,US,NC,Wilmington,PUBLIC,National University,COMMON_APP,COMMON_APP,,true,true,HIGH,https://collegescorecard.ed.gov/school/?199218,2026-09-14
san-diego-state-university,San Diego State University,San Diego State University,122409,US,CA,San Diego,PUBLIC,National University,CAL_STATE_APPLY,CAL_STATE_APPLY,,false,true,HIGH,https://collegescorecard.ed.gov/school/?122409,2026-09-14
california-polytechnic-state-university-san-luis-obispo,California Polytechnic State University-San Luis Obispo,California Polytechnic State University-San Luis Obispo,110422,US,CA,San Luis Obispo,PUBLIC,National University,CAL_STATE_APPLY,CAL_STATE_APPLY,,false,true,HIGH,https://collegescorecard.ed.gov/school/?110422,2026-09-14
san-jose-state-university,San Jose State University,San Jose State University,122755,US,CA,San Jose,PUBLIC,National University,CAL_STATE_APPLY,CAL_STATE_APPLY,,false,true,HIGH,https://collegescorecard.ed.gov/school/?122755,2026-09-14
california-state-university-long-beach,California State University-Long Beach,California State University-Long Beach,110583,US,CA,Long Beach,PUBLIC,National University,CAL_STATE_APPLY,CAL_STATE_APPLY,,false,true,HIGH,https://collegescorecard.ed.gov/school/?110583,2026-09-14
california-state-university-fullerton,California State University-Fullerton,California State University-Fullerton,110565,US,CA,Fullerton,PUBLIC,National University,CAL_STATE_APPLY,CAL_STATE_APPLY,,false,true,HIGH,https://collegescorecard.ed.gov/school/?110565,2026-09-14
university-of-california-merced,University of California-Merced,University of California-Merced,445188,US,CA,Merced,PUBLIC,National University,UC_APPLICATION,UC_APPLICATION,,false,true,HIGH,https://collegescorecard.ed.gov/school/?445188,2026-09-14
loyola-marymount-university,Loyola Marymount University,Loyola Marymount University,117946,US,CA,Los Angeles,PRIVATE_NONPROFIT,National University,COMMON_APP,COMMON_APP,,true,true,HIGH,https://collegescorecard.ed.gov/school/?117946,2026-09-14
university-of-san-francisco,University of San Francisco,University of San Francisco,122612,US,CA,San Francisco,PRIVATE_NONPROFIT,National University,COMMON_APP,COMMON_APP,,true,true,HIGH,https://collegescorecard.ed.gov/school/?122612,2026-09-14
chapman-university,Chapman University,Chapman University,111948,US,CA,Orange,PRIVATE_NONPROFIT,National University,COMMON_APP,COMMON_APP,,true,true,HIGH,https://collegescorecard.ed.gov/school/?111948,2026-09-14
university-of-denver,University of Denver,University of Denver,127060,US,CO,Denver,PRIVATE_NONPROFIT,National University,COMMON_APP,COMMON_APP,,true,true,HIGH,https://collegescorecard.ed.gov/school/?127060,2026-09-14
gonzaga-university,Gonzaga University,Gonzaga University,235316,US,WA,Spokane,PRIVATE_NONPROFIT,National University,COMMON_APP,COMMON_APP,,true,true,HIGH,https://collegescorecard.ed.gov/school/?235316,2026-09-14
seattle-university,Seattle University,Seattle University,236595,US,WA,Seattle,PRIVATE_NONPROFIT,National University,COMMON_APP,COMMON_APP,,true,true,HIGH,https://collegescorecard.ed.gov/school/?236595,2026-09-14
university-of-portland,University of Portland,University of Portland,209825,US,OR,Portland,PRIVATE_NONPROFIT,National University,COMMON_APP,COMMON_APP,,true,true,HIGH,https://collegescorecard.ed.gov/school/?209825,2026-09-14
williams-college,Williams College,Williams College,168342,US,MA,Williamstown,PRIVATE_NONPROFIT,Liberal Arts College,COMMON_APP,COMMON_APP,,true,true,HIGH,https://collegescorecard.ed.gov/school/?168342,2026-09-14
amherst-college,Amherst College,Amherst College,164465,US,MA,Amherst,PRIVATE_NONPROFIT,Liberal Arts College,COMMON_APP,COMMON_APP,,true,true,HIGH,https://collegescorecard.ed.gov/school/?164465,2026-09-14
swarthmore-college,Swarthmore College,Swarthmore College,216287,US,PA,Swarthmore,PRIVATE_NONPROFIT,Liberal Arts College,COMMON_APP,COMMON_APP,,true,true,HIGH,https://collegescorecard.ed.gov/school/?216287,2026-09-14
pomona-college,Pomona College,Pomona College,121345,US,CA,Claremont,PRIVATE_NONPROFIT,Liberal Arts College,COMMON_APP,COMMON_APP,,true,true,HIGH,https://collegescorecard.ed.gov/school/?121345,2026-09-14
wellesley-college,Wellesley College,Wellesley College,168218,US,MA,Wellesley,PRIVATE_NONPROFIT,Liberal Arts College,COMMON_APP,COMMON_APP,,true,true,HIGH,https://collegescorecard.ed.gov/school/?168218,2026-09-14
bowdoin-college,Bowdoin College,Bowdoin College,161004,US,ME,Brunswick,PRIVATE_NONPROFIT,Liberal Arts College,COMMON_APP,COMMON_APP,,true,true,HIGH,https://collegescorecard.ed.gov/school/?161004,2026-09-14
claremont-mckenna-college,Claremont McKenna College,Claremont McKenna College,112260,US,CA,Claremont,PRIVATE_NONPROFIT,Liberal Arts College,COMMON_APP,COMMON_APP,,true,true,HIGH,https://collegescorecard.ed.gov/school/?112260,2026-09-14
carleton-college,Carleton College,Carleton College,173258,US,MN,Northfield,PRIVATE_NONPROFIT,Liberal Arts College,COMMON_APP,COMMON_APP,,true,true,HIGH,https://collegescorecard.ed.gov/school/?173258,2026-09-14
middlebury-college,Middlebury College,Middlebury College,230959,US,VT,Middlebury,PRIVATE_NONPROFIT,Liberal Arts College,COMMON_APP,COMMON_APP,,true,true,HIGH,https://collegescorecard.ed.gov/school/?230959,2026-09-14
barnard-college,Barnard College,Barnard College,189097,US,NY,New York,PRIVATE_NONPROFIT,Liberal Arts College,COMMON_APP,COMMON_APP,,true,true,HIGH,https://collegescorecard.ed.gov/school/?189097,2026-09-14
harvey-mudd-college,Harvey Mudd College,Harvey Mudd College,115409,US,CA,Claremont,PRIVATE_NONPROFIT,Liberal Arts College,COMMON_APP,COMMON_APP,,true,true,HIGH,https://collegescorecard.ed.gov/school/?115409,2026-09-14
wesleyan-university,Wesleyan University,Wesleyan University,130697,US,CT,Middletown,PRIVATE_NONPROFIT,Liberal Arts College,COMMON_APP,COMMON_APP,,true,true,HIGH,https://collegescorecard.ed.gov/school/?130697,2026-09-14
grinnell-college,Grinnell College,Grinnell College,153384,US,IA,Grinnell,PRIVATE_NONPROFIT,Liberal Arts College,COMMON_APP,COMMON_APP,,true,true,HIGH,https://collegescorecard.ed.gov/school/?153384,2026-09-14
hamilton-college,Hamilton College,Hamilton College,191515,US,NY,Clinton,PRIVATE_NONPROFIT,Liberal Arts College,COMMON_APP,COMMON_APP,,true,true,HIGH,https://collegescorecard.ed.gov/school/?191515,2026-09-14
haverford-college,Haverford College,Haverford College,212911,US,PA,Haverford,PRIVATE_NONPROFIT,Liberal Arts College,COMMON_APP,COMMON_APP,,true,true,HIGH,https://collegescorecard.ed.gov/school/?212911,2026-09-14
smith-college,Smith College,Smith College,167835,US,MA,Northampton,PRIVATE_NONPROFIT,Liberal Arts College,COMMON_APP,COMMON_APP,,true,true,HIGH,https://collegescorecard.ed.gov/school/?167835,2026-09-14
vassar-college,Vassar College,Vassar College,197133,US,NY,Poughkeepsie,PRIVATE_NONPROFIT,Liberal Arts College,COMMON_APP,COMMON_APP,,true,true,HIGH,https://collegescorecard.ed.gov/school/?197133,2026-09-14
colgate-university,Colgate University,Colgate University,190099,US,NY,Hamilton,PRIVATE_NONPROFIT,Liberal Arts College,COMMON_APP,COMMON_APP,,true,true,HIGH,https://collegescorecard.ed.gov/school/?190099,2026-09-14
davidson-college,Davidson College,Davidson College,198385,US,NC,Davidson,PRIVATE_NONPROFIT,Liberal Arts College,COMMON_APP,COMMON_APP,,true,true,HIGH,https://collegescorecard.ed.gov/school/?198385,2026-09-14
washington-and-lee-university,Washington and Lee University,Washington and Lee University,234207,US,VA,Lexington,PRIVATE_NONPROFIT,Liberal Arts College,COMMON_APP,COMMON_APP,,true,true,HIGH,https://collegescorecard.ed.gov/school/?234207,2026-09-14
colby-college,Colby College,Colby College,161086,US,ME,Waterville,PRIVATE_NONPROFIT,Liberal Arts College,COMMON_APP,COMMON_APP,,true,true,HIGH,https://collegescorecard.ed.gov/school/?161086,2026-09-14
bates-college,Bates College,Bates College,160977,US,ME,Lewiston,PRIVATE_NONPROFIT,Liberal Arts College,COMMON_APP,COMMON_APP,,true,true,HIGH,https://collegescorecard.ed.gov/school/?160977,2026-09-14
macalester-college,Macalester College,Macalester College,173902,US,MN,Saint Paul,PRIVATE_NONPROFIT,Liberal Arts College,COMMON_APP,COMMON_APP,,true,true,HIGH,https://collegescorecard.ed.gov/school/?173902,2026-09-14
scripps-college,Scripps College,Scripps College,123165,US,CA,Claremont,PRIVATE_NONPROFIT,Liberal Arts College,COMMON_APP,COMMON_APP,,true,true,HIGH,https://collegescorecard.ed.gov/school/?123165,2026-09-14
bryn-mawr-college,Bryn Mawr College,Bryn Mawr College,211273,US,PA,Bryn Mawr,PRIVATE_NONPROFIT,Liberal Arts College,COMMON_APP,COMMON_APP,,true,true,HIGH,https://collegescorecard.ed.gov/school/?211273,2026-09-14
bucknell-university,Bucknell University,Bucknell University,211291,US,PA,Lewisburg,PRIVATE_NONPROFIT,Liberal Arts College,COMMON_APP,COMMON_APP,,true,true,HIGH,https://collegescorecard.ed.gov/school/?211291,2026-09-14
lafayette-college,Lafayette College,Lafayette College,213385,US,PA,Easton,PRIVATE_NONPROFIT,Liberal Arts College,COMMON_APP,COMMON_APP,,true,true,HIGH,https://collegescorecard.ed.gov/school/?213385,2026-09-14
college-of-the-holy-cross,College of the Holy Cross,College of the Holy Cross,166124,US,MA,Worcester,PRIVATE_NONPROFIT,Liberal Arts College,COMMON_APP,COMMON_APP,,true,true,HIGH,https://collegescorecard.ed.gov/school/?166124,2026-09-14
university-of-richmond,University of Richmond,University of Richmond,233374,US,VA,University of Richmond,PRIVATE_NONPROFIT,Liberal Arts College,COMMON_APP,COMMON_APP,,true,true,HIGH,https://collegescorecard.ed.gov/school/?233374,2026-09-14
denison-university,Denison University,Denison University,202523,US,OH,Granville,PRIVATE_NONPROFIT,Liberal Arts College,COMMON_APP,COMMON_APP,,true,true,HIGH,https://collegescorecard.ed.gov/school/?202523,2026-09-14
kenyon-college,Kenyon College,Kenyon College,203535,US,OH,Gambier,PRIVATE_NONPROFIT,Liberal Arts College,COMMON_APP,COMMON_APP,,true,true,HIGH,https://collegescorecard.ed.gov/school/?203535,2026-09-14
occidental-college,Occidental College,Occidental College,120254,US,CA,Los Angeles,PRIVATE_NONPROFIT,Liberal Arts College,COMMON_APP,COMMON_APP,,true,true,HIGH,https://collegescorecard.ed.gov/school/?120254,2026-09-14
skidmore-college,Skidmore College,Skidmore College,195526,US,NY,Saratoga Springs,PRIVATE_NONPROFIT,Liberal Arts College,COMMON_APP,COMMON_APP,,true,true,HIGH,https://collegescorecard.ed.gov/school/?195526,2026-09-14
trinity-college,Trinity College,Trinity College,130590,US,CT,Hartford,PRIVATE_NONPROFIT,Liberal Arts College,COMMON_APP,COMMON_APP,,true,true,HIGH,https://collegescorecard.ed.gov/school/?130590,2026-09-14
connecticut-college,Connecticut College,Connecticut College,128902,US,CT,New London,PRIVATE_NONPROFIT,Liberal Arts College,COMMON_APP,COMMON_APP,,true,true,HIGH,https://collegescorecard.ed.gov/school/?128902,2026-09-14
oberlin-college,Oberlin College,Oberlin College,204501,US,OH,Oberlin,PRIVATE_NONPROFIT,Liberal Arts College,COMMON_APP,COMMON_APP,,true,true,HIGH,https://collegescorecard.ed.gov/school/?204501,2026-09-14
pitzer-college,Pitzer College,Pitzer College,121257,US,CA,Claremont,PRIVATE_NONPROFIT,Liberal Arts College,COMMON_APP,COMMON_APP,,true,true,HIGH,https://collegescorecard.ed.gov/school/?121257,2026-09-14
colorado-college,Colorado College,Colorado College,126678,US,CO,Colorado Springs,PRIVATE_NONPROFIT,Liberal Arts College,COMMON_APP,COMMON_APP,,true,true,HIGH,https://collegescorecard.ed.gov/school/?126678,2026-09-14
rhodes-college,Rhodes College,Rhodes College,221351,US,TN,Memphis,PRIVATE_NONPROFIT,Liberal Arts College,COMMON_APP,COMMON_APP,,true,true,HIGH,https://collegescorecard.ed.gov/school/?221351,2026-09-14
sewanee-the-university-of-the-south,The University of the South,The University of the South,221519,US,TN,Sewanee,PRIVATE_NONPROFIT,Liberal Arts College,COMMON_APP,COMMON_APP,,true,true,HIGH,https://collegescorecard.ed.gov/school/?221519,2026-09-14
furman-university,Furman University,Furman University,218070,US,SC,Greenville,PRIVATE_NONPROFIT,Liberal Arts College,COMMON_APP,COMMON_APP,,true,true,HIGH,https://collegescorecard.ed.gov/school/?218070,2026-09-14
whitman-college,Whitman College,Whitman College,237057,US,WA,Walla Walla,PRIVATE_NONPROFIT,Liberal Arts College,COMMON_APP,COMMON_APP,,true,true,HIGH,https://collegescorecard.ed.gov/school/?237057,2026-09-14
franklin-and-marshall-college,Franklin and Marshall College,Franklin and Marshall College,212577,US,PA,Lancaster,PRIVATE_NONPROFIT,Liberal Arts College,COMMON_APP,COMMON_APP,,true,true,HIGH,https://collegescorecard.ed.gov/school/?212577,2026-09-14
gettysburg-college,Gettysburg College,Gettysburg College,212674,US,PA,Gettysburg,PRIVATE_NONPROFIT,Liberal Arts College,COMMON_APP,COMMON_APP,,true,true,HIGH,https://collegescorecard.ed.gov/school/?212674,2026-09-14
dickinson-college,Dickinson College,Dickinson College,212009,US,PA,Carlisle,PRIVATE_NONPROFIT,Liberal Arts College,COMMON_APP,COMMON_APP,,true,true,HIGH,https://collegescorecard.ed.gov/school/?212009,2026-09-14
depauw-university,DePauw University,DePauw University,150400,US,IN,Greencastle,PRIVATE_NONPROFIT,Liberal Arts College,COMMON_APP,COMMON_APP,,true,true,HIGH,https://collegescorecard.ed.gov/school/?150400,2026-09-14
college-of-wooster,The College of Wooster,The College of Wooster,206589,US,OH,Wooster,PRIVATE_NONPROFIT,Liberal Arts College,COMMON_APP,COMMON_APP,,true,true,HIGH,https://collegescorecard.ed.gov/school/?206589,2026-09-14
lawrence-university,Lawrence University,Lawrence University,239017,US,WI,Appleton,PRIVATE_NONPROFIT,Liberal Arts College,COMMON_APP,COMMON_APP,,true,true,HIGH,https://collegescorecard.ed.gov/school/?239017,2026-09-14
kalamazoo-college,Kalamazoo College,Kalamazoo College,170532,US,MI,Kalamazoo,PRIVATE_NONPROFIT,Liberal Arts College,COMMON_APP,COMMON_APP,,true,true,HIGH,https://collegescorecard.ed.gov/school/?170532,2026-09-14
st-olaf-college,St Olaf College,St Olaf College,174844,US,MN,Northfield,PRIVATE_NONPROFIT,Liberal Arts College,COMMON_APP,COMMON_APP,,true,true,HIGH,https://collegescorecard.ed.gov/school/?174844,2026-09-14
gustavus-adolphus-college,Gustavus Adolphus College,Gustavus Adolphus College,173647,US,MN,Saint Peter,PRIVATE_NONPROFIT,Liberal Arts College,COMMON_APP,COMMON_APP,,true,true,HIGH,https://collegescorecard.ed.gov/school/?173647,2026-09-14
union-college,Union College,Union College,196866,US,NY,Schenectady,PRIVATE_NONPROFIT,Liberal Arts College,COMMON_APP,COMMON_APP,,true,true,HIGH,https://collegescorecard.ed.gov/school/?196866,2026-09-14
reed-college,Reed College,Reed College,209922,US,OR,Portland,PRIVATE_NONPROFIT,Liberal Arts College,COMMON_APP,COMMON_APP,,true,true,HIGH,https://collegescorecard.ed.gov/school/?209922,2026-09-14
mount-holyoke-college,Mount Holyoke College,Mount Holyoke College,166939,US,MA,South Hadley,PRIVATE_NONPROFIT,Liberal Arts College,COMMON_APP,COMMON_APP,,true,true,HIGH,https://collegescorecard.ed.gov/school/?166939,2026-09-14
spelman-college,Spelman College,Spelman College,141060,US,GA,Atlanta,PRIVATE_NONPROFIT,Liberal Arts College,COMMON_APP,COMMON_APP,,true,true,HIGH,https://collegescorecard.ed.gov/school/?141060,2026-09-14
morehouse-college,Morehouse College,Morehouse College,140553,US,GA,Atlanta,PRIVATE_NONPROFIT,Liberal Arts College,COMMON_APP,COMMON_APP,,true,true,HIGH,https://collegescorecard.ed.gov/school/?140553,2026-09-14
sarah-lawrence-college,Sarah Lawrence College,Sarah Lawrence College,195304,US,NY,Bronxville,PRIVATE_NONPROFIT,Liberal Arts College,COMMON_APP,COMMON_APP,,true,true,HIGH,https://collegescorecard.ed.gov/school/?195304,2026-09-14
bard-college,Bard College,Bard College,189088,US,NY,Annandale-On-Hudson,PRIVATE_NONPROFIT,Liberal Arts College,COMMON_APP,COMMON_APP,,true,true,HIGH,https://collegescorecard.ed.gov/school/?189088,2026-09-14
centre-college,Centre College,Centre College,156408,US,KY,Danville,PRIVATE_NONPROFIT,Liberal Arts College,COMMON_APP,COMMON_APP,,true,true,HIGH,https://collegescorecard.ed.gov/school/?156408,2026-09-14
berea-college,Berea College,Berea College,156295,US,KY,Berea,PRIVATE_NONPROFIT,Liberal Arts College,COMMON_APP,COMMON_APP,,true,true,HIGH,https://collegescorecard.ed.gov/school/?156295,2026-09-14
trinity-university,Trinity University,Trinity University,229267,US,TX,San Antonio,PRIVATE_NONPROFIT,Liberal Arts College,COMMON_APP,COMMON_APP,,true,true,HIGH,https://collegescorecard.ed.gov/school/?229267,2026-09-14
babson-college,Babson College,Babson College,164580,US,MA,Wellesley,PRIVATE_NONPROFIT,Specialty/Business,COMMON_APP,COMMON_APP,,true,true,HIGH,https://collegescorecard.ed.gov/school/?164580,2026-09-14
bentley-university,Bentley University,Bentley University,164739,US,MA,Waltham,PRIVATE_NONPROFIT,Specialty/Business,COMMON_APP,COMMON_APP,,true,true,HIGH,https://collegescorecard.ed.gov/school/?164739,2026-09-14
franklin-w-olin-college-of-engineering,Franklin W Olin College of Engineering,Franklin W Olin College of Engineering,441982,US,MA,Needham,PRIVATE_NONPROFIT,Specialty/Engineering,COMMON_APP,COMMON_APP,,true,true,HIGH,https://collegescorecard.ed.gov/school/?441982,2026-09-14
the-cooper-union,The Cooper Union for the Advancement of Science and Art,The Cooper Union for the Advancement of Science and Art,190372,US,NY,New York,PRIVATE_NONPROFIT,Specialty/Engineering-Art,COMMON_APP,COMMON_APP,,true,true,HIGH,https://collegescorecard.ed.gov/school/?190372,2026-09-14
rose-hulman-institute-of-technology,Rose-Hulman Institute of Technology,Rose-Hulman Institute of Technology,152318,US,IN,Terre Haute,PRIVATE_NONPROFIT,Specialty/Engineering,COMMON_APP,COMMON_APP,,true,true,HIGH,https://collegescorecard.ed.gov/school/?152318,2026-09-14
rhode-island-school-of-design,Rhode Island School of Design,Rhode Island School of Design,217493,US,RI,Providence,PRIVATE_NONPROFIT,Specialty/Art,COMMON_APP,COMMON_APP,,true,true,HIGH,https://collegescorecard.ed.gov/school/?217493,2026-09-14
berklee-college-of-music,Berklee College of Music,Berklee College of Music,164748,US,MA,Boston,PRIVATE_NONPROFIT,Specialty/Music,INSTITUTIONAL,INSTITUTIONAL,,false,true,HIGH,https://collegescorecard.ed.gov/school/?164748,2026-09-14
the-juilliard-school,The Juilliard School,The Juilliard School,192110,US,NY,New York,PRIVATE_NONPROFIT,Specialty/Performing Arts,INSTITUTIONAL,INSTITUTIONAL,,false,true,HIGH,https://collegescorecard.ed.gov/school/?192110,2026-09-14
school-of-the-art-institute-of-chicago,School of the Art Institute of Chicago,School of the Art Institute of Chicago,143048,US,IL,Chicago,PRIVATE_NONPROFIT,Specialty/Art,COMMON_APP,COMMON_APP,,true,true,HIGH,https://collegescorecard.ed.gov/school/?143048,2026-09-14
howard-university,Howard University,Howard University,131520,US,DC,Washington,PRIVATE_NONPROFIT,National University/HBCU,COMMON_APP,COMMON_APP,,true,true,HIGH,https://collegescorecard.ed.gov/school/?131520,2026-09-14
loyola-university-chicago,Loyola University Chicago,Loyola University Chicago,146719,US,IL,Chicago,PRIVATE_NONPROFIT,National University,COMMON_APP,COMMON_APP,,true,true,HIGH,https://collegescorecard.ed.gov/school/?146719,2026-09-14
marquette-university,Marquette University,Marquette University,239105,US,WI,Milwaukee,PRIVATE_NONPROFIT,National University,COMMON_APP,COMMON_APP,,true,true,HIGH,https://collegescorecard.ed.gov/school/?239105,2026-09-14
samford-university,Samford University,Samford University,102049,US,AL,Birmingham,PRIVATE_NONPROFIT,National University,COMMON_APP,COMMON_APP,,true,true,HIGH,https://collegescorecard.ed.gov/school/?102049,2026-09-14
