slug,source_cycle,international_aid_policy,international_need_based_aid,meets_full_demonstrated_need_international,aid_policy_status,tuition_usd,mandatory_fees_usd,room_board_usd,estimated_cost_of_attendance_usd,cost_basis,currency,aid_policy_source_url,cost_source_url,research_as_of,notes
princeton-university,LATEST_FEDERAL_AVAILABLE_AS_OF_2026-09-13,NEED_BLIND,YES,YES,VERIFIED_CURRENT_OFFICIAL,59710,,,80440,LATEST_FEDERAL_OR_SOURCE_REPORTED_BASELINE,USD,https://admission.princeton.edu/apply/international-students,https://collegescorecard.ed.gov/school/?186131,2026-09-14,Latest available College Scorecard/IPEDS fields; not represented as 2026-27 outcomes. SAT bounds sum the corresponding official section percentiles; SAT/ACT medians and application fee remain blank unless directly sourced.
massachusetts-institute-of-technology,LATEST_FEDERAL_AVAILABLE_AS_OF_2026-09-13,NEED_BLIND,YES,YES,VERIFIED_CURRENT_OFFICIAL,60156,,,79850,LATEST_FEDERAL_OR_SOURCE_REPORTED_BASELINE,USD,https://sfs.mit.edu/undergraduate-students/apply-for-aid/international/,https://collegescorecard.ed.gov/school/?166683,2026-09-14,Latest available College Scorecard/IPEDS fields; not represented as 2026-27 outcomes. SAT bounds sum the corresponding official section percentiles; SAT/ACT medians and application fee remain blank unless directly sourced.
harvard-university,LATEST_FEDERAL_AVAILABLE_AS_OF_2026-09-13,NEED_BLIND,YES,YES,VERIFIED_CURRENT_OFFICIAL,59076,,,82842,LATEST_FEDERAL_OR_SOURCE_REPORTED_BASELINE,USD,https://college.harvard.edu/financial-aid/how-aid-works,https://collegescorecard.ed.gov/school/?166027,2026-09-14,Latest available College Scorecard/IPEDS fields; not represented as 2026-27 outcomes. SAT bounds sum the corresponding official section percentiles; SAT/ACT medians and application fee remain blank unless directly sourced.
stanford-university,LATEST_FEDERAL_AVAILABLE_AS_OF_2026-09-13,UNKNOWN,UNKNOWN,UNKNOWN,PENDING_CURRENT_VERIFICATION,62484,,,82162,LATEST_FEDERAL_OR_SOURCE_REPORTED_BASELINE,USD,,https://collegescorecard.ed.gov/school/?243744,2026-09-14,Latest available College Scorecard/IPEDS fields; not represented as 2026-27 outcomes. SAT bounds sum the corresponding official section percentiles; SAT/ACT medians and application fee remain blank unless directly sourced.
yale-university,LATEST_FEDERAL_AVAILABLE_AS_OF_2026-09-13,NEED_BLIND,YES,YES,VERIFIED_CURRENT_OFFICIAL,64700,,,85120,LATEST_FEDERAL_OR_SOURCE_REPORTED_BASELINE,USD,https://admissions.yale.edu/international,https://collegescorecard.ed.gov/school/?130794,2026-09-14,Latest available College Scorecard/IPEDS fields; not represented as 2026-27 outcomes. SAT bounds sum the corresponding official section percentiles; SAT/ACT medians and application fee remain blank unless directly sourced.
university-of-pennsylvania,LATEST_FEDERAL_AVAILABLE_AS_OF_2026-09-13,UNKNOWN,UNKNOWN,UNKNOWN,PENDING_CURRENT_VERIFICATION,66104,,,85738,LATEST_FEDERAL_OR_SOURCE_REPORTED_BASELINE,USD,,https://collegescorecard.ed.gov/school/?215062,2026-09-14,Latest available College Scorecard/IPEDS fields; not represented as 2026-27 outcomes. SAT bounds sum the corresponding official section percentiles; SAT/ACT medians and application fee remain blank unless directly sourced.
california-institute-of-technology,LATEST_FEDERAL_AVAILABLE_AS_OF_2026-09-13,UNKNOWN,UNKNOWN,UNKNOWN,PENDING_CURRENT_VERIFICATION,63255,,,83598,LATEST_FEDERAL_OR_SOURCE_REPORTED_BASELINE,USD,,https://collegescorecard.ed.gov/school/?110404,2026-09-14,Latest available College Scorecard/IPEDS fields; not represented as 2026-27 outcomes. SAT bounds sum the corresponding official section percentiles; SAT/ACT medians and application fee remain blank unless directly sourced.
duke-university,LATEST_FEDERAL_AVAILABLE_AS_OF_2026-09-13,UNKNOWN,UNKNOWN,UNKNOWN,PENDING_CURRENT_VERIFICATION,65805,,,82749,LATEST_FEDERAL_OR_SOURCE_REPORTED_BASELINE,USD,,https://collegescorecard.ed.gov/school/?198419,2026-09-14,Latest available College Scorecard/IPEDS fields; not represented as 2026-27 outcomes. SAT bounds sum the corresponding official section percentiles; SAT/ACT medians and application fee remain blank unless directly sourced.
brown-university,LATEST_FEDERAL_AVAILABLE_AS_OF_2026-09-13,NEED_BLIND,YES,YES,VERIFIED_CURRENT_OFFICIAL,68230,,,84986,LATEST_FEDERAL_OR_SOURCE_REPORTED_BASELINE,USD,https://admission.brown.edu/international/financial-aid,https://collegescorecard.ed.gov/school/?217156,2026-09-14,Latest available College Scorecard/IPEDS fields; not represented as 2026-27 outcomes. SAT bounds sum the corresponding official section percentiles; SAT/ACT medians and application fee remain blank unless directly sourced.
johns-hopkins-university,LATEST_FEDERAL_AVAILABLE_AS_OF_2026-09-13,UNKNOWN,UNKNOWN,UNKNOWN,PENDING_CURRENT_VERIFICATION,63340,,,81300,LATEST_FEDERAL_OR_SOURCE_REPORTED_BASELINE,USD,,https://collegescorecard.ed.gov/school/?162928,2026-09-14,Latest available College Scorecard/IPEDS fields; not represented as 2026-27 outcomes. SAT bounds sum the corresponding official section percentiles; SAT/ACT medians and application fee remain blank unless directly sourced.
northwestern-university,LATEST_FEDERAL_AVAILABLE_AS_OF_2026-09-13,UNKNOWN,UNKNOWN,UNKNOWN,PENDING_CURRENT_VERIFICATION,65997,,,87804,LATEST_FEDERAL_OR_SOURCE_REPORTED_BASELINE,USD,,https://collegescorecard.ed.gov/school/?147767,2026-09-14,Latest available College Scorecard/IPEDS fields; not represented as 2026-27 outcomes. SAT bounds sum the corresponding official section percentiles; SAT/ACT medians and application fee remain blank unless directly sourced.
columbia-university,LATEST_FEDERAL_AVAILABLE_AS_OF_2026-09-13,UNKNOWN,UNKNOWN,UNKNOWN,PENDING_CURRENT_VERIFICATION,69045,,,86042,LATEST_FEDERAL_OR_SOURCE_REPORTED_BASELINE,USD,,https://collegescorecard.ed.gov/school/?190150,2026-09-14,Latest available College Scorecard/IPEDS fields; not represented as 2026-27 outcomes. SAT bounds sum the corresponding official section percentiles; SAT/ACT medians and application fee remain blank unless directly sourced.
cornell-university,LATEST_FEDERAL_AVAILABLE_AS_OF_2026-09-13,UNKNOWN,UNKNOWN,UNKNOWN,PENDING_CURRENT_VERIFICATION,66014,,,83196,LATEST_FEDERAL_OR_SOURCE_REPORTED_BASELINE,USD,,https://collegescorecard.ed.gov/school/?190415,2026-09-14,Latest available College Scorecard/IPEDS fields; not represented as 2026-27 outcomes. SAT bounds sum the corresponding official section percentiles; SAT/ACT medians and application fee remain blank unless directly sourced.
university-of-chicago,LATEST_FEDERAL_AVAILABLE_AS_OF_2026-09-13,UNKNOWN,UNKNOWN,UNKNOWN,PENDING_CURRENT_VERIFICATION,66939,,,86856,LATEST_FEDERAL_OR_SOURCE_REPORTED_BASELINE,USD,,https://collegescorecard.ed.gov/school/?144050,2026-09-14,Latest available College Scorecard/IPEDS fields; not represented as 2026-27 outcomes. SAT bounds sum the corresponding official section percentiles; SAT/ACT medians and application fee remain blank unless directly sourced.
university-of-california-berkeley,LATEST_FEDERAL_AVAILABLE_AS_OF_2026-09-13,UNKNOWN,UNKNOWN,UNKNOWN,PENDING_CURRENT_VERIFICATION,45627,,,,LATEST_FEDERAL_OR_SOURCE_REPORTED_BASELINE,USD,,https://collegescorecard.ed.gov/school/?110635,2026-09-14,Latest available College Scorecard/IPEDS fields; not represented as 2026-27 outcomes. SAT bounds sum the corresponding official section percentiles; SAT/ACT medians and application fee remain blank unless directly sourced.
university-of-california-los-angeles,LATEST_FEDERAL_AVAILABLE_AS_OF_2026-09-13,UNKNOWN,UNKNOWN,UNKNOWN,PENDING_CURRENT_VERIFICATION,44524,,,,LATEST_FEDERAL_OR_SOURCE_REPORTED_BASELINE,USD,,https://collegescorecard.ed.gov/school/?110662,2026-09-14,Latest available College Scorecard/IPEDS fields; not represented as 2026-27 outcomes. SAT bounds sum the corresponding official section percentiles; SAT/ACT medians and application fee remain blank unless directly sourced.
rice-university,LATEST_FEDERAL_AVAILABLE_AS_OF_2026-09-13,UNKNOWN,UNKNOWN,UNKNOWN,PENDING_CURRENT_VERIFICATION,58128,,,74110,LATEST_FEDERAL_OR_SOURCE_REPORTED_BASELINE,USD,,https://collegescorecard.ed.gov/school/?227757,2026-09-14,Latest available College Scorecard/IPEDS fields; not represented as 2026-27 outcomes. SAT bounds sum the corresponding official section percentiles; SAT/ACT medians and application fee remain blank unless directly sourced.
dartmouth-college,LATEST_FEDERAL_AVAILABLE_AS_OF_2026-09-13,NEED_BLIND,YES,YES,VERIFIED_CURRENT_OFFICIAL,65739,,,83802,LATEST_FEDERAL_OR_SOURCE_REPORTED_BASELINE,USD,https://financialaid.dartmouth.edu/apply-aid/international-students,https://collegescorecard.ed.gov/school/?182670,2026-09-14,Latest available College Scorecard/IPEDS fields; not represented as 2026-27 outcomes. SAT bounds sum the corresponding official section percentiles; SAT/ACT medians and application fee remain blank unless directly sourced.
vanderbilt-university,LATEST_FEDERAL_AVAILABLE_AS_OF_2026-09-13,UNKNOWN,UNKNOWN,UNKNOWN,PENDING_CURRENT_VERIFICATION,63946,,,84412,LATEST_FEDERAL_OR_SOURCE_REPORTED_BASELINE,USD,,https://collegescorecard.ed.gov/school/?221999,2026-09-14,Latest available College Scorecard/IPEDS fields; not represented as 2026-27 outcomes. SAT bounds sum the corresponding official section percentiles; SAT/ACT medians and application fee remain blank unless directly sourced.
university-of-notre-dame,LATEST_FEDERAL_AVAILABLE_AS_OF_2026-09-13,UNKNOWN,UNKNOWN,UNKNOWN,PENDING_CURRENT_VERIFICATION,62693,,,80211,LATEST_FEDERAL_OR_SOURCE_REPORTED_BASELINE,USD,,https://collegescorecard.ed.gov/school/?152080,2026-09-14,Latest available College Scorecard/IPEDS fields; not represented as 2026-27 outcomes. SAT bounds sum the corresponding official section percentiles; SAT/ACT medians and application fee remain blank unless directly sourced.
university-of-michiganann-arbor,LATEST_FEDERAL_AVAILABLE_AS_OF_2026-09-13,UNKNOWN,UNKNOWN,UNKNOWN,PENDING_CURRENT_VERIFICATION,58072,,,,LATEST_FEDERAL_OR_SOURCE_REPORTED_BASELINE,USD,,https://collegescorecard.ed.gov/school/?170976,2026-09-14,Latest available College Scorecard/IPEDS fields; not represented as 2026-27 outcomes. SAT bounds sum the corresponding official section percentiles; SAT/ACT medians and application fee remain blank unless directly sourced.
georgetown-university,LATEST_FEDERAL_AVAILABLE_AS_OF_2026-09-13,UNKNOWN,UNKNOWN,UNKNOWN,PENDING_CURRENT_VERIFICATION,65081,,,84696,LATEST_FEDERAL_OR_SOURCE_REPORTED_BASELINE,USD,,https://collegescorecard.ed.gov/school/?131496,2026-09-14,Latest available College Scorecard/IPEDS fields; not represented as 2026-27 outcomes. SAT bounds sum the corresponding official section percentiles; SAT/ACT medians and application fee remain blank unless directly sourced.
university-of-virginia,LATEST_FEDERAL_AVAILABLE_AS_OF_2026-09-13,UNKNOWN,UNKNOWN,UNKNOWN,PENDING_CURRENT_VERIFICATION,58014,,,,LATEST_FEDERAL_OR_SOURCE_REPORTED_BASELINE,USD,,https://collegescorecard.ed.gov/school/?234076,2026-09-14,Latest available College Scorecard/IPEDS fields; not represented as 2026-27 outcomes. SAT bounds sum the corresponding official section percentiles; SAT/ACT medians and application fee remain blank unless directly sourced.
washington-university-in-st-louis,LATEST_FEDERAL_AVAILABLE_AS_OF_2026-09-13,UNKNOWN,UNKNOWN,UNKNOWN,PENDING_CURRENT_VERIFICATION,62982,,,83476,LATEST_FEDERAL_OR_SOURCE_REPORTED_BASELINE,USD,,https://collegescorecard.ed.gov/school/?179867,2026-09-14,Latest available College Scorecard/IPEDS fields; not represented as 2026-27 outcomes. SAT bounds sum the corresponding official section percentiles; SAT/ACT medians and application fee remain blank unless directly sourced.
carnegie-mellon-university,LATEST_FEDERAL_AVAILABLE_AS_OF_2026-09-13,UNKNOWN,UNKNOWN,UNKNOWN,PENDING_CURRENT_VERIFICATION,63829,,,80514,LATEST_FEDERAL_OR_SOURCE_REPORTED_BASELINE,USD,,https://collegescorecard.ed.gov/school/?211440,2026-09-14,Latest available College Scorecard/IPEDS fields; not represented as 2026-27 outcomes. SAT bounds sum the corresponding official section percentiles; SAT/ACT medians and application fee remain blank unless directly sourced.
emory-university,LATEST_FEDERAL_AVAILABLE_AS_OF_2026-09-13,UNKNOWN,UNKNOWN,UNKNOWN,PENDING_CURRENT_VERIFICATION,60774,,,78814,LATEST_FEDERAL_OR_SOURCE_REPORTED_BASELINE,USD,,https://collegescorecard.ed.gov/school/?139658,2026-09-14,Latest available College Scorecard/IPEDS fields; not represented as 2026-27 outcomes. SAT bounds sum the corresponding official section percentiles; SAT/ACT medians and application fee remain blank unless directly sourced.
university-of-southern-california,LATEST_FEDERAL_AVAILABLE_AS_OF_2026-09-13,UNKNOWN,UNKNOWN,UNKNOWN,PENDING_CURRENT_VERIFICATION,68237,,,84678,LATEST_FEDERAL_OR_SOURCE_REPORTED_BASELINE,USD,,https://collegescorecard.ed.gov/school/?123961,2026-09-14,Latest available College Scorecard/IPEDS fields; not represented as 2026-27 outcomes. SAT bounds sum the corresponding official section percentiles; SAT/ACT medians and application fee remain blank unless directly sourced.
university-of-california-san-diego,LATEST_FEDERAL_AVAILABLE_AS_OF_2026-09-13,UNKNOWN,UNKNOWN,UNKNOWN,PENDING_CURRENT_VERIFICATION,46042,,,,LATEST_FEDERAL_OR_SOURCE_REPORTED_BASELINE,USD,,https://collegescorecard.ed.gov/school/?110680,2026-09-14,Latest available College Scorecard/IPEDS fields; not represented as 2026-27 outcomes. SAT bounds sum the corresponding official section percentiles; SAT/ACT medians and application fee remain blank unless directly sourced.
university-of-florida,LATEST_FEDERAL_AVAILABLE_AS_OF_2026-09-13,UNKNOWN,UNKNOWN,UNKNOWN,PENDING_CURRENT_VERIFICATION,28659,,,,LATEST_FEDERAL_OR_SOURCE_REPORTED_BASELINE,USD,,https://collegescorecard.ed.gov/school/?134130,2026-09-14,Latest available College Scorecard/IPEDS fields; not represented as 2026-27 outcomes. SAT bounds sum the corresponding official section percentiles; SAT/ACT medians and application fee remain blank unless directly sourced.
university-of-california-davis,LATEST_FEDERAL_AVAILABLE_AS_OF_2026-09-13,UNKNOWN,UNKNOWN,UNKNOWN,PENDING_CURRENT_VERIFICATION,46024,,,,LATEST_FEDERAL_OR_SOURCE_REPORTED_BASELINE,USD,,https://collegescorecard.ed.gov/school/?110644,2026-09-14,Latest available College Scorecard/IPEDS fields; not represented as 2026-27 outcomes. SAT bounds sum the corresponding official section percentiles; SAT/ACT medians and application fee remain blank unless directly sourced.
university-of-texas-at-austin,LATEST_FEDERAL_AVAILABLE_AS_OF_2026-09-13,UNKNOWN,UNKNOWN,UNKNOWN,PENDING_CURRENT_VERIFICATION,42778,,,,LATEST_FEDERAL_OR_SOURCE_REPORTED_BASELINE,USD,,https://collegescorecard.ed.gov/school/?228778,2026-09-14,Latest available College Scorecard/IPEDS fields; not represented as 2026-27 outcomes. SAT bounds sum the corresponding official section percentiles; SAT/ACT medians and application fee remain blank unless directly sourced.
university-of-california-irvine,LATEST_FEDERAL_AVAILABLE_AS_OF_2026-09-13,UNKNOWN,UNKNOWN,UNKNOWN,PENDING_CURRENT_VERIFICATION,45014,,,,LATEST_FEDERAL_OR_SOURCE_REPORTED_BASELINE,USD,,https://collegescorecard.ed.gov/school/?110653,2026-09-14,Latest available College Scorecard/IPEDS fields; not represented as 2026-27 outcomes. SAT bounds sum the corresponding official section percentiles; SAT/ACT medians and application fee remain blank unless directly sourced.
georgia-institute-of-technology,LATEST_FEDERAL_AVAILABLE_AS_OF_2026-09-13,UNKNOWN,UNKNOWN,UNKNOWN,PENDING_CURRENT_VERIFICATION,32876,,,,LATEST_FEDERAL_OR_SOURCE_REPORTED_BASELINE,USD,,https://collegescorecard.ed.gov/school/?139755,2026-09-14,Latest available College Scorecard/IPEDS fields; not represented as 2026-27 outcomes. SAT bounds sum the corresponding official section percentiles; SAT/ACT medians and application fee remain blank unless directly sourced.
university-of-california-santa-barbara,LATEST_FEDERAL_AVAILABLE_AS_OF_2026-09-13,UNKNOWN,UNKNOWN,UNKNOWN,PENDING_CURRENT_VERIFICATION,45742,,,,LATEST_FEDERAL_OR_SOURCE_REPORTED_BASELINE,USD,,https://collegescorecard.ed.gov/school/?110705,2026-09-14,Latest available College Scorecard/IPEDS fields; not represented as 2026-27 outcomes. SAT bounds sum the corresponding official section percentiles; SAT/ACT medians and application fee remain blank unless directly sourced.
university-of-illinois-urbana-champaign,LATEST_FEDERAL_AVAILABLE_AS_OF_2026-09-13,UNKNOWN,UNKNOWN,UNKNOWN,PENDING_CURRENT_VERIFICATION,34501,,,,LATEST_FEDERAL_OR_SOURCE_REPORTED_BASELINE,USD,,https://collegescorecard.ed.gov/school/?145637,2026-09-14,Latest available College Scorecard/IPEDS fields; not represented as 2026-27 outcomes. SAT bounds sum the corresponding official section percentiles; SAT/ACT medians and application fee remain blank unless directly sourced.
university-of-wisconsinmadison,LATEST_FEDERAL_AVAILABLE_AS_OF_2026-09-13,UNKNOWN,UNKNOWN,UNKNOWN,PENDING_CURRENT_VERIFICATION,40603,,,,LATEST_FEDERAL_OR_SOURCE_REPORTED_BASELINE,USD,,https://collegescorecard.ed.gov/school/?240444,2026-09-14,Latest available College Scorecard/IPEDS fields; not represented as 2026-27 outcomes. SAT bounds sum the corresponding official section percentiles; SAT/ACT medians and application fee remain blank unless directly sourced.
new-york-university,LATEST_FEDERAL_AVAILABLE_AS_OF_2026-09-13,UNKNOWN,UNKNOWN,UNKNOWN,PENDING_CURRENT_VERIFICATION,60438,,,79121,LATEST_FEDERAL_OR_SOURCE_REPORTED_BASELINE,USD,,https://collegescorecard.ed.gov/school/?193900,2026-09-14,Latest available College Scorecard/IPEDS fields; not represented as 2026-27 outcomes. SAT bounds sum the corresponding official section percentiles; SAT/ACT medians and application fee remain blank unless directly sourced.
boston-college,LATEST_FEDERAL_AVAILABLE_AS_OF_2026-09-13,UNKNOWN,UNKNOWN,UNKNOWN,PENDING_CURRENT_VERIFICATION,67680,,,83683,LATEST_FEDERAL_OR_SOURCE_REPORTED_BASELINE,USD,,https://collegescorecard.ed.gov/school/?164924,2026-09-14,Latest available College Scorecard/IPEDS fields; not represented as 2026-27 outcomes. SAT bounds sum the corresponding official section percentiles; SAT/ACT medians and application fee remain blank unless directly sourced.
university-of-washington,LATEST_FEDERAL_AVAILABLE_AS_OF_2026-09-13,UNKNOWN,UNKNOWN,UNKNOWN,PENDING_CURRENT_VERIFICATION,41997,,,,LATEST_FEDERAL_OR_SOURCE_REPORTED_BASELINE,USD,,https://collegescorecard.ed.gov/school/?236948,2026-09-14,Latest available College Scorecard/IPEDS fields; not represented as 2026-27 outcomes. SAT bounds sum the corresponding official section percentiles; SAT/ACT medians and application fee remain blank unless directly sourced.
tufts-university,LATEST_FEDERAL_AVAILABLE_AS_OF_2026-09-13,UNKNOWN,UNKNOWN,UNKNOWN,PENDING_CURRENT_VERIFICATION,67844,,,84600,LATEST_FEDERAL_OR_SOURCE_REPORTED_BASELINE,USD,,https://collegescorecard.ed.gov/school/?168148,2026-09-14,Latest available College Scorecard/IPEDS fields; not represented as 2026-27 outcomes. SAT bounds sum the corresponding official section percentiles; SAT/ACT medians and application fee remain blank unless directly sourced.
rutgers-universitynew-brunswick,LATEST_FEDERAL_AVAILABLE_AS_OF_2026-09-13,UNKNOWN,UNKNOWN,UNKNOWN,PENDING_CURRENT_VERIFICATION,36001,,,,LATEST_FEDERAL_OR_SOURCE_REPORTED_BASELINE,USD,,https://collegescorecard.ed.gov/school/?186380,2026-09-14,Latest available College Scorecard/IPEDS fields; not represented as 2026-27 outcomes. SAT bounds sum the corresponding official section percentiles; SAT/ACT medians and application fee remain blank unless directly sourced.
boston-university,LATEST_FEDERAL_AVAILABLE_AS_OF_2026-09-13,UNKNOWN,UNKNOWN,UNKNOWN,PENDING_CURRENT_VERIFICATION,65168,,,82694,LATEST_FEDERAL_OR_SOURCE_REPORTED_BASELINE,USD,,https://collegescorecard.ed.gov/school/?164988,2026-09-14,Latest available College Scorecard/IPEDS fields; not represented as 2026-27 outcomes. SAT bounds sum the corresponding official section percentiles; SAT/ACT medians and application fee remain blank unless directly sourced.
the-ohio-state-university,LATEST_FEDERAL_AVAILABLE_AS_OF_2026-09-13,UNKNOWN,UNKNOWN,UNKNOWN,PENDING_CURRENT_VERIFICATION,38365,,,,LATEST_FEDERAL_OR_SOURCE_REPORTED_BASELINE,USD,,https://collegescorecard.ed.gov/school/?204796,2026-09-14,Latest available College Scorecard/IPEDS fields; not represented as 2026-27 outcomes. SAT bounds sum the corresponding official section percentiles; SAT/ACT medians and application fee remain blank unless directly sourced.
university-of-maryland-college-park,LATEST_FEDERAL_AVAILABLE_AS_OF_2026-09-13,UNKNOWN,UNKNOWN,UNKNOWN,PENDING_CURRENT_VERIFICATION,40306,,,,LATEST_FEDERAL_OR_SOURCE_REPORTED_BASELINE,USD,,https://collegescorecard.ed.gov/school/?163286,2026-09-14,Latest available College Scorecard/IPEDS fields; not represented as 2026-27 outcomes. SAT bounds sum the corresponding official section percentiles; SAT/ACT medians and application fee remain blank unless directly sourced.
university-of-rochester,LATEST_FEDERAL_AVAILABLE_AS_OF_2026-09-13,UNKNOWN,UNKNOWN,UNKNOWN,PENDING_CURRENT_VERIFICATION,64348,,,82600,LATEST_FEDERAL_OR_SOURCE_REPORTED_BASELINE,USD,,https://collegescorecard.ed.gov/school/?195030,2026-09-14,Latest available College Scorecard/IPEDS fields; not represented as 2026-27 outcomes. SAT bounds sum the corresponding official section percentiles; SAT/ACT medians and application fee remain blank unless directly sourced.
purdue-university,IPEDS 2024 + CDS 2025-26,UNKNOWN,UNKNOWN,UNKNOWN,PENDING_CURRENT_VERIFICATION,28520,274,,44974,OUT_OF_STATE_ON_CAMPUS_IPEDS_2024,USD,,https://www.collegedata.fyi/schools/purdue,2026-09-14,Latest available College Scorecard/IPEDS fields; not represented as 2026-27 outcomes. SAT bounds sum the corresponding official section percentiles; SAT/ACT medians and application fee remain blank unless directly sourced. Corrected from erroneous Purdue University Global match. SAT/ACT and app fee use 2025-26 CDS; admissions counts/cost use source-labeled IPEDS 2024 baseline.
university-of-north-carolina-at-chapel-hill,LATEST_FEDERAL_AVAILABLE_AS_OF_2026-09-13,UNKNOWN,UNKNOWN,UNKNOWN,PENDING_CURRENT_VERIFICATION,39330,,,,LATEST_FEDERAL_OR_SOURCE_REPORTED_BASELINE,USD,,https://collegescorecard.ed.gov/school/?199120,2026-09-14,Latest available College Scorecard/IPEDS fields; not represented as 2026-27 outcomes. SAT bounds sum the corresponding official section percentiles; SAT/ACT medians and application fee remain blank unless directly sourced.
wake-forest-university,LATEST_FEDERAL_AVAILABLE_AS_OF_2026-09-13,UNKNOWN,UNKNOWN,UNKNOWN,PENDING_CURRENT_VERIFICATION,64758,,,82818,LATEST_FEDERAL_OR_SOURCE_REPORTED_BASELINE,USD,,https://collegescorecard.ed.gov/school/?199847,2026-09-14,Latest available College Scorecard/IPEDS fields; not represented as 2026-27 outcomes. SAT bounds sum the corresponding official section percentiles; SAT/ACT medians and application fee remain blank unless directly sourced.
virginia-tech,LATEST_FEDERAL_AVAILABLE_AS_OF_2026-09-13,UNKNOWN,UNKNOWN,UNKNOWN,PENDING_CURRENT_VERIFICATION,36694,,,,LATEST_FEDERAL_OR_SOURCE_REPORTED_BASELINE,USD,,https://collegescorecard.ed.gov/school/?233921,2026-09-14,Latest available College Scorecard/IPEDS fields; not represented as 2026-27 outcomes. SAT bounds sum the corresponding official section percentiles; SAT/ACT medians and application fee remain blank unless directly sourced.
texas-a-and-m-university,CDS 2025-26 + IPEDS 2024 costs,UNKNOWN,UNKNOWN,UNKNOWN,PENDING_CURRENT_VERIFICATION,36169,3955,13008,60846,OUT_OF_STATE_ON_CAMPUS_IPEDS_2024,USD,,https://www.collegedata.fyi/schools/texas-am/2025-26,2026-09-14,Latest available College Scorecard/IPEDS fields; not represented as 2026-27 outcomes. SAT bounds sum the corresponding official section percentiles; SAT/ACT medians and application fee remain blank unless directly sourced. Corrected from erroneous West Texas A&M University match. Admissions/testing/app fee use 2025-26 CDS; cost uses source-labeled IPEDS 2024 baseline.
florida-state-university,LATEST_FEDERAL_AVAILABLE_AS_OF_2026-09-13,UNKNOWN,UNKNOWN,UNKNOWN,PENDING_CURRENT_VERIFICATION,18786,,,23683,LATEST_FEDERAL_OR_SOURCE_REPORTED_BASELINE,USD,,https://collegescorecard.ed.gov/school/?134097,2026-09-14,Latest available College Scorecard/IPEDS fields; not represented as 2026-27 outcomes. SAT bounds sum the corresponding official section percentiles; SAT/ACT medians and application fee remain blank unless directly sourced.
northeastern-university,LATEST_FEDERAL_AVAILABLE_AS_OF_2026-09-13,UNKNOWN,UNKNOWN,UNKNOWN,PENDING_CURRENT_VERIFICATION,63141,,,81353,LATEST_FEDERAL_OR_SOURCE_REPORTED_BASELINE,USD,,https://collegescorecard.ed.gov/school/?167358,2026-09-14,Latest available College Scorecard/IPEDS fields; not represented as 2026-27 outcomes. SAT bounds sum the corresponding official section percentiles; SAT/ACT medians and application fee remain blank unless directly sourced.
case-western-reserve-university,LATEST_FEDERAL_AVAILABLE_AS_OF_2026-09-13,UNKNOWN,UNKNOWN,UNKNOWN,PENDING_CURRENT_VERIFICATION,64671,,,81533,LATEST_FEDERAL_OR_SOURCE_REPORTED_BASELINE,USD,,https://collegescorecard.ed.gov/school/?201645,2026-09-14,Latest available College Scorecard/IPEDS fields; not represented as 2026-27 outcomes. SAT bounds sum the corresponding official section percentiles; SAT/ACT medians and application fee remain blank unless directly sourced.
tulane-university,LATEST_FEDERAL_AVAILABLE_AS_OF_2026-09-13,UNKNOWN,UNKNOWN,UNKNOWN,PENDING_CURRENT_VERIFICATION,65538,,,83761,LATEST_FEDERAL_OR_SOURCE_REPORTED_BASELINE,USD,,https://collegescorecard.ed.gov/school/?160755,2026-09-14,Latest available College Scorecard/IPEDS fields; not represented as 2026-27 outcomes. SAT bounds sum the corresponding official section percentiles; SAT/ACT medians and application fee remain blank unless directly sourced.
university-of-miami,LATEST_FEDERAL_AVAILABLE_AS_OF_2026-09-13,UNKNOWN,UNKNOWN,UNKNOWN,PENDING_CURRENT_VERIFICATION,59926,,,77708,LATEST_FEDERAL_OR_SOURCE_REPORTED_BASELINE,USD,,https://collegescorecard.ed.gov/school/?135726,2026-09-14,Latest available College Scorecard/IPEDS fields; not represented as 2026-27 outcomes. SAT bounds sum the corresponding official section percentiles; SAT/ACT medians and application fee remain blank unless directly sourced.
university-of-georgia,LATEST_FEDERAL_AVAILABLE_AS_OF_2026-09-13,UNKNOWN,UNKNOWN,UNKNOWN,PENDING_CURRENT_VERIFICATION,30220,,,,LATEST_FEDERAL_OR_SOURCE_REPORTED_BASELINE,USD,,https://collegescorecard.ed.gov/school/?139959,2026-09-14,Latest available College Scorecard/IPEDS fields; not represented as 2026-27 outcomes. SAT bounds sum the corresponding official section percentiles; SAT/ACT medians and application fee remain blank unless directly sourced.
lehigh-university,LATEST_FEDERAL_AVAILABLE_AS_OF_2026-09-13,UNKNOWN,UNKNOWN,UNKNOWN,PENDING_CURRENT_VERIFICATION,62180,,,77515,LATEST_FEDERAL_OR_SOURCE_REPORTED_BASELINE,USD,,https://collegescorecard.ed.gov/school/?213543,2026-09-14,Latest available College Scorecard/IPEDS fields; not represented as 2026-27 outcomes. SAT bounds sum the corresponding official section percentiles; SAT/ACT medians and application fee remain blank unless directly sourced.
villanova-university,LATEST_FEDERAL_AVAILABLE_AS_OF_2026-09-13,UNKNOWN,UNKNOWN,UNKNOWN,PENDING_CURRENT_VERIFICATION,64701,,,80866,LATEST_FEDERAL_OR_SOURCE_REPORTED_BASELINE,USD,,https://collegescorecard.ed.gov/school/?216597,2026-09-14,Latest available College Scorecard/IPEDS fields; not represented as 2026-27 outcomes. SAT bounds sum the corresponding official section percentiles; SAT/ACT medians and application fee remain blank unless directly sourced.
rensselaer-polytechnic-institute,LATEST_FEDERAL_AVAILABLE_AS_OF_2026-09-13,UNKNOWN,UNKNOWN,UNKNOWN,PENDING_CURRENT_VERIFICATION,61884,,,79934,LATEST_FEDERAL_OR_SOURCE_REPORTED_BASELINE,USD,,https://collegescorecard.ed.gov/school/?194824,2026-09-14,Latest available College Scorecard/IPEDS fields; not represented as 2026-27 outcomes. SAT bounds sum the corresponding official section percentiles; SAT/ACT medians and application fee remain blank unless directly sourced.
brandeis-university,LATEST_FEDERAL_AVAILABLE_AS_OF_2026-09-13,UNKNOWN,UNKNOWN,UNKNOWN,PENDING_CURRENT_VERIFICATION,64946,,,82123,LATEST_FEDERAL_OR_SOURCE_REPORTED_BASELINE,USD,,https://collegescorecard.ed.gov/school/?165015,2026-09-14,Latest available College Scorecard/IPEDS fields; not represented as 2026-27 outcomes. SAT bounds sum the corresponding official section percentiles; SAT/ACT medians and application fee remain blank unless directly sourced.
william-and-mary,LATEST_FEDERAL_AVAILABLE_AS_OF_2026-09-13,UNKNOWN,UNKNOWN,UNKNOWN,PENDING_CURRENT_VERIFICATION,49412,,,,LATEST_FEDERAL_OR_SOURCE_REPORTED_BASELINE,USD,,https://collegescorecard.ed.gov/school/?231624,2026-09-14,Latest available College Scorecard/IPEDS fields; not represented as 2026-27 outcomes. SAT bounds sum the corresponding official section percentiles; SAT/ACT medians and application fee remain blank unless directly sourced.
clemson-university,LATEST_FEDERAL_AVAILABLE_AS_OF_2026-09-13,UNKNOWN,UNKNOWN,UNKNOWN,PENDING_CURRENT_VERIFICATION,39498,,,,LATEST_FEDERAL_OR_SOURCE_REPORTED_BASELINE,USD,,https://collegescorecard.ed.gov/school/?217882,2026-09-14,Latest available College Scorecard/IPEDS fields; not represented as 2026-27 outcomes. SAT bounds sum the corresponding official section percentiles; SAT/ACT medians and application fee remain blank unless directly sourced.
southern-methodist-university,LATEST_FEDERAL_AVAILABLE_AS_OF_2026-09-13,UNKNOWN,UNKNOWN,UNKNOWN,PENDING_CURRENT_VERIFICATION,64460,,,82532,LATEST_FEDERAL_OR_SOURCE_REPORTED_BASELINE,USD,,https://collegescorecard.ed.gov/school/?228246,2026-09-14,Latest available College Scorecard/IPEDS fields; not represented as 2026-27 outcomes. SAT bounds sum the corresponding official section percentiles; SAT/ACT medians and application fee remain blank unless directly sourced.
george-washington-university,LATEST_FEDERAL_AVAILABLE_AS_OF_2026-09-13,UNKNOWN,UNKNOWN,UNKNOWN,PENDING_CURRENT_VERIFICATION,64990,,,80727,LATEST_FEDERAL_OR_SOURCE_REPORTED_BASELINE,USD,,https://collegescorecard.ed.gov/school/?131469,2026-09-14,Latest available College Scorecard/IPEDS fields; not represented as 2026-27 outcomes. SAT bounds sum the corresponding official section percentiles; SAT/ACT medians and application fee remain blank unless directly sourced.
pennsylvania-state-university,LATEST_FEDERAL_AVAILABLE_AS_OF_2026-09-13,UNKNOWN,UNKNOWN,UNKNOWN,PENDING_CURRENT_VERIFICATION,40188,,,,LATEST_FEDERAL_OR_SOURCE_REPORTED_BASELINE,USD,,https://collegescorecard.ed.gov/school/?214777,2026-09-14,Latest available College Scorecard/IPEDS fields; not represented as 2026-27 outcomes. SAT bounds sum the corresponding official section percentiles; SAT/ACT medians and application fee remain blank unless directly sourced.
university-of-minnesota-twin-cities,LATEST_FEDERAL_AVAILABLE_AS_OF_2026-09-13,UNKNOWN,UNKNOWN,UNKNOWN,PENDING_CURRENT_VERIFICATION,36402,,,,LATEST_FEDERAL_OR_SOURCE_REPORTED_BASELINE,USD,,https://collegescorecard.ed.gov/school/?174066,2026-09-14,Latest available College Scorecard/IPEDS fields; not represented as 2026-27 outcomes. SAT bounds sum the corresponding official section percentiles; SAT/ACT medians and application fee remain blank unless directly sourced.
indiana-university-bloomington,LATEST_FEDERAL_AVAILABLE_AS_OF_2026-09-13,UNKNOWN,UNKNOWN,UNKNOWN,PENDING_CURRENT_VERIFICATION,40482,,,,LATEST_FEDERAL_OR_SOURCE_REPORTED_BASELINE,USD,,https://collegescorecard.ed.gov/school/?151351,2026-09-14,Latest available College Scorecard/IPEDS fields; not represented as 2026-27 outcomes. SAT bounds sum the corresponding official section percentiles; SAT/ACT medians and application fee remain blank unless directly sourced.
michigan-state-university,LATEST_FEDERAL_AVAILABLE_AS_OF_2026-09-13,UNKNOWN,UNKNOWN,UNKNOWN,PENDING_CURRENT_VERIFICATION,43372,,,,LATEST_FEDERAL_OR_SOURCE_REPORTED_BASELINE,USD,,https://collegescorecard.ed.gov/school/?171100,2026-09-14,Latest available College Scorecard/IPEDS fields; not represented as 2026-27 outcomes. SAT bounds sum the corresponding official section percentiles; SAT/ACT medians and application fee remain blank unless directly sourced.
north-carolina-state-university,IPEDS 2024 baseline; latest archived CDS 2022-23,UNKNOWN,UNKNOWN,UNKNOWN,PENDING_CURRENT_VERIFICATION,30583,2264,,51285,OUT_OF_STATE_ON_CAMPUS_IPEDS_2024,USD,,https://www.collegedata.fyi/schools/north-carolina-state-university-at-raleigh,2026-09-14,"Latest available College Scorecard/IPEDS fields; not represented as 2026-27 outcomes. SAT bounds sum the corresponding official section percentiles; SAT/ACT medians and application fee remain blank unless directly sourced. Corrected from erroneous North Carolina A&T State University match. Fresh core admissions/cost use IPEDS 2024; latest archived school CDS is older (2022-23), so SAT composite is intentionally blank rather than inferred."
university-of-california-santa-cruz,LATEST_FEDERAL_AVAILABLE_AS_OF_2026-09-13,UNKNOWN,UNKNOWN,UNKNOWN,PENDING_CURRENT_VERIFICATION,45337,,,,LATEST_FEDERAL_OR_SOURCE_REPORTED_BASELINE,USD,,https://collegescorecard.ed.gov/school/?110714,2026-09-14,Latest available College Scorecard/IPEDS fields; not represented as 2026-27 outcomes. SAT bounds sum the corresponding official section percentiles; SAT/ACT medians and application fee remain blank unless directly sourced.
university-of-california-riverside,LATEST_FEDERAL_AVAILABLE_AS_OF_2026-09-13,UNKNOWN,UNKNOWN,UNKNOWN,PENDING_CURRENT_VERIFICATION,44947,,,,LATEST_FEDERAL_OR_SOURCE_REPORTED_BASELINE,USD,,https://collegescorecard.ed.gov/school/?110671,2026-09-14,Latest available College Scorecard/IPEDS fields; not represented as 2026-27 outcomes. SAT bounds sum the corresponding official section percentiles; SAT/ACT medians and application fee remain blank unless directly sourced.
university-of-colorado-boulder,LATEST_FEDERAL_AVAILABLE_AS_OF_2026-09-13,UNKNOWN,UNKNOWN,UNKNOWN,PENDING_CURRENT_VERIFICATION,41943,,,,LATEST_FEDERAL_OR_SOURCE_REPORTED_BASELINE,USD,,https://collegescorecard.ed.gov/school/?126614,2026-09-14,Latest available College Scorecard/IPEDS fields; not represented as 2026-27 outcomes. SAT bounds sum the corresponding official section percentiles; SAT/ACT medians and application fee remain blank unless directly sourced.
university-of-connecticut,LATEST_FEDERAL_AVAILABLE_AS_OF_2026-09-13,UNKNOWN,UNKNOWN,UNKNOWN,PENDING_CURRENT_VERIFICATION,43034,,,,LATEST_FEDERAL_OR_SOURCE_REPORTED_BASELINE,USD,,https://collegescorecard.ed.gov/school/?129020,2026-09-14,Latest available College Scorecard/IPEDS fields; not represented as 2026-27 outcomes. SAT bounds sum the corresponding official section percentiles; SAT/ACT medians and application fee remain blank unless directly sourced.
university-of-pittsburgh,LATEST_FEDERAL_AVAILABLE_AS_OF_2026-09-13,UNKNOWN,UNKNOWN,UNKNOWN,PENDING_CURRENT_VERIFICATION,39890,,,,LATEST_FEDERAL_OR_SOURCE_REPORTED_BASELINE,USD,,https://collegescorecard.ed.gov/school/?215293,2026-09-14,Latest available College Scorecard/IPEDS fields; not represented as 2026-27 outcomes. SAT bounds sum the corresponding official section percentiles; SAT/ACT medians and application fee remain blank unless directly sourced.
syracuse-university,LATEST_FEDERAL_AVAILABLE_AS_OF_2026-09-13,UNKNOWN,UNKNOWN,UNKNOWN,PENDING_CURRENT_VERIFICATION,63061,,,80396,LATEST_FEDERAL_OR_SOURCE_REPORTED_BASELINE,USD,,https://collegescorecard.ed.gov/school/?196413,2026-09-14,Latest available College Scorecard/IPEDS fields; not represented as 2026-27 outcomes. SAT bounds sum the corresponding official section percentiles; SAT/ACT medians and application fee remain blank unless directly sourced.
american-university,LATEST_FEDERAL_AVAILABLE_AS_OF_2026-09-13,UNKNOWN,UNKNOWN,UNKNOWN,PENDING_CURRENT_VERIFICATION,56543,,,71549,LATEST_FEDERAL_OR_SOURCE_REPORTED_BASELINE,USD,,https://collegescorecard.ed.gov/school/?131159,2026-09-14,Latest available College Scorecard/IPEDS fields; not represented as 2026-27 outcomes. SAT bounds sum the corresponding official section percentiles; SAT/ACT medians and application fee remain blank unless directly sourced.
baylor-university,LATEST_FEDERAL_AVAILABLE_AS_OF_2026-09-13,UNKNOWN,UNKNOWN,UNKNOWN,PENDING_CURRENT_VERIFICATION,54844,,,70130,LATEST_FEDERAL_OR_SOURCE_REPORTED_BASELINE,USD,,https://collegescorecard.ed.gov/school/?223232,2026-09-14,Latest available College Scorecard/IPEDS fields; not represented as 2026-27 outcomes. SAT bounds sum the corresponding official section percentiles; SAT/ACT medians and application fee remain blank unless directly sourced.
texas-christian-university,LATEST_FEDERAL_AVAILABLE_AS_OF_2026-09-13,UNKNOWN,UNKNOWN,UNKNOWN,PENDING_CURRENT_VERIFICATION,57220,,,72778,LATEST_FEDERAL_OR_SOURCE_REPORTED_BASELINE,USD,,https://collegescorecard.ed.gov/school/?228875,2026-09-14,Latest available College Scorecard/IPEDS fields; not represented as 2026-27 outcomes. SAT bounds sum the corresponding official section percentiles; SAT/ACT medians and application fee remain blank unless directly sourced.
santa-clara-university,LATEST_FEDERAL_AVAILABLE_AS_OF_2026-09-13,UNKNOWN,UNKNOWN,UNKNOWN,PENDING_CURRENT_VERIFICATION,59241,,,77768,LATEST_FEDERAL_OR_SOURCE_REPORTED_BASELINE,USD,,https://collegescorecard.ed.gov/school/?122931,2026-09-14,Latest available College Scorecard/IPEDS fields; not represented as 2026-27 outcomes. SAT bounds sum the corresponding official section percentiles; SAT/ACT medians and application fee remain blank unless directly sourced.
pepperdine-university,LATEST_FEDERAL_AVAILABLE_AS_OF_2026-09-13,UNKNOWN,UNKNOWN,UNKNOWN,PENDING_CURRENT_VERIFICATION,66742,,,85202,LATEST_FEDERAL_OR_SOURCE_REPORTED_BASELINE,USD,,https://collegescorecard.ed.gov/school/?121150,2026-09-14,Latest available College Scorecard/IPEDS fields; not represented as 2026-27 outcomes. SAT bounds sum the corresponding official section percentiles; SAT/ACT medians and application fee remain blank unless directly sourced.
fordham-university,LATEST_FEDERAL_AVAILABLE_AS_OF_2026-09-13,UNKNOWN,UNKNOWN,UNKNOWN,PENDING_CURRENT_VERIFICATION,61992,,,77351,LATEST_FEDERAL_OR_SOURCE_REPORTED_BASELINE,USD,,https://collegescorecard.ed.gov/school/?191241,2026-09-14,Latest available College Scorecard/IPEDS fields; not represented as 2026-27 outcomes. SAT bounds sum the corresponding official section percentiles; SAT/ACT medians and application fee remain blank unless directly sourced.
stevens-institute-of-technology,LATEST_FEDERAL_AVAILABLE_AS_OF_2026-09-13,UNKNOWN,UNKNOWN,UNKNOWN,PENDING_CURRENT_VERIFICATION,60952,,,76449,LATEST_FEDERAL_OR_SOURCE_REPORTED_BASELINE,USD,,https://collegescorecard.ed.gov/school/?186867,2026-09-14,Latest available College Scorecard/IPEDS fields; not represented as 2026-27 outcomes. SAT bounds sum the corresponding official section percentiles; SAT/ACT medians and application fee remain blank unless directly sourced.
worcester-polytechnic-institute,LATEST_FEDERAL_AVAILABLE_AS_OF_2026-09-13,UNKNOWN,UNKNOWN,UNKNOWN,PENDING_CURRENT_VERIFICATION,59070,,,75678,LATEST_FEDERAL_OR_SOURCE_REPORTED_BASELINE,USD,,https://collegescorecard.ed.gov/school/?168421,2026-09-14,Latest available College Scorecard/IPEDS fields; not represented as 2026-27 outcomes. SAT bounds sum the corresponding official section percentiles; SAT/ACT medians and application fee remain blank unless directly sourced.
drexel-university,LATEST_FEDERAL_AVAILABLE_AS_OF_2026-09-13,UNKNOWN,UNKNOWN,UNKNOWN,PENDING_CURRENT_VERIFICATION,60663,,,75167,LATEST_FEDERAL_OR_SOURCE_REPORTED_BASELINE,USD,,https://collegescorecard.ed.gov/school/?212054,2026-09-14,Latest available College Scorecard/IPEDS fields; not represented as 2026-27 outcomes. SAT bounds sum the corresponding official section percentiles; SAT/ACT medians and application fee remain blank unless directly sourced.
rochester-institute-of-technology,LATEST_FEDERAL_AVAILABLE_AS_OF_2026-09-13,UNKNOWN,UNKNOWN,UNKNOWN,PENDING_CURRENT_VERIFICATION,57016,,,71714,LATEST_FEDERAL_OR_SOURCE_REPORTED_BASELINE,USD,,https://collegescorecard.ed.gov/school/?195003,2026-09-14,Latest available College Scorecard/IPEDS fields; not represented as 2026-27 outcomes. SAT bounds sum the corresponding official section percentiles; SAT/ACT medians and application fee remain blank unless directly sourced.
stony-brook-university,LATEST_FEDERAL_AVAILABLE_AS_OF_2026-09-13,UNKNOWN,UNKNOWN,UNKNOWN,PENDING_CURRENT_VERIFICATION,30350,,,,LATEST_FEDERAL_OR_SOURCE_REPORTED_BASELINE,USD,,https://collegescorecard.ed.gov/school/?196097,2026-09-14,Latest available College Scorecard/IPEDS fields; not represented as 2026-27 outcomes. SAT bounds sum the corresponding official section percentiles; SAT/ACT medians and application fee remain blank unless directly sourced.
binghamton-university,LATEST_FEDERAL_AVAILABLE_AS_OF_2026-09-13,UNKNOWN,UNKNOWN,UNKNOWN,PENDING_CURRENT_VERIFICATION,29453,,,29657,LATEST_FEDERAL_OR_SOURCE_REPORTED_BASELINE,USD,,https://collegescorecard.ed.gov/school/?196079,2026-09-14,Latest available College Scorecard/IPEDS fields; not represented as 2026-27 outcomes. SAT bounds sum the corresponding official section percentiles; SAT/ACT medians and application fee remain blank unless directly sourced.
university-at-buffalo,LATEST_FEDERAL_AVAILABLE_AS_OF_2026-09-13,UNKNOWN,UNKNOWN,UNKNOWN,PENDING_CURRENT_VERIFICATION,30572,,,,LATEST_FEDERAL_OR_SOURCE_REPORTED_BASELINE,USD,,https://collegescorecard.ed.gov/school/?196088,2026-09-14,Latest available College Scorecard/IPEDS fields; not represented as 2026-27 outcomes. SAT bounds sum the corresponding official section percentiles; SAT/ACT medians and application fee remain blank unless directly sourced.
university-of-delaware,LATEST_FEDERAL_AVAILABLE_AS_OF_2026-09-13,UNKNOWN,UNKNOWN,UNKNOWN,PENDING_CURRENT_VERIFICATION,39720,,,,LATEST_FEDERAL_OR_SOURCE_REPORTED_BASELINE,USD,,https://collegescorecard.ed.gov/school/?130943,2026-09-14,Latest available College Scorecard/IPEDS fields; not represented as 2026-27 outcomes. SAT bounds sum the corresponding official section percentiles; SAT/ACT medians and application fee remain blank unless directly sourced.
university-of-massachusetts-amherst,LATEST_FEDERAL_AVAILABLE_AS_OF_2026-09-13,UNKNOWN,UNKNOWN,UNKNOWN,PENDING_CURRENT_VERIFICATION,39293,,,,LATEST_FEDERAL_OR_SOURCE_REPORTED_BASELINE,USD,,https://collegescorecard.ed.gov/school/?166629,2026-09-14,Latest available College Scorecard/IPEDS fields; not represented as 2026-27 outcomes. SAT bounds sum the corresponding official section percentiles; SAT/ACT medians and application fee remain blank unless directly sourced.
university-of-iowa,LATEST_FEDERAL_AVAILABLE_AS_OF_2026-09-13,UNKNOWN,UNKNOWN,UNKNOWN,PENDING_CURRENT_VERIFICATION,32927,,,,LATEST_FEDERAL_OR_SOURCE_REPORTED_BASELINE,USD,,https://collegescorecard.ed.gov/school/?153658,2026-09-14,Latest available College Scorecard/IPEDS fields; not represented as 2026-27 outcomes. SAT bounds sum the corresponding official section percentiles; SAT/ACT medians and application fee remain blank unless directly sourced.
university-of-arizona,LATEST_FEDERAL_AVAILABLE_AS_OF_2026-09-13,UNKNOWN,UNKNOWN,UNKNOWN,PENDING_CURRENT_VERIFICATION,41095,,,,LATEST_FEDERAL_OR_SOURCE_REPORTED_BASELINE,USD,,https://collegescorecard.ed.gov/school/?104179,2026-09-14,Latest available College Scorecard/IPEDS fields; not represented as 2026-27 outcomes. SAT bounds sum the corresponding official section percentiles; SAT/ACT medians and application fee remain blank unless directly sourced.
arizona-state-university,CDS 2025-26 + IPEDS 2024 costs,UNKNOWN,UNKNOWN,UNKNOWN,PENDING_CURRENT_VERIFICATION,32394,745,,55091,OUT_OF_STATE_ON_CAMPUS_IPEDS_2024,USD,,https://www.collegedata.fyi/schools/arizona-state-university-campus-immersion/2025-26,2026-09-14,"Latest available College Scorecard/IPEDS fields; not represented as 2026-27 outcomes. SAT bounds sum the corresponding official section percentiles; SAT/ACT medians and application fee remain blank unless directly sourced. Corrected from erroneous ASU-West match. Current 2025-26 CDS admissions are used; standardized-test percentile totals were not meaningfully reported, so they remain blank."
university-of-oregon,LATEST_FEDERAL_AVAILABLE_AS_OF_2026-09-13,UNKNOWN,UNKNOWN,UNKNOWN,PENDING_CURRENT_VERIFICATION,43302,,,,LATEST_FEDERAL_OR_SOURCE_REPORTED_BASELINE,USD,,https://collegescorecard.ed.gov/school/?209551,2026-09-14,Latest available College Scorecard/IPEDS fields; not represented as 2026-27 outcomes. SAT bounds sum the corresponding official section percentiles; SAT/ACT medians and application fee remain blank unless directly sourced.
oregon-state-university,LATEST_FEDERAL_AVAILABLE_AS_OF_2026-09-13,UNKNOWN,UNKNOWN,UNKNOWN,PENDING_CURRENT_VERIFICATION,35664,,,,LATEST_FEDERAL_OR_SOURCE_REPORTED_BASELINE,USD,,https://collegescorecard.ed.gov/school/?209542,2026-09-14,Latest available College Scorecard/IPEDS fields; not represented as 2026-27 outcomes. SAT bounds sum the corresponding official section percentiles; SAT/ACT medians and application fee remain blank unless directly sourced.
university-of-utah,LATEST_FEDERAL_AVAILABLE_AS_OF_2026-09-13,UNKNOWN,UNKNOWN,UNKNOWN,PENDING_CURRENT_VERIFICATION,29837,,,,LATEST_FEDERAL_OR_SOURCE_REPORTED_BASELINE,USD,,https://collegescorecard.ed.gov/school/?230764,2026-09-14,Latest available College Scorecard/IPEDS fields; not represented as 2026-27 outcomes. SAT bounds sum the corresponding official section percentiles; SAT/ACT medians and application fee remain blank unless directly sourced.
brigham-young-university,LATEST_FEDERAL_AVAILABLE_AS_OF_2026-09-13,UNKNOWN,UNKNOWN,UNKNOWN,PENDING_CURRENT_VERIFICATION,6496,,,20879,LATEST_FEDERAL_OR_SOURCE_REPORTED_BASELINE,USD,,https://collegescorecard.ed.gov/school/?230038,2026-09-14,Latest available College Scorecard/IPEDS fields; not represented as 2026-27 outcomes. SAT bounds sum the corresponding official section percentiles; SAT/ACT medians and application fee remain blank unless directly sourced.
colorado-school-of-mines,LATEST_FEDERAL_AVAILABLE_AS_OF_2026-09-13,UNKNOWN,UNKNOWN,UNKNOWN,PENDING_CURRENT_VERIFICATION,44376,,,,LATEST_FEDERAL_OR_SOURCE_REPORTED_BASELINE,USD,,https://collegescorecard.ed.gov/school/?126775,2026-09-14,Latest available College Scorecard/IPEDS fields; not represented as 2026-27 outcomes. SAT bounds sum the corresponding official section percentiles; SAT/ACT medians and application fee remain blank unless directly sourced.
auburn-university,LATEST_FEDERAL_AVAILABLE_AS_OF_2026-09-13,UNKNOWN,UNKNOWN,UNKNOWN,PENDING_CURRENT_VERIFICATION,33944,,,34402,LATEST_FEDERAL_OR_SOURCE_REPORTED_BASELINE,USD,,https://collegescorecard.ed.gov/school/?100858,2026-09-14,Latest available College Scorecard/IPEDS fields; not represented as 2026-27 outcomes. SAT bounds sum the corresponding official section percentiles; SAT/ACT medians and application fee remain blank unless directly sourced.
university-of-tennessee-knoxville,LATEST_FEDERAL_AVAILABLE_AS_OF_2026-09-13,UNKNOWN,UNKNOWN,UNKNOWN,PENDING_CURRENT_VERIFICATION,31974,,,32658,LATEST_FEDERAL_OR_SOURCE_REPORTED_BASELINE,USD,,https://collegescorecard.ed.gov/school/?221759,2026-09-14,Latest available College Scorecard/IPEDS fields; not represented as 2026-27 outcomes. SAT bounds sum the corresponding official section percentiles; SAT/ACT medians and application fee remain blank unless directly sourced.
university-of-alabama,LATEST_FEDERAL_AVAILABLE_AS_OF_2026-09-13,UNKNOWN,UNKNOWN,UNKNOWN,PENDING_CURRENT_VERIFICATION,33200,,,,LATEST_FEDERAL_OR_SOURCE_REPORTED_BASELINE,USD,,https://collegescorecard.ed.gov/school/?100751,2026-09-14,Latest available College Scorecard/IPEDS fields; not represented as 2026-27 outcomes. SAT bounds sum the corresponding official section percentiles; SAT/ACT medians and application fee remain blank unless directly sourced.
university-of-kentucky,LATEST_FEDERAL_AVAILABLE_AS_OF_2026-09-13,UNKNOWN,UNKNOWN,UNKNOWN,PENDING_CURRENT_VERIFICATION,33406,,,,LATEST_FEDERAL_OR_SOURCE_REPORTED_BASELINE,USD,,https://collegescorecard.ed.gov/school/?157085,2026-09-14,Latest available College Scorecard/IPEDS fields; not represented as 2026-27 outcomes. SAT bounds sum the corresponding official section percentiles; SAT/ACT medians and application fee remain blank unless directly sourced.
university-of-cincinnati,LATEST_FEDERAL_AVAILABLE_AS_OF_2026-09-13,UNKNOWN,UNKNOWN,UNKNOWN,PENDING_CURRENT_VERIFICATION,30582,,,,LATEST_FEDERAL_OR_SOURCE_REPORTED_BASELINE,USD,,https://collegescorecard.ed.gov/school/?201885,2026-09-14,Latest available College Scorecard/IPEDS fields; not represented as 2026-27 outcomes. SAT bounds sum the corresponding official section percentiles; SAT/ACT medians and application fee remain blank unless directly sourced.
university-of-houston,LATEST_FEDERAL_AVAILABLE_AS_OF_2026-09-13,UNKNOWN,UNKNOWN,UNKNOWN,PENDING_CURRENT_VERIFICATION,22191,,,25056,LATEST_FEDERAL_OR_SOURCE_REPORTED_BASELINE,USD,,https://collegescorecard.ed.gov/school/?225511,2026-09-14,Latest available College Scorecard/IPEDS fields; not represented as 2026-27 outcomes. SAT bounds sum the corresponding official section percentiles; SAT/ACT medians and application fee remain blank unless directly sourced.
university-of-south-florida,LATEST_FEDERAL_AVAILABLE_AS_OF_2026-09-13,UNKNOWN,UNKNOWN,UNKNOWN,PENDING_CURRENT_VERIFICATION,17324,,,22301,LATEST_FEDERAL_OR_SOURCE_REPORTED_BASELINE,USD,,https://collegescorecard.ed.gov/school/?137351,2026-09-14,Latest available College Scorecard/IPEDS fields; not represented as 2026-27 outcomes. SAT bounds sum the corresponding official section percentiles; SAT/ACT medians and application fee remain blank unless directly sourced.
university-of-central-florida,LATEST_FEDERAL_AVAILABLE_AS_OF_2026-09-13,UNKNOWN,UNKNOWN,UNKNOWN,PENDING_CURRENT_VERIFICATION,22467,,,22819,LATEST_FEDERAL_OR_SOURCE_REPORTED_BASELINE,USD,,https://collegescorecard.ed.gov/school/?132903,2026-09-14,Latest available College Scorecard/IPEDS fields; not represented as 2026-27 outcomes. SAT bounds sum the corresponding official section percentiles; SAT/ACT medians and application fee remain blank unless directly sourced.
florida-international-university,LATEST_FEDERAL_AVAILABLE_AS_OF_2026-09-13,UNKNOWN,UNKNOWN,UNKNOWN,PENDING_CURRENT_VERIFICATION,18963,,,20556,LATEST_FEDERAL_OR_SOURCE_REPORTED_BASELINE,USD,,https://collegescorecard.ed.gov/school/?133951,2026-09-14,Latest available College Scorecard/IPEDS fields; not represented as 2026-27 outcomes. SAT bounds sum the corresponding official section percentiles; SAT/ACT medians and application fee remain blank unless directly sourced.
florida-atlantic-university,LATEST_FEDERAL_AVAILABLE_AS_OF_2026-09-13,UNKNOWN,UNKNOWN,UNKNOWN,PENDING_CURRENT_VERIFICATION,17324,,,21054,LATEST_FEDERAL_OR_SOURCE_REPORTED_BASELINE,USD,,https://collegescorecard.ed.gov/school/?133669,2026-09-14,Latest available College Scorecard/IPEDS fields; not represented as 2026-27 outcomes. SAT bounds sum the corresponding official section percentiles; SAT/ACT medians and application fee remain blank unless directly sourced.
george-mason-university,LATEST_FEDERAL_AVAILABLE_AS_OF_2026-09-13,UNKNOWN,UNKNOWN,UNKNOWN,PENDING_CURRENT_VERIFICATION,39397,,,,LATEST_FEDERAL_OR_SOURCE_REPORTED_BASELINE,USD,,https://collegescorecard.ed.gov/school/?232186,2026-09-14,Latest available College Scorecard/IPEDS fields; not represented as 2026-27 outcomes. SAT bounds sum the corresponding official section percentiles; SAT/ACT medians and application fee remain blank unless directly sourced.
virginia-commonwealth-university,LATEST_FEDERAL_AVAILABLE_AS_OF_2026-09-13,UNKNOWN,UNKNOWN,UNKNOWN,PENDING_CURRENT_VERIFICATION,39042,,,,LATEST_FEDERAL_OR_SOURCE_REPORTED_BASELINE,USD,,https://collegescorecard.ed.gov/school/?234030,2026-09-14,Latest available College Scorecard/IPEDS fields; not represented as 2026-27 outcomes. SAT bounds sum the corresponding official section percentiles; SAT/ACT medians and application fee remain blank unless directly sourced.
james-madison-university,LATEST_FEDERAL_AVAILABLE_AS_OF_2026-09-13,UNKNOWN,UNKNOWN,UNKNOWN,PENDING_CURRENT_VERIFICATION,30790,,,,LATEST_FEDERAL_OR_SOURCE_REPORTED_BASELINE,USD,,https://collegescorecard.ed.gov/school/?232423,2026-09-14,Latest available College Scorecard/IPEDS fields; not represented as 2026-27 outcomes. SAT bounds sum the corresponding official section percentiles; SAT/ACT medians and application fee remain blank unless directly sourced.
university-of-north-carolina-at-charlotte,LATEST_FEDERAL_AVAILABLE_AS_OF_2026-09-13,UNKNOWN,UNKNOWN,UNKNOWN,PENDING_CURRENT_VERIFICATION,21876,,,22034,LATEST_FEDERAL_OR_SOURCE_REPORTED_BASELINE,USD,,https://collegescorecard.ed.gov/school/?199139,2026-09-14,Latest available College Scorecard/IPEDS fields; not represented as 2026-27 outcomes. SAT bounds sum the corresponding official section percentiles; SAT/ACT medians and application fee remain blank unless directly sourced.
university-of-north-carolina-wilmington,LATEST_FEDERAL_AVAILABLE_AS_OF_2026-09-13,UNKNOWN,UNKNOWN,UNKNOWN,PENDING_CURRENT_VERIFICATION,22985,,,25913,LATEST_FEDERAL_OR_SOURCE_REPORTED_BASELINE,USD,,https://collegescorecard.ed.gov/school/?199218,2026-09-14,Latest available College Scorecard/IPEDS fields; not represented as 2026-27 outcomes. SAT bounds sum the corresponding official section percentiles; SAT/ACT medians and application fee remain blank unless directly sourced.
san-diego-state-university,LATEST_FEDERAL_AVAILABLE_AS_OF_2026-09-13,UNKNOWN,UNKNOWN,UNKNOWN,PENDING_CURRENT_VERIFICATION,20170,,,27357,LATEST_FEDERAL_OR_SOURCE_REPORTED_BASELINE,USD,,https://collegescorecard.ed.gov/school/?122409,2026-09-14,Latest available College Scorecard/IPEDS fields; not represented as 2026-27 outcomes. SAT bounds sum the corresponding official section percentiles; SAT/ACT medians and application fee remain blank unless directly sourced.
california-polytechnic-state-university-san-luis-obispo,LATEST_FEDERAL_AVAILABLE_AS_OF_2026-09-13,UNKNOWN,UNKNOWN,UNKNOWN,PENDING_CURRENT_VERIFICATION,30995,,,,LATEST_FEDERAL_OR_SOURCE_REPORTED_BASELINE,USD,,https://collegescorecard.ed.gov/school/?110422,2026-09-14,Latest available College Scorecard/IPEDS fields; not represented as 2026-27 outcomes. SAT bounds sum the corresponding official section percentiles; SAT/ACT medians and application fee remain blank unless directly sourced.
san-jose-state-university,LATEST_FEDERAL_AVAILABLE_AS_OF_2026-09-13,UNKNOWN,UNKNOWN,UNKNOWN,PENDING_CURRENT_VERIFICATION,19872,,,25695,LATEST_FEDERAL_OR_SOURCE_REPORTED_BASELINE,USD,,https://collegescorecard.ed.gov/school/?122755,2026-09-14,Latest available College Scorecard/IPEDS fields; not represented as 2026-27 outcomes. SAT bounds sum the corresponding official section percentiles; SAT/ACT medians and application fee remain blank unless directly sourced.
california-state-university-long-beach,LATEST_FEDERAL_AVAILABLE_AS_OF_2026-09-13,UNKNOWN,UNKNOWN,UNKNOWN,PENDING_CURRENT_VERIFICATION,18888,,,20310,LATEST_FEDERAL_OR_SOURCE_REPORTED_BASELINE,USD,,https://collegescorecard.ed.gov/school/?110583,2026-09-14,Latest available College Scorecard/IPEDS fields; not represented as 2026-27 outcomes. SAT bounds sum the corresponding official section percentiles; SAT/ACT medians and application fee remain blank unless directly sourced.
california-state-university-fullerton,LATEST_FEDERAL_AVAILABLE_AS_OF_2026-09-13,UNKNOWN,UNKNOWN,UNKNOWN,PENDING_CURRENT_VERIFICATION,18953,,,,LATEST_FEDERAL_OR_SOURCE_REPORTED_BASELINE,USD,,https://collegescorecard.ed.gov/school/?110565,2026-09-14,Latest available College Scorecard/IPEDS fields; not represented as 2026-27 outcomes. SAT bounds sum the corresponding official section percentiles; SAT/ACT medians and application fee remain blank unless directly sourced.
university-of-california-merced,LATEST_FEDERAL_AVAILABLE_AS_OF_2026-09-13,UNKNOWN,UNKNOWN,UNKNOWN,PENDING_CURRENT_VERIFICATION,44944,,,,LATEST_FEDERAL_OR_SOURCE_REPORTED_BASELINE,USD,,https://collegescorecard.ed.gov/school/?445188,2026-09-14,Latest available College Scorecard/IPEDS fields; not represented as 2026-27 outcomes. SAT bounds sum the corresponding official section percentiles; SAT/ACT medians and application fee remain blank unless directly sourced.
loyola-marymount-university,LATEST_FEDERAL_AVAILABLE_AS_OF_2026-09-13,UNKNOWN,UNKNOWN,UNKNOWN,PENDING_CURRENT_VERIFICATION,58974,,,75867,LATEST_FEDERAL_OR_SOURCE_REPORTED_BASELINE,USD,,https://collegescorecard.ed.gov/school/?117946,2026-09-14,Latest available College Scorecard/IPEDS fields; not represented as 2026-27 outcomes. SAT bounds sum the corresponding official section percentiles; SAT/ACT medians and application fee remain blank unless directly sourced.
university-of-san-francisco,LATEST_FEDERAL_AVAILABLE_AS_OF_2026-09-13,UNKNOWN,UNKNOWN,UNKNOWN,PENDING_CURRENT_VERIFICATION,58222,,,76421,LATEST_FEDERAL_OR_SOURCE_REPORTED_BASELINE,USD,,https://collegescorecard.ed.gov/school/?122612,2026-09-14,Latest available College Scorecard/IPEDS fields; not represented as 2026-27 outcomes. SAT bounds sum the corresponding official section percentiles; SAT/ACT medians and application fee remain blank unless directly sourced.
chapman-university,LATEST_FEDERAL_AVAILABLE_AS_OF_2026-09-13,UNKNOWN,UNKNOWN,UNKNOWN,PENDING_CURRENT_VERIFICATION,62784,,,81327,LATEST_FEDERAL_OR_SOURCE_REPORTED_BASELINE,USD,,https://collegescorecard.ed.gov/school/?111948,2026-09-14,Latest available College Scorecard/IPEDS fields; not represented as 2026-27 outcomes. SAT bounds sum the corresponding official section percentiles; SAT/ACT medians and application fee remain blank unless directly sourced.
university-of-denver,LATEST_FEDERAL_AVAILABLE_AS_OF_2026-09-13,UNKNOWN,UNKNOWN,UNKNOWN,PENDING_CURRENT_VERIFICATION,59340,,,75020,LATEST_FEDERAL_OR_SOURCE_REPORTED_BASELINE,USD,,https://collegescorecard.ed.gov/school/?127060,2026-09-14,Latest available College Scorecard/IPEDS fields; not represented as 2026-27 outcomes. SAT bounds sum the corresponding official section percentiles; SAT/ACT medians and application fee remain blank unless directly sourced.
gonzaga-university,LATEST_FEDERAL_AVAILABLE_AS_OF_2026-09-13,UNKNOWN,UNKNOWN,UNKNOWN,PENDING_CURRENT_VERIFICATION,53500,,,69290,LATEST_FEDERAL_OR_SOURCE_REPORTED_BASELINE,USD,,https://collegescorecard.ed.gov/school/?235316,2026-09-14,Latest available College Scorecard/IPEDS fields; not represented as 2026-27 outcomes. SAT bounds sum the corresponding official section percentiles; SAT/ACT medians and application fee remain blank unless directly sourced.
seattle-university,LATEST_FEDERAL_AVAILABLE_AS_OF_2026-09-13,UNKNOWN,UNKNOWN,UNKNOWN,PENDING_CURRENT_VERIFICATION,54285,,,68633,LATEST_FEDERAL_OR_SOURCE_REPORTED_BASELINE,USD,,https://collegescorecard.ed.gov/school/?236595,2026-09-14,Latest available College Scorecard/IPEDS fields; not represented as 2026-27 outcomes. SAT bounds sum the corresponding official section percentiles; SAT/ACT medians and application fee remain blank unless directly sourced.
university-of-portland,LATEST_FEDERAL_AVAILABLE_AS_OF_2026-09-13,UNKNOWN,UNKNOWN,UNKNOWN,PENDING_CURRENT_VERIFICATION,54900,,,69183,LATEST_FEDERAL_OR_SOURCE_REPORTED_BASELINE,USD,,https://collegescorecard.ed.gov/school/?209825,2026-09-14,Latest available College Scorecard/IPEDS fields; not represented as 2026-27 outcomes. SAT bounds sum the corresponding official section percentiles; SAT/ACT medians and application fee remain blank unless directly sourced.
williams-college,LATEST_FEDERAL_AVAILABLE_AS_OF_2026-09-13,UNKNOWN,UNKNOWN,UNKNOWN,PENDING_CURRENT_VERIFICATION,64860,,,81164,LATEST_FEDERAL_OR_SOURCE_REPORTED_BASELINE,USD,,https://collegescorecard.ed.gov/school/?168342,2026-09-14,Latest available College Scorecard/IPEDS fields; not represented as 2026-27 outcomes. SAT bounds sum the corresponding official section percentiles; SAT/ACT medians and application fee remain blank unless directly sourced.
amherst-college,LATEST_FEDERAL_AVAILABLE_AS_OF_2026-09-13,NEED_BLIND,YES,YES,VERIFIED_CURRENT_OFFICIAL,67280,,,83650,LATEST_FEDERAL_OR_SOURCE_REPORTED_BASELINE,USD,https://www.amherst.edu/admission/financial_aid/international,https://collegescorecard.ed.gov/school/?164465,2026-09-14,Latest available College Scorecard/IPEDS fields; not represented as 2026-27 outcomes. SAT bounds sum the corresponding official section percentiles; SAT/ACT medians and application fee remain blank unless directly sourced.
swarthmore-college,LATEST_FEDERAL_AVAILABLE_AS_OF_2026-09-13,UNKNOWN,UNKNOWN,UNKNOWN,PENDING_CURRENT_VERIFICATION,62412,,,80014,LATEST_FEDERAL_OR_SOURCE_REPORTED_BASELINE,USD,,https://collegescorecard.ed.gov/school/?216287,2026-09-14,Latest available College Scorecard/IPEDS fields; not represented as 2026-27 outcomes. SAT bounds sum the corresponding official section percentiles; SAT/ACT medians and application fee remain blank unless directly sourced.
pomona-college,LATEST_FEDERAL_AVAILABLE_AS_OF_2026-09-13,UNKNOWN,UNKNOWN,UNKNOWN,PENDING_CURRENT_VERIFICATION,62326,,,81196,LATEST_FEDERAL_OR_SOURCE_REPORTED_BASELINE,USD,,https://collegescorecard.ed.gov/school/?121345,2026-09-14,Latest available College Scorecard/IPEDS fields; not represented as 2026-27 outcomes. SAT bounds sum the corresponding official section percentiles; SAT/ACT medians and application fee remain blank unless directly sourced.
wellesley-college,LATEST_FEDERAL_AVAILABLE_AS_OF_2026-09-13,UNKNOWN,UNKNOWN,UNKNOWN,PENDING_CURRENT_VERIFICATION,64320,,,83050,LATEST_FEDERAL_OR_SOURCE_REPORTED_BASELINE,USD,,https://collegescorecard.ed.gov/school/?168218,2026-09-14,Latest available College Scorecard/IPEDS fields; not represented as 2026-27 outcomes. SAT bounds sum the corresponding official section percentiles; SAT/ACT medians and application fee remain blank unless directly sourced.
bowdoin-college,LATEST_FEDERAL_AVAILABLE_AS_OF_2026-09-13,NEED_BLIND,YES,YES,VERIFIED_CURRENT_OFFICIAL,64910,,,80390,LATEST_FEDERAL_OR_SOURCE_REPORTED_BASELINE,USD,https://www.bowdoin.edu/admissions/apply/international-students/,https://collegescorecard.ed.gov/school/?161004,2026-09-14,Latest available College Scorecard/IPEDS fields; not represented as 2026-27 outcomes. SAT bounds sum the corresponding official section percentiles; SAT/ACT medians and application fee remain blank unless directly sourced.
claremont-mckenna-college,LATEST_FEDERAL_AVAILABLE_AS_OF_2026-09-13,UNKNOWN,UNKNOWN,UNKNOWN,PENDING_CURRENT_VERIFICATION,64150,,,82127,LATEST_FEDERAL_OR_SOURCE_REPORTED_BASELINE,USD,,https://collegescorecard.ed.gov/school/?112260,2026-09-14,Latest available College Scorecard/IPEDS fields; not represented as 2026-27 outcomes. SAT bounds sum the corresponding official section percentiles; SAT/ACT medians and application fee remain blank unless directly sourced.
carleton-college,LATEST_FEDERAL_AVAILABLE_AS_OF_2026-09-13,UNKNOWN,UNKNOWN,UNKNOWN,PENDING_CURRENT_VERIFICATION,65457,,,81350,LATEST_FEDERAL_OR_SOURCE_REPORTED_BASELINE,USD,,https://collegescorecard.ed.gov/school/?173258,2026-09-14,Latest available College Scorecard/IPEDS fields; not represented as 2026-27 outcomes. SAT bounds sum the corresponding official section percentiles; SAT/ACT medians and application fee remain blank unless directly sourced.
middlebury-college,LATEST_FEDERAL_AVAILABLE_AS_OF_2026-09-13,UNKNOWN,UNKNOWN,UNKNOWN,PENDING_CURRENT_VERIFICATION,65280,,,82260,LATEST_FEDERAL_OR_SOURCE_REPORTED_BASELINE,USD,,https://collegescorecard.ed.gov/school/?230959,2026-09-14,Latest available College Scorecard/IPEDS fields; not represented as 2026-27 outcomes. SAT bounds sum the corresponding official section percentiles; SAT/ACT medians and application fee remain blank unless directly sourced.
barnard-college,LATEST_FEDERAL_AVAILABLE_AS_OF_2026-09-13,UNKNOWN,UNKNOWN,UNKNOWN,PENDING_CURRENT_VERIFICATION,66246,,,84023,LATEST_FEDERAL_OR_SOURCE_REPORTED_BASELINE,USD,,https://collegescorecard.ed.gov/school/?189097,2026-09-14,Latest available College Scorecard/IPEDS fields; not represented as 2026-27 outcomes. SAT bounds sum the corresponding official section percentiles; SAT/ACT medians and application fee remain blank unless directly sourced.
harvey-mudd-college,LATEST_FEDERAL_AVAILABLE_AS_OF_2026-09-13,UNKNOWN,UNKNOWN,UNKNOWN,PENDING_CURRENT_VERIFICATION,66255,,,84896,LATEST_FEDERAL_OR_SOURCE_REPORTED_BASELINE,USD,,https://collegescorecard.ed.gov/school/?115409,2026-09-14,Latest available College Scorecard/IPEDS fields; not represented as 2026-27 outcomes. SAT bounds sum the corresponding official section percentiles; SAT/ACT medians and application fee remain blank unless directly sourced.
wesleyan-university,LATEST_FEDERAL_AVAILABLE_AS_OF_2026-09-13,UNKNOWN,UNKNOWN,UNKNOWN,PENDING_CURRENT_VERIFICATION,67316,,,85172,LATEST_FEDERAL_OR_SOURCE_REPORTED_BASELINE,USD,,https://collegescorecard.ed.gov/school/?130697,2026-09-14,Latest available College Scorecard/IPEDS fields; not represented as 2026-27 outcomes. SAT bounds sum the corresponding official section percentiles; SAT/ACT medians and application fee remain blank unless directly sourced.
grinnell-college,LATEST_FEDERAL_AVAILABLE_AS_OF_2026-09-13,UNKNOWN,UNKNOWN,UNKNOWN,PENDING_CURRENT_VERIFICATION,64862,,,79228,LATEST_FEDERAL_OR_SOURCE_REPORTED_BASELINE,USD,,https://collegescorecard.ed.gov/school/?153384,2026-09-14,Latest available College Scorecard/IPEDS fields; not represented as 2026-27 outcomes. SAT bounds sum the corresponding official section percentiles; SAT/ACT medians and application fee remain blank unless directly sourced.
hamilton-college,LATEST_FEDERAL_AVAILABLE_AS_OF_2026-09-13,UNKNOWN,UNKNOWN,UNKNOWN,PENDING_CURRENT_VERIFICATION,65740,,,80380,LATEST_FEDERAL_OR_SOURCE_REPORTED_BASELINE,USD,,https://collegescorecard.ed.gov/school/?191515,2026-09-14,Latest available College Scorecard/IPEDS fields; not represented as 2026-27 outcomes. SAT bounds sum the corresponding official section percentiles; SAT/ACT medians and application fee remain blank unless directly sourced.
haverford-college,LATEST_FEDERAL_AVAILABLE_AS_OF_2026-09-13,UNKNOWN,UNKNOWN,UNKNOWN,PENDING_CURRENT_VERIFICATION,68300,,,84605,LATEST_FEDERAL_OR_SOURCE_REPORTED_BASELINE,USD,,https://collegescorecard.ed.gov/school/?212911,2026-09-14,Latest available College Scorecard/IPEDS fields; not represented as 2026-27 outcomes. SAT bounds sum the corresponding official section percentiles; SAT/ACT medians and application fee remain blank unless directly sourced.
smith-college,LATEST_FEDERAL_AVAILABLE_AS_OF_2026-09-13,UNKNOWN,UNKNOWN,UNKNOWN,PENDING_CURRENT_VERIFICATION,61568,,,82134,LATEST_FEDERAL_OR_SOURCE_REPORTED_BASELINE,USD,,https://collegescorecard.ed.gov/school/?167835,2026-09-14,Latest available College Scorecard/IPEDS fields; not represented as 2026-27 outcomes. SAT bounds sum the corresponding official section percentiles; SAT/ACT medians and application fee remain blank unless directly sourced.
vassar-college,LATEST_FEDERAL_AVAILABLE_AS_OF_2026-09-13,UNKNOWN,UNKNOWN,UNKNOWN,PENDING_CURRENT_VERIFICATION,67805,,,83573,LATEST_FEDERAL_OR_SOURCE_REPORTED_BASELINE,USD,,https://collegescorecard.ed.gov/school/?197133,2026-09-14,Latest available College Scorecard/IPEDS fields; not represented as 2026-27 outcomes. SAT bounds sum the corresponding official section percentiles; SAT/ACT medians and application fee remain blank unless directly sourced.
colgate-university,LATEST_FEDERAL_AVAILABLE_AS_OF_2026-09-13,UNKNOWN,UNKNOWN,UNKNOWN,PENDING_CURRENT_VERIFICATION,67024,,,83650,LATEST_FEDERAL_OR_SOURCE_REPORTED_BASELINE,USD,,https://collegescorecard.ed.gov/school/?190099,2026-09-14,Latest available College Scorecard/IPEDS fields; not represented as 2026-27 outcomes. SAT bounds sum the corresponding official section percentiles; SAT/ACT medians and application fee remain blank unless directly sourced.
davidson-college,LATEST_FEDERAL_AVAILABLE_AS_OF_2026-09-13,UNKNOWN,UNKNOWN,UNKNOWN,PENDING_CURRENT_VERIFICATION,60300,,,75865,LATEST_FEDERAL_OR_SOURCE_REPORTED_BASELINE,USD,,https://collegescorecard.ed.gov/school/?198385,2026-09-14,Latest available College Scorecard/IPEDS fields; not represented as 2026-27 outcomes. SAT bounds sum the corresponding official section percentiles; SAT/ACT medians and application fee remain blank unless directly sourced.
washington-and-lee-university,LATEST_FEDERAL_AVAILABLE_AS_OF_2026-09-13,UNKNOWN,UNKNOWN,UNKNOWN,PENDING_CURRENT_VERIFICATION,64525,,,82990,LATEST_FEDERAL_OR_SOURCE_REPORTED_BASELINE,USD,,https://collegescorecard.ed.gov/school/?234207,2026-09-14,Latest available College Scorecard/IPEDS fields; not represented as 2026-27 outcomes. SAT bounds sum the corresponding official section percentiles; SAT/ACT medians and application fee remain blank unless directly sourced.
colby-college,LATEST_FEDERAL_AVAILABLE_AS_OF_2026-09-13,UNKNOWN,UNKNOWN,UNKNOWN,PENDING_CURRENT_VERIFICATION,66600,,,81550,LATEST_FEDERAL_OR_SOURCE_REPORTED_BASELINE,USD,,https://collegescorecard.ed.gov/school/?161086,2026-09-14,Latest available College Scorecard/IPEDS fields; not represented as 2026-27 outcomes. SAT bounds sum the corresponding official section percentiles; SAT/ACT medians and application fee remain blank unless directly sourced.
bates-college,LATEST_FEDERAL_AVAILABLE_AS_OF_2026-09-13,UNKNOWN,UNKNOWN,UNKNOWN,PENDING_CURRENT_VERIFICATION,63478,,,80440,LATEST_FEDERAL_OR_SOURCE_REPORTED_BASELINE,USD,,https://collegescorecard.ed.gov/school/?160977,2026-09-14,Latest available College Scorecard/IPEDS fields; not represented as 2026-27 outcomes. SAT bounds sum the corresponding official section percentiles; SAT/ACT medians and application fee remain blank unless directly sourced.
macalester-college,LATEST_FEDERAL_AVAILABLE_AS_OF_2026-09-13,UNKNOWN,UNKNOWN,UNKNOWN,PENDING_CURRENT_VERIFICATION,64908,,,78900,LATEST_FEDERAL_OR_SOURCE_REPORTED_BASELINE,USD,,https://collegescorecard.ed.gov/school/?173902,2026-09-14,Latest available College Scorecard/IPEDS fields; not represented as 2026-27 outcomes. SAT bounds sum the corresponding official section percentiles; SAT/ACT medians and application fee remain blank unless directly sourced.
scripps-college,LATEST_FEDERAL_AVAILABLE_AS_OF_2026-09-13,UNKNOWN,UNKNOWN,UNKNOWN,PENDING_CURRENT_VERIFICATION,63434,,,83330,LATEST_FEDERAL_OR_SOURCE_REPORTED_BASELINE,USD,,https://collegescorecard.ed.gov/school/?123165,2026-09-14,Latest available College Scorecard/IPEDS fields; not represented as 2026-27 outcomes. SAT bounds sum the corresponding official section percentiles; SAT/ACT medians and application fee remain blank unless directly sourced.
bryn-mawr-college,LATEST_FEDERAL_AVAILABLE_AS_OF_2026-09-13,UNKNOWN,UNKNOWN,UNKNOWN,PENDING_CURRENT_VERIFICATION,62560,,,79380,LATEST_FEDERAL_OR_SOURCE_REPORTED_BASELINE,USD,,https://collegescorecard.ed.gov/school/?211273,2026-09-14,Latest available College Scorecard/IPEDS fields; not represented as 2026-27 outcomes. SAT bounds sum the corresponding official section percentiles; SAT/ACT medians and application fee remain blank unless directly sourced.
bucknell-university,LATEST_FEDERAL_AVAILABLE_AS_OF_2026-09-13,UNKNOWN,UNKNOWN,UNKNOWN,PENDING_CURRENT_VERIFICATION,64772,,,79956,LATEST_FEDERAL_OR_SOURCE_REPORTED_BASELINE,USD,,https://collegescorecard.ed.gov/school/?211291,2026-09-14,Latest available College Scorecard/IPEDS fields; not represented as 2026-27 outcomes. SAT bounds sum the corresponding official section percentiles; SAT/ACT medians and application fee remain blank unless directly sourced.
lafayette-college,LATEST_FEDERAL_AVAILABLE_AS_OF_2026-09-13,UNKNOWN,UNKNOWN,UNKNOWN,PENDING_CURRENT_VERIFICATION,62574,,,78854,LATEST_FEDERAL_OR_SOURCE_REPORTED_BASELINE,USD,,https://collegescorecard.ed.gov/school/?213385,2026-09-14,Latest available College Scorecard/IPEDS fields; not represented as 2026-27 outcomes. SAT bounds sum the corresponding official section percentiles; SAT/ACT medians and application fee remain blank unless directly sourced.
college-of-the-holy-cross,LATEST_FEDERAL_AVAILABLE_AS_OF_2026-09-13,UNKNOWN,UNKNOWN,UNKNOWN,PENDING_CURRENT_VERIFICATION,60850,,,76510,LATEST_FEDERAL_OR_SOURCE_REPORTED_BASELINE,USD,,https://collegescorecard.ed.gov/school/?166124,2026-09-14,Latest available College Scorecard/IPEDS fields; not represented as 2026-27 outcomes. SAT bounds sum the corresponding official section percentiles; SAT/ACT medians and application fee remain blank unless directly sourced.
university-of-richmond,LATEST_FEDERAL_AVAILABLE_AS_OF_2026-09-13,UNKNOWN,UNKNOWN,UNKNOWN,PENDING_CURRENT_VERIFICATION,62600,,,77290,LATEST_FEDERAL_OR_SOURCE_REPORTED_BASELINE,USD,,https://collegescorecard.ed.gov/school/?233374,2026-09-14,Latest available College Scorecard/IPEDS fields; not represented as 2026-27 outcomes. SAT bounds sum the corresponding official section percentiles; SAT/ACT medians and application fee remain blank unless directly sourced.
denison-university,LATEST_FEDERAL_AVAILABLE_AS_OF_2026-09-13,UNKNOWN,UNKNOWN,UNKNOWN,PENDING_CURRENT_VERIFICATION,64000,,,76900,LATEST_FEDERAL_OR_SOURCE_REPORTED_BASELINE,USD,,https://collegescorecard.ed.gov/school/?202523,2026-09-14,Latest available College Scorecard/IPEDS fields; not represented as 2026-27 outcomes. SAT bounds sum the corresponding official section percentiles; SAT/ACT medians and application fee remain blank unless directly sourced.
kenyon-college,LATEST_FEDERAL_AVAILABLE_AS_OF_2026-09-13,UNKNOWN,UNKNOWN,UNKNOWN,PENDING_CURRENT_VERIFICATION,69330,,,83800,LATEST_FEDERAL_OR_SOURCE_REPORTED_BASELINE,USD,,https://collegescorecard.ed.gov/school/?203535,2026-09-14,Latest available College Scorecard/IPEDS fields; not represented as 2026-27 outcomes. SAT bounds sum the corresponding official section percentiles; SAT/ACT medians and application fee remain blank unless directly sourced.
occidental-college,LATEST_FEDERAL_AVAILABLE_AS_OF_2026-09-13,UNKNOWN,UNKNOWN,UNKNOWN,PENDING_CURRENT_VERIFICATION,63446,,,80636,LATEST_FEDERAL_OR_SOURCE_REPORTED_BASELINE,USD,,https://collegescorecard.ed.gov/school/?120254,2026-09-14,Latest available College Scorecard/IPEDS fields; not represented as 2026-27 outcomes. SAT bounds sum the corresponding official section percentiles; SAT/ACT medians and application fee remain blank unless directly sourced.
skidmore-college,LATEST_FEDERAL_AVAILABLE_AS_OF_2026-09-13,UNKNOWN,UNKNOWN,UNKNOWN,PENDING_CURRENT_VERIFICATION,65030,,,81890,LATEST_FEDERAL_OR_SOURCE_REPORTED_BASELINE,USD,,https://collegescorecard.ed.gov/school/?195526,2026-09-14,Latest available College Scorecard/IPEDS fields; not represented as 2026-27 outcomes. SAT bounds sum the corresponding official section percentiles; SAT/ACT medians and application fee remain blank unless directly sourced.
trinity-college,LATEST_FEDERAL_AVAILABLE_AS_OF_2026-09-13,UNKNOWN,UNKNOWN,UNKNOWN,PENDING_CURRENT_VERIFICATION,67420,,,83090,LATEST_FEDERAL_OR_SOURCE_REPORTED_BASELINE,USD,,https://collegescorecard.ed.gov/school/?130590,2026-09-14,Latest available College Scorecard/IPEDS fields; not represented as 2026-27 outcomes. SAT bounds sum the corresponding official section percentiles; SAT/ACT medians and application fee remain blank unless directly sourced.
connecticut-college,LATEST_FEDERAL_AVAILABLE_AS_OF_2026-09-13,UNKNOWN,UNKNOWN,UNKNOWN,PENDING_CURRENT_VERIFICATION,64812,,,82219,LATEST_FEDERAL_OR_SOURCE_REPORTED_BASELINE,USD,,https://collegescorecard.ed.gov/school/?128902,2026-09-14,Latest available College Scorecard/IPEDS fields; not represented as 2026-27 outcomes. SAT bounds sum the corresponding official section percentiles; SAT/ACT medians and application fee remain blank unless directly sourced.
oberlin-college,LATEST_FEDERAL_AVAILABLE_AS_OF_2026-09-13,UNKNOWN,UNKNOWN,UNKNOWN,PENDING_CURRENT_VERIFICATION,64646,,,84230,LATEST_FEDERAL_OR_SOURCE_REPORTED_BASELINE,USD,,https://collegescorecard.ed.gov/school/?204501,2026-09-14,Latest available College Scorecard/IPEDS fields; not represented as 2026-27 outcomes. SAT bounds sum the corresponding official section percentiles; SAT/ACT medians and application fee remain blank unless directly sourced.
pitzer-college,LATEST_FEDERAL_AVAILABLE_AS_OF_2026-09-13,UNKNOWN,UNKNOWN,UNKNOWN,PENDING_CURRENT_VERIFICATION,62692,,,82832,LATEST_FEDERAL_OR_SOURCE_REPORTED_BASELINE,USD,,https://collegescorecard.ed.gov/school/?121257,2026-09-14,Latest available College Scorecard/IPEDS fields; not represented as 2026-27 outcomes. SAT bounds sum the corresponding official section percentiles; SAT/ACT medians and application fee remain blank unless directly sourced.
colorado-college,LATEST_FEDERAL_AVAILABLE_AS_OF_2026-09-13,UNKNOWN,UNKNOWN,UNKNOWN,PENDING_CURRENT_VERIFICATION,67932,,,83228,LATEST_FEDERAL_OR_SOURCE_REPORTED_BASELINE,USD,,https://collegescorecard.ed.gov/school/?126678,2026-09-14,Latest available College Scorecard/IPEDS fields; not represented as 2026-27 outcomes. SAT bounds sum the corresponding official section percentiles; SAT/ACT medians and application fee remain blank unless directly sourced.
rhodes-college,LATEST_FEDERAL_AVAILABLE_AS_OF_2026-09-13,UNKNOWN,UNKNOWN,UNKNOWN,PENDING_CURRENT_VERIFICATION,54892,,,68055,LATEST_FEDERAL_OR_SOURCE_REPORTED_BASELINE,USD,,https://collegescorecard.ed.gov/school/?221351,2026-09-14,Latest available College Scorecard/IPEDS fields; not represented as 2026-27 outcomes. SAT bounds sum the corresponding official section percentiles; SAT/ACT medians and application fee remain blank unless directly sourced.
sewanee-the-university-of-the-south,LATEST_FEDERAL_AVAILABLE_AS_OF_2026-09-13,UNKNOWN,UNKNOWN,UNKNOWN,PENDING_CURRENT_VERIFICATION,53698,,,68704,LATEST_FEDERAL_OR_SOURCE_REPORTED_BASELINE,USD,,https://collegescorecard.ed.gov/school/?221519,2026-09-14,Latest available College Scorecard/IPEDS fields; not represented as 2026-27 outcomes. SAT bounds sum the corresponding official section percentiles; SAT/ACT medians and application fee remain blank unless directly sourced.
furman-university,LATEST_FEDERAL_AVAILABLE_AS_OF_2026-09-13,UNKNOWN,UNKNOWN,UNKNOWN,PENDING_CURRENT_VERIFICATION,58312,,,73760,LATEST_FEDERAL_OR_SOURCE_REPORTED_BASELINE,USD,,https://collegescorecard.ed.gov/school/?218070,2026-09-14,Latest available College Scorecard/IPEDS fields; not represented as 2026-27 outcomes. SAT bounds sum the corresponding official section percentiles; SAT/ACT medians and application fee remain blank unless directly sourced.
whitman-college,LATEST_FEDERAL_AVAILABLE_AS_OF_2026-09-13,UNKNOWN,UNKNOWN,UNKNOWN,PENDING_CURRENT_VERIFICATION,61492,,,75042,LATEST_FEDERAL_OR_SOURCE_REPORTED_BASELINE,USD,,https://collegescorecard.ed.gov/school/?237057,2026-09-14,Latest available College Scorecard/IPEDS fields; not represented as 2026-27 outcomes. SAT bounds sum the corresponding official section percentiles; SAT/ACT medians and application fee remain blank unless directly sourced.
franklin-and-marshall-college,LATEST_FEDERAL_AVAILABLE_AS_OF_2026-09-13,UNKNOWN,UNKNOWN,UNKNOWN,PENDING_CURRENT_VERIFICATION,68380,,,83184,LATEST_FEDERAL_OR_SOURCE_REPORTED_BASELINE,USD,,https://collegescorecard.ed.gov/school/?212577,2026-09-14,Latest available College Scorecard/IPEDS fields; not represented as 2026-27 outcomes. SAT bounds sum the corresponding official section percentiles; SAT/ACT medians and application fee remain blank unless directly sourced.
gettysburg-college,LATEST_FEDERAL_AVAILABLE_AS_OF_2026-09-13,UNKNOWN,UNKNOWN,UNKNOWN,PENDING_CURRENT_VERIFICATION,64230,,,80400,LATEST_FEDERAL_OR_SOURCE_REPORTED_BASELINE,USD,,https://collegescorecard.ed.gov/school/?212674,2026-09-14,Latest available College Scorecard/IPEDS fields; not represented as 2026-27 outcomes. SAT bounds sum the corresponding official section percentiles; SAT/ACT medians and application fee remain blank unless directly sourced.
dickinson-college,LATEST_FEDERAL_AVAILABLE_AS_OF_2026-09-13,UNKNOWN,UNKNOWN,UNKNOWN,PENDING_CURRENT_VERIFICATION,63475,,,80329,LATEST_FEDERAL_OR_SOURCE_REPORTED_BASELINE,USD,,https://collegescorecard.ed.gov/school/?212009,2026-09-14,Latest available College Scorecard/IPEDS fields; not represented as 2026-27 outcomes. SAT bounds sum the corresponding official section percentiles; SAT/ACT medians and application fee remain blank unless directly sourced.
depauw-university,LATEST_FEDERAL_AVAILABLE_AS_OF_2026-09-13,UNKNOWN,UNKNOWN,UNKNOWN,PENDING_CURRENT_VERIFICATION,57070,,,72560,LATEST_FEDERAL_OR_SOURCE_REPORTED_BASELINE,USD,,https://collegescorecard.ed.gov/school/?150400,2026-09-14,Latest available College Scorecard/IPEDS fields; not represented as 2026-27 outcomes. SAT bounds sum the corresponding official section percentiles; SAT/ACT medians and application fee remain blank unless directly sourced.
college-of-wooster,LATEST_FEDERAL_AVAILABLE_AS_OF_2026-09-13,UNKNOWN,UNKNOWN,UNKNOWN,PENDING_CURRENT_VERIFICATION,59550,,,73075,LATEST_FEDERAL_OR_SOURCE_REPORTED_BASELINE,USD,,https://collegescorecard.ed.gov/school/?206589,2026-09-14,Latest available College Scorecard/IPEDS fields; not represented as 2026-27 outcomes. SAT bounds sum the corresponding official section percentiles; SAT/ACT medians and application fee remain blank unless directly sourced.
lawrence-university,LATEST_FEDERAL_AVAILABLE_AS_OF_2026-09-13,UNKNOWN,UNKNOWN,UNKNOWN,PENDING_CURRENT_VERIFICATION,55461,,,67824,LATEST_FEDERAL_OR_SOURCE_REPORTED_BASELINE,USD,,https://collegescorecard.ed.gov/school/?239017,2026-09-14,Latest available College Scorecard/IPEDS fields; not represented as 2026-27 outcomes. SAT bounds sum the corresponding official section percentiles; SAT/ACT medians and application fee remain blank unless directly sourced.
kalamazoo-college,LATEST_FEDERAL_AVAILABLE_AS_OF_2026-09-13,UNKNOWN,UNKNOWN,UNKNOWN,PENDING_CURRENT_VERIFICATION,58764,,,71173,LATEST_FEDERAL_OR_SOURCE_REPORTED_BASELINE,USD,,https://collegescorecard.ed.gov/school/?170532,2026-09-14,Latest available College Scorecard/IPEDS fields; not represented as 2026-27 outcomes. SAT bounds sum the corresponding official section percentiles; SAT/ACT medians and application fee remain blank unless directly sourced.
st-olaf-college,LATEST_FEDERAL_AVAILABLE_AS_OF_2026-09-13,UNKNOWN,UNKNOWN,UNKNOWN,PENDING_CURRENT_VERIFICATION,56970,,,69200,LATEST_FEDERAL_OR_SOURCE_REPORTED_BASELINE,USD,,https://collegescorecard.ed.gov/school/?174844,2026-09-14,Latest available College Scorecard/IPEDS fields; not represented as 2026-27 outcomes. SAT bounds sum the corresponding official section percentiles; SAT/ACT medians and application fee remain blank unless directly sourced.
gustavus-adolphus-college,LATEST_FEDERAL_AVAILABLE_AS_OF_2026-09-13,UNKNOWN,UNKNOWN,UNKNOWN,PENDING_CURRENT_VERIFICATION,54310,,,65976,LATEST_FEDERAL_OR_SOURCE_REPORTED_BASELINE,USD,,https://collegescorecard.ed.gov/school/?173647,2026-09-14,Latest available College Scorecard/IPEDS fields; not represented as 2026-27 outcomes. SAT bounds sum the corresponding official section percentiles; SAT/ACT medians and application fee remain blank unless directly sourced.
union-college,LATEST_FEDERAL_AVAILABLE_AS_OF_2026-09-13,UNKNOWN,UNKNOWN,UNKNOWN,PENDING_CURRENT_VERIFICATION,66456,,,81627,LATEST_FEDERAL_OR_SOURCE_REPORTED_BASELINE,USD,,https://collegescorecard.ed.gov/school/?196866,2026-09-14,Latest available College Scorecard/IPEDS fields; not represented as 2026-27 outcomes. SAT bounds sum the corresponding official section percentiles; SAT/ACT medians and application fee remain blank unless directly sourced.
reed-college,LATEST_FEDERAL_AVAILABLE_AS_OF_2026-09-13,UNKNOWN,UNKNOWN,UNKNOWN,PENDING_CURRENT_VERIFICATION,67020,,,83310,LATEST_FEDERAL_OR_SOURCE_REPORTED_BASELINE,USD,,https://collegescorecard.ed.gov/school/?209922,2026-09-14,Latest available College Scorecard/IPEDS fields; not represented as 2026-27 outcomes. SAT bounds sum the corresponding official section percentiles; SAT/ACT medians and application fee remain blank unless directly sourced.
mount-holyoke-college,LATEST_FEDERAL_AVAILABLE_AS_OF_2026-09-13,UNKNOWN,UNKNOWN,UNKNOWN,PENDING_CURRENT_VERIFICATION,64142,,,77545,LATEST_FEDERAL_OR_SOURCE_REPORTED_BASELINE,USD,,https://collegescorecard.ed.gov/school/?166939,2026-09-14,Latest available College Scorecard/IPEDS fields; not represented as 2026-27 outcomes. SAT bounds sum the corresponding official section percentiles; SAT/ACT medians and application fee remain blank unless directly sourced.
spelman-college,LATEST_FEDERAL_AVAILABLE_AS_OF_2026-09-13,UNKNOWN,UNKNOWN,UNKNOWN,PENDING_CURRENT_VERIFICATION,30058,,,49349,LATEST_FEDERAL_OR_SOURCE_REPORTED_BASELINE,USD,,https://collegescorecard.ed.gov/school/?141060,2026-09-14,Latest available College Scorecard/IPEDS fields; not represented as 2026-27 outcomes. SAT bounds sum the corresponding official section percentiles; SAT/ACT medians and application fee remain blank unless directly sourced.
morehouse-college,LATEST_FEDERAL_AVAILABLE_AS_OF_2026-09-13,UNKNOWN,UNKNOWN,UNKNOWN,PENDING_CURRENT_VERIFICATION,31725,,,47347,LATEST_FEDERAL_OR_SOURCE_REPORTED_BASELINE,USD,,https://collegescorecard.ed.gov/school/?140553,2026-09-14,Latest available College Scorecard/IPEDS fields; not represented as 2026-27 outcomes. SAT bounds sum the corresponding official section percentiles; SAT/ACT medians and application fee remain blank unless directly sourced.
sarah-lawrence-college,LATEST_FEDERAL_AVAILABLE_AS_OF_2026-09-13,UNKNOWN,UNKNOWN,UNKNOWN,PENDING_CURRENT_VERIFICATION,63678,,,79320,LATEST_FEDERAL_OR_SOURCE_REPORTED_BASELINE,USD,,https://collegescorecard.ed.gov/school/?195304,2026-09-14,Latest available College Scorecard/IPEDS fields; not represented as 2026-27 outcomes. SAT bounds sum the corresponding official section percentiles; SAT/ACT medians and application fee remain blank unless directly sourced.
bard-college,LATEST_FEDERAL_AVAILABLE_AS_OF_2026-09-13,UNKNOWN,UNKNOWN,UNKNOWN,PENDING_CURRENT_VERIFICATION,63612,,,81661,LATEST_FEDERAL_OR_SOURCE_REPORTED_BASELINE,USD,,https://collegescorecard.ed.gov/school/?189088,2026-09-14,Latest available College Scorecard/IPEDS fields; not represented as 2026-27 outcomes. SAT bounds sum the corresponding official section percentiles; SAT/ACT medians and application fee remain blank unless directly sourced.
centre-college,LATEST_FEDERAL_AVAILABLE_AS_OF_2026-09-13,UNKNOWN,UNKNOWN,UNKNOWN,PENDING_CURRENT_VERIFICATION,50550,,,63354,LATEST_FEDERAL_OR_SOURCE_REPORTED_BASELINE,USD,,https://collegescorecard.ed.gov/school/?156408,2026-09-14,Latest available College Scorecard/IPEDS fields; not represented as 2026-27 outcomes. SAT bounds sum the corresponding official section percentiles; SAT/ACT medians and application fee remain blank unless directly sourced.
berea-college,LATEST_FEDERAL_AVAILABLE_AS_OF_2026-09-13,UNKNOWN,UNKNOWN,UNKNOWN,PENDING_CURRENT_VERIFICATION,49326,,,56068,LATEST_FEDERAL_OR_SOURCE_REPORTED_BASELINE,USD,,https://collegescorecard.ed.gov/school/?156295,2026-09-14,Latest available College Scorecard/IPEDS fields; not represented as 2026-27 outcomes. SAT bounds sum the corresponding official section percentiles; SAT/ACT medians and application fee remain blank unless directly sourced.
trinity-university,LATEST_FEDERAL_AVAILABLE_AS_OF_2026-09-13,UNKNOWN,UNKNOWN,UNKNOWN,PENDING_CURRENT_VERIFICATION,51352,,,65774,LATEST_FEDERAL_OR_SOURCE_REPORTED_BASELINE,USD,,https://collegescorecard.ed.gov/school/?229267,2026-09-14,Latest available College Scorecard/IPEDS fields; not represented as 2026-27 outcomes. SAT bounds sum the corresponding official section percentiles; SAT/ACT medians and application fee remain blank unless directly sourced.
babson-college,LATEST_FEDERAL_AVAILABLE_AS_OF_2026-09-13,UNKNOWN,UNKNOWN,UNKNOWN,PENDING_CURRENT_VERIFICATION,56032,,,77248,LATEST_FEDERAL_OR_SOURCE_REPORTED_BASELINE,USD,,https://collegescorecard.ed.gov/school/?164580,2026-09-14,Latest available College Scorecard/IPEDS fields; not represented as 2026-27 outcomes. SAT bounds sum the corresponding official section percentiles; SAT/ACT medians and application fee remain blank unless directly sourced.
bentley-university,LATEST_FEDERAL_AVAILABLE_AS_OF_2026-09-13,UNKNOWN,UNKNOWN,UNKNOWN,PENDING_CURRENT_VERIFICATION,58150,,,77082,LATEST_FEDERAL_OR_SOURCE_REPORTED_BASELINE,USD,,https://collegescorecard.ed.gov/school/?164739,2026-09-14,Latest available College Scorecard/IPEDS fields; not represented as 2026-27 outcomes. SAT bounds sum the corresponding official section percentiles; SAT/ACT medians and application fee remain blank unless directly sourced.
franklin-w-olin-college-of-engineering,LATEST_FEDERAL_AVAILABLE_AS_OF_2026-09-13,UNKNOWN,UNKNOWN,UNKNOWN,PENDING_CURRENT_VERIFICATION,64458,,,81486,LATEST_FEDERAL_OR_SOURCE_REPORTED_BASELINE,USD,,https://collegescorecard.ed.gov/school/?441982,2026-09-14,Latest available College Scorecard/IPEDS fields; not represented as 2026-27 outcomes. SAT bounds sum the corresponding official section percentiles; SAT/ACT medians and application fee remain blank unless directly sourced.
the-cooper-union,LATEST_FEDERAL_AVAILABLE_AS_OF_2026-09-13,UNKNOWN,UNKNOWN,UNKNOWN,PENDING_CURRENT_VERIFICATION,46820,,,67088,LATEST_FEDERAL_OR_SOURCE_REPORTED_BASELINE,USD,,https://collegescorecard.ed.gov/school/?190372,2026-09-14,Latest available College Scorecard/IPEDS fields; not represented as 2026-27 outcomes. SAT bounds sum the corresponding official section percentiles; SAT/ACT medians and application fee remain blank unless directly sourced.
rose-hulman-institute-of-technology,LATEST_FEDERAL_AVAILABLE_AS_OF_2026-09-13,UNKNOWN,UNKNOWN,UNKNOWN,PENDING_CURRENT_VERIFICATION,56674,,,74226,LATEST_FEDERAL_OR_SOURCE_REPORTED_BASELINE,USD,,https://collegescorecard.ed.gov/school/?152318,2026-09-14,Latest available College Scorecard/IPEDS fields; not represented as 2026-27 outcomes. SAT bounds sum the corresponding official section percentiles; SAT/ACT medians and application fee remain blank unless directly sourced.
rhode-island-school-of-design,LATEST_FEDERAL_AVAILABLE_AS_OF_2026-09-13,UNKNOWN,UNKNOWN,UNKNOWN,PENDING_CURRENT_VERIFICATION,59760,,,78857,LATEST_FEDERAL_OR_SOURCE_REPORTED_BASELINE,USD,,https://collegescorecard.ed.gov/school/?217493,2026-09-14,Latest available College Scorecard/IPEDS fields; not represented as 2026-27 outcomes. SAT bounds sum the corresponding official section percentiles; SAT/ACT medians and application fee remain blank unless directly sourced.
berklee-college-of-music,LATEST_FEDERAL_AVAILABLE_AS_OF_2026-09-13,UNKNOWN,UNKNOWN,UNKNOWN,PENDING_CURRENT_VERIFICATION,50270,,,69874,LATEST_FEDERAL_OR_SOURCE_REPORTED_BASELINE,USD,,https://collegescorecard.ed.gov/school/?164748,2026-09-14,Latest available College Scorecard/IPEDS fields; not represented as 2026-27 outcomes. SAT bounds sum the corresponding official section percentiles; SAT/ACT medians and application fee remain blank unless directly sourced.
the-juilliard-school,LATEST_FEDERAL_AVAILABLE_AS_OF_2026-09-13,UNKNOWN,UNKNOWN,UNKNOWN,PENDING_CURRENT_VERIFICATION,56550,,,81090,LATEST_FEDERAL_OR_SOURCE_REPORTED_BASELINE,USD,,https://collegescorecard.ed.gov/school/?192110,2026-09-14,Latest available College Scorecard/IPEDS fields; not represented as 2026-27 outcomes. SAT bounds sum the corresponding official section percentiles; SAT/ACT medians and application fee remain blank unless directly sourced.
school-of-the-art-institute-of-chicago,LATEST_FEDERAL_AVAILABLE_AS_OF_2026-09-13,UNKNOWN,UNKNOWN,UNKNOWN,PENDING_CURRENT_VERIFICATION,54530,,,74138,LATEST_FEDERAL_OR_SOURCE_REPORTED_BASELINE,USD,,https://collegescorecard.ed.gov/school/?143048,2026-09-14,Latest available College Scorecard/IPEDS fields; not represented as 2026-27 outcomes. SAT bounds sum the corresponding official section percentiles; SAT/ACT medians and application fee remain blank unless directly sourced.
howard-university,LATEST_FEDERAL_AVAILABLE_AS_OF_2026-09-13,UNKNOWN,UNKNOWN,UNKNOWN,PENDING_CURRENT_VERIFICATION,33344,,,51450,LATEST_FEDERAL_OR_SOURCE_REPORTED_BASELINE,USD,,https://collegescorecard.ed.gov/school/?131520,2026-09-14,Latest available College Scorecard/IPEDS fields; not represented as 2026-27 outcomes. SAT bounds sum the corresponding official section percentiles; SAT/ACT medians and application fee remain blank unless directly sourced.
loyola-university-chicago,LATEST_FEDERAL_AVAILABLE_AS_OF_2026-09-13,UNKNOWN,UNKNOWN,UNKNOWN,PENDING_CURRENT_VERIFICATION,51716,,,64167,LATEST_FEDERAL_OR_SOURCE_REPORTED_BASELINE,USD,,https://collegescorecard.ed.gov/school/?146719,2026-09-14,Latest available College Scorecard/IPEDS fields; not represented as 2026-27 outcomes. SAT bounds sum the corresponding official section percentiles; SAT/ACT medians and application fee remain blank unless directly sourced.
marquette-university,LATEST_FEDERAL_AVAILABLE_AS_OF_2026-09-13,UNKNOWN,UNKNOWN,UNKNOWN,PENDING_CURRENT_VERIFICATION,48700,,,63233,LATEST_FEDERAL_OR_SOURCE_REPORTED_BASELINE,USD,,https://collegescorecard.ed.gov/school/?239105,2026-09-14,Latest available College Scorecard/IPEDS fields; not represented as 2026-27 outcomes. SAT bounds sum the corresponding official section percentiles; SAT/ACT medians and application fee remain blank unless directly sourced.
samford-university,LATEST_FEDERAL_AVAILABLE_AS_OF_2026-09-13,UNKNOWN,UNKNOWN,UNKNOWN,PENDING_CURRENT_VERIFICATION,38144,,,53934,LATEST_FEDERAL_OR_SOURCE_REPORTED_BASELINE,USD,,https://collegescorecard.ed.gov/school/?102049,2026-09-14,Latest available College Scorecard/IPEDS fields; not represented as 2026-27 outcomes. SAT bounds sum the corresponding official section percentiles; SAT/ACT medians and application fee remain blank unless directly sourced.
