slug,school_name,primary_campus_image_status,priority,recommended_source
princeton-university,Princeton University,MISSING,MEDIUM,Wikimedia Commons or official university media with reusable-license/permission basis
massachusetts-institute-of-technology,Massachusetts Institute of Technology,VERIFIED,DONE,Wikimedia Commons or official university media with reusable-license/permission basis
harvard-university,Harvard University,VERIFIED,DONE,Wikimedia Commons or official university media with reusable-license/permission basis
stanford-university,Stanford University,VERIFIED,DONE,Wikimedia Commons or official university media with reusable-license/permission basis
yale-university,Yale University,MISSING,MEDIUM,Wikimedia Commons or official university media with reusable-license/permission basis
university-of-pennsylvania,University of Pennsylvania,MISSING,MEDIUM,Wikimedia Commons or official university media with reusable-license/permission basis
california-institute-of-technology,California Institute of Technology,MISSING,MEDIUM,Wikimedia Commons or official university media with reusable-license/permission basis
duke-university,Duke University,MISSING,MEDIUM,Wikimedia Commons or official university media with reusable-license/permission basis
brown-university,Brown University,MISSING,MEDIUM,Wikimedia Commons or official university media with reusable-license/permission basis
johns-hopkins-university,Johns Hopkins University,MISSING,MEDIUM,Wikimedia Commons or official university media with reusable-license/permission basis
northwestern-university,Northwestern University,MISSING,MEDIUM,Wikimedia Commons or official university media with reusable-license/permission basis
columbia-university,Columbia University in the City of New York,MISSING,MEDIUM,Wikimedia Commons or official university media with reusable-license/permission basis
cornell-university,Cornell University,MISSING,MEDIUM,Wikimedia Commons or official university media with reusable-license/permission basis
university-of-chicago,University of Chicago,MISSING,MEDIUM,Wikimedia Commons or official university media with reusable-license/permission basis
university-of-california-berkeley,University of California-Berkeley,MISSING,MEDIUM,Wikimedia Commons or official university media with reusable-license/permission basis
university-of-california-los-angeles,University of California-Los Angeles,MISSING,MEDIUM,Wikimedia Commons or official university media with reusable-license/permission basis
rice-university,Rice University,MISSING,MEDIUM,Wikimedia Commons or official university media with reusable-license/permission basis
dartmouth-college,Dartmouth College,MISSING,MEDIUM,Wikimedia Commons or official university media with reusable-license/permission basis
vanderbilt-university,Vanderbilt University,MISSING,MEDIUM,Wikimedia Commons or official university media with reusable-license/permission basis
university-of-notre-dame,University of Notre Dame,MISSING,MEDIUM,Wikimedia Commons or official university media with reusable-license/permission basis
university-of-michiganann-arbor,University of Michigan-Ann Arbor,MISSING,MEDIUM,Wikimedia Commons or official university media with reusable-license/permission basis
georgetown-university,Georgetown University,MISSING,MEDIUM,Wikimedia Commons or official university media with reusable-license/permission basis
university-of-virginia,University of Virginia-Main Campus,MISSING,MEDIUM,Wikimedia Commons or official university media with reusable-license/permission basis
washington-university-in-st-louis,Washington University in St Louis,MISSING,MEDIUM,Wikimedia Commons or official university media with reusable-license/permission basis
carnegie-mellon-university,Carnegie Mellon University,MISSING,MEDIUM,Wikimedia Commons or official university media with reusable-license/permission basis
emory-university,Emory University,MISSING,MEDIUM,Wikimedia Commons or official university media with reusable-license/permission basis
university-of-southern-california,University of Southern California,MISSING,MEDIUM,Wikimedia Commons or official university media with reusable-license/permission basis
university-of-california-san-diego,University of California-San Diego,MISSING,MEDIUM,Wikimedia Commons or official university media with reusable-license/permission basis
university-of-florida,University of Florida,MISSING,MEDIUM,Wikimedia Commons or official university media with reusable-license/permission basis
university-of-california-davis,University of California-Davis,MISSING,MEDIUM,Wikimedia Commons or official university media with reusable-license/permission basis
university-of-texas-at-austin,The University of Texas at Austin,MISSING,MEDIUM,Wikimedia Commons or official university media with reusable-license/permission basis
university-of-california-irvine,University of California-Irvine,MISSING,MEDIUM,Wikimedia Commons or official university media with reusable-license/permission basis
georgia-institute-of-technology,Georgia Institute of Technology-Main Campus,MISSING,MEDIUM,Wikimedia Commons or official university media with reusable-license/permission basis
university-of-california-santa-barbara,University of California-Santa Barbara,MISSING,MEDIUM,Wikimedia Commons or official university media with reusable-license/permission basis
university-of-illinois-urbana-champaign,University of Illinois Urbana-Champaign,MISSING,MEDIUM,Wikimedia Commons or official university media with reusable-license/permission basis
university-of-wisconsinmadison,University of Wisconsin-Madison,MISSING,MEDIUM,Wikimedia Commons or official university media with reusable-license/permission basis
new-york-university,New York University,MISSING,MEDIUM,Wikimedia Commons or official university media with reusable-license/permission basis
boston-college,Boston College,MISSING,MEDIUM,Wikimedia Commons or official university media with reusable-license/permission basis
university-of-washington,University of Washington-Seattle Campus,MISSING,MEDIUM,Wikimedia Commons or official university media with reusable-license/permission basis
tufts-university,Tufts University,MISSING,MEDIUM,Wikimedia Commons or official university media with reusable-license/permission basis
rutgers-universitynew-brunswick,Rutgers University-New Brunswick,MISSING,MEDIUM,Wikimedia Commons or official university media with reusable-license/permission basis
boston-university,Boston University,MISSING,MEDIUM,Wikimedia Commons or official university media with reusable-license/permission basis
the-ohio-state-university,Ohio State University-Main Campus,MISSING,MEDIUM,Wikimedia Commons or official university media with reusable-license/permission basis
university-of-maryland-college-park,University of Maryland-College Park,MISSING,MEDIUM,Wikimedia Commons or official university media with reusable-license/permission basis
university-of-rochester,University of Rochester,MISSING,MEDIUM,Wikimedia Commons or official university media with reusable-license/permission basis
purdue-university,Purdue University,MISSING,MEDIUM,Wikimedia Commons or official university media with reusable-license/permission basis
university-of-north-carolina-at-chapel-hill,University of North Carolina at Chapel Hill,MISSING,MEDIUM,Wikimedia Commons or official university media with reusable-license/permission basis
wake-forest-university,Wake Forest University,MISSING,MEDIUM,Wikimedia Commons or official university media with reusable-license/permission basis
virginia-tech,Virginia Polytechnic Institute and State University,MISSING,MEDIUM,Wikimedia Commons or official university media with reusable-license/permission basis
texas-a-and-m-university,Texas A&M University,MISSING,MEDIUM,Wikimedia Commons or official university media with reusable-license/permission basis
florida-state-university,Florida State University,MISSING,MEDIUM,Wikimedia Commons or official university media with reusable-license/permission basis
northeastern-university,Northeastern University,MISSING,MEDIUM,Wikimedia Commons or official university media with reusable-license/permission basis
case-western-reserve-university,Case Western Reserve University,MISSING,MEDIUM,Wikimedia Commons or official university media with reusable-license/permission basis
tulane-university,Tulane University of Louisiana,MISSING,MEDIUM,Wikimedia Commons or official university media with reusable-license/permission basis
university-of-miami,University of Miami,MISSING,MEDIUM,Wikimedia Commons or official university media with reusable-license/permission basis
university-of-georgia,University of Georgia,MISSING,MEDIUM,Wikimedia Commons or official university media with reusable-license/permission basis
lehigh-university,Lehigh University,MISSING,MEDIUM,Wikimedia Commons or official university media with reusable-license/permission basis
villanova-university,Villanova University,MISSING,MEDIUM,Wikimedia Commons or official university media with reusable-license/permission basis
rensselaer-polytechnic-institute,Rensselaer Polytechnic Institute,MISSING,MEDIUM,Wikimedia Commons or official university media with reusable-license/permission basis
brandeis-university,Brandeis University,MISSING,MEDIUM,Wikimedia Commons or official university media with reusable-license/permission basis
william-and-mary,William & Mary,MISSING,MEDIUM,Wikimedia Commons or official university media with reusable-license/permission basis
clemson-university,Clemson University,MISSING,MEDIUM,Wikimedia Commons or official university media with reusable-license/permission basis
southern-methodist-university,Southern Methodist University,MISSING,MEDIUM,Wikimedia Commons or official university media with reusable-license/permission basis
george-washington-university,George Washington University,MISSING,MEDIUM,Wikimedia Commons or official university media with reusable-license/permission basis
pennsylvania-state-university,Pennsylvania State University-Main Campus,MISSING,MEDIUM,Wikimedia Commons or official university media with reusable-license/permission basis
university-of-minnesota-twin-cities,University of Minnesota-Twin Cities,MISSING,MEDIUM,Wikimedia Commons or official university media with reusable-license/permission basis
indiana-university-bloomington,Indiana University-Bloomington,MISSING,MEDIUM,Wikimedia Commons or official university media with reusable-license/permission basis
michigan-state-university,Michigan State University,MISSING,MEDIUM,Wikimedia Commons or official university media with reusable-license/permission basis
north-carolina-state-university,North Carolina State University,MISSING,MEDIUM,Wikimedia Commons or official university media with reusable-license/permission basis
university-of-california-santa-cruz,University of California-Santa Cruz,MISSING,MEDIUM,Wikimedia Commons or official university media with reusable-license/permission basis
university-of-california-riverside,University of California-Riverside,MISSING,MEDIUM,Wikimedia Commons or official university media with reusable-license/permission basis
university-of-colorado-boulder,University of Colorado Boulder,MISSING,MEDIUM,Wikimedia Commons or official university media with reusable-license/permission basis
university-of-connecticut,University of Connecticut,MISSING,MEDIUM,Wikimedia Commons or official university media with reusable-license/permission basis
university-of-pittsburgh,University of Pittsburgh-Pittsburgh Campus,MISSING,MEDIUM,Wikimedia Commons or official university media with reusable-license/permission basis
syracuse-university,Syracuse University,MISSING,MEDIUM,Wikimedia Commons or official university media with reusable-license/permission basis
american-university,American University,MISSING,MEDIUM,Wikimedia Commons or official university media with reusable-license/permission basis
baylor-university,Baylor University,MISSING,MEDIUM,Wikimedia Commons or official university media with reusable-license/permission basis
texas-christian-university,Texas Christian University,MISSING,MEDIUM,Wikimedia Commons or official university media with reusable-license/permission basis
santa-clara-university,Santa Clara University,MISSING,MEDIUM,Wikimedia Commons or official university media with reusable-license/permission basis
pepperdine-university,Pepperdine University,MISSING,MEDIUM,Wikimedia Commons or official university media with reusable-license/permission basis
fordham-university,Fordham University,MISSING,MEDIUM,Wikimedia Commons or official university media with reusable-license/permission basis
stevens-institute-of-technology,Stevens Institute of Technology,MISSING,MEDIUM,Wikimedia Commons or official university media with reusable-license/permission basis
worcester-polytechnic-institute,Worcester Polytechnic Institute,MISSING,MEDIUM,Wikimedia Commons or official university media with reusable-license/permission basis
drexel-university,Drexel University,MISSING,MEDIUM,Wikimedia Commons or official university media with reusable-license/permission basis
rochester-institute-of-technology,Rochester Institute of Technology,MISSING,MEDIUM,Wikimedia Commons or official university media with reusable-license/permission basis
stony-brook-university,Stony Brook University,MISSING,MEDIUM,Wikimedia Commons or official university media with reusable-license/permission basis
binghamton-university,Binghamton University,MISSING,MEDIUM,Wikimedia Commons or official university media with reusable-license/permission basis
university-at-buffalo,University at Buffalo,MISSING,MEDIUM,Wikimedia Commons or official university media with reusable-license/permission basis
university-of-delaware,University of Delaware,MISSING,MEDIUM,Wikimedia Commons or official university media with reusable-license/permission basis
university-of-massachusetts-amherst,University of Massachusetts-Amherst,MISSING,MEDIUM,Wikimedia Commons or official university media with reusable-license/permission basis
university-of-iowa,University of Iowa,MISSING,MEDIUM,Wikimedia Commons or official university media with reusable-license/permission basis
university-of-arizona,University of Arizona,MISSING,MEDIUM,Wikimedia Commons or official university media with reusable-license/permission basis
arizona-state-university,Arizona State University,MISSING,MEDIUM,Wikimedia Commons or official university media with reusable-license/permission basis
university-of-oregon,University of Oregon,MISSING,MEDIUM,Wikimedia Commons or official university media with reusable-license/permission basis
oregon-state-university,Oregon State University,MISSING,MEDIUM,Wikimedia Commons or official university media with reusable-license/permission basis
university-of-utah,University of Utah,MISSING,MEDIUM,Wikimedia Commons or official university media with reusable-license/permission basis
brigham-young-university,Brigham Young University,MISSING,MEDIUM,Wikimedia Commons or official university media with reusable-license/permission basis
colorado-school-of-mines,Colorado School of Mines,MISSING,MEDIUM,Wikimedia Commons or official university media with reusable-license/permission basis
auburn-university,Auburn University,MISSING,MEDIUM,Wikimedia Commons or official university media with reusable-license/permission basis
university-of-tennessee-knoxville,The University of Tennessee-Knoxville,MISSING,MEDIUM,Wikimedia Commons or official university media with reusable-license/permission basis
university-of-alabama,The University of Alabama,MISSING,MEDIUM,Wikimedia Commons or official university media with reusable-license/permission basis
university-of-kentucky,University of Kentucky,MISSING,MEDIUM,Wikimedia Commons or official university media with reusable-license/permission basis
university-of-cincinnati,University of Cincinnati-Main Campus,MISSING,MEDIUM,Wikimedia Commons or official university media with reusable-license/permission basis
university-of-houston,University of Houston,MISSING,MEDIUM,Wikimedia Commons or official university media with reusable-license/permission basis
university-of-south-florida,University of South Florida,MISSING,MEDIUM,Wikimedia Commons or official university media with reusable-license/permission basis
university-of-central-florida,University of Central Florida,MISSING,MEDIUM,Wikimedia Commons or official university media with reusable-license/permission basis
florida-international-university,Florida International University,MISSING,MEDIUM,Wikimedia Commons or official university media with reusable-license/permission basis
florida-atlantic-university,Florida Atlantic University,MISSING,MEDIUM,Wikimedia Commons or official university media with reusable-license/permission basis
george-mason-university,George Mason University,MISSING,MEDIUM,Wikimedia Commons or official university media with reusable-license/permission basis
virginia-commonwealth-university,Virginia Commonwealth University,MISSING,MEDIUM,Wikimedia Commons or official university media with reusable-license/permission basis
james-madison-university,James Madison University,MISSING,MEDIUM,Wikimedia Commons or official university media with reusable-license/permission basis
university-of-north-carolina-at-charlotte,University of North Carolina at Charlotte,MISSING,MEDIUM,Wikimedia Commons or official university media with reusable-license/permission basis
university-of-north-carolina-wilmington,University of North Carolina Wilmington,MISSING,MEDIUM,Wikimedia Commons or official university media with reusable-license/permission basis
san-diego-state-university,San Diego State University,MISSING,MEDIUM,Wikimedia Commons or official university media with reusable-license/permission basis
california-polytechnic-state-university-san-luis-obispo,California Polytechnic State University-San Luis Obispo,MISSING,MEDIUM,Wikimedia Commons or official university media with reusable-license/permission basis
san-jose-state-university,San Jose State University,MISSING,MEDIUM,Wikimedia Commons or official university media with reusable-license/permission basis
california-state-university-long-beach,California State University-Long Beach,MISSING,MEDIUM,Wikimedia Commons or official university media with reusable-license/permission basis
california-state-university-fullerton,California State University-Fullerton,MISSING,MEDIUM,Wikimedia Commons or official university media with reusable-license/permission basis
university-of-california-merced,University of California-Merced,MISSING,MEDIUM,Wikimedia Commons or official university media with reusable-license/permission basis
loyola-marymount-university,Loyola Marymount University,MISSING,MEDIUM,Wikimedia Commons or official university media with reusable-license/permission basis
university-of-san-francisco,University of San Francisco,MISSING,MEDIUM,Wikimedia Commons or official university media with reusable-license/permission basis
chapman-university,Chapman University,MISSING,MEDIUM,Wikimedia Commons or official university media with reusable-license/permission basis
university-of-denver,University of Denver,MISSING,MEDIUM,Wikimedia Commons or official university media with reusable-license/permission basis
gonzaga-university,Gonzaga University,MISSING,MEDIUM,Wikimedia Commons or official university media with reusable-license/permission basis
seattle-university,Seattle University,MISSING,MEDIUM,Wikimedia Commons or official university media with reusable-license/permission basis
university-of-portland,University of Portland,MISSING,MEDIUM,Wikimedia Commons or official university media with reusable-license/permission basis
williams-college,Williams College,MISSING,MEDIUM,Wikimedia Commons or official university media with reusable-license/permission basis
amherst-college,Amherst College,MISSING,MEDIUM,Wikimedia Commons or official university media with reusable-license/permission basis
swarthmore-college,Swarthmore College,MISSING,MEDIUM,Wikimedia Commons or official university media with reusable-license/permission basis
pomona-college,Pomona College,MISSING,MEDIUM,Wikimedia Commons or official university media with reusable-license/permission basis
wellesley-college,Wellesley College,MISSING,MEDIUM,Wikimedia Commons or official university media with reusable-license/permission basis
bowdoin-college,Bowdoin College,MISSING,MEDIUM,Wikimedia Commons or official university media with reusable-license/permission basis
claremont-mckenna-college,Claremont McKenna College,MISSING,MEDIUM,Wikimedia Commons or official university media with reusable-license/permission basis
carleton-college,Carleton College,MISSING,MEDIUM,Wikimedia Commons or official university media with reusable-license/permission basis
middlebury-college,Middlebury College,MISSING,MEDIUM,Wikimedia Commons or official university media with reusable-license/permission basis
barnard-college,Barnard College,MISSING,MEDIUM,Wikimedia Commons or official university media with reusable-license/permission basis
harvey-mudd-college,Harvey Mudd College,MISSING,MEDIUM,Wikimedia Commons or official university media with reusable-license/permission basis
wesleyan-university,Wesleyan University,MISSING,MEDIUM,Wikimedia Commons or official university media with reusable-license/permission basis
grinnell-college,Grinnell College,MISSING,MEDIUM,Wikimedia Commons or official university media with reusable-license/permission basis
hamilton-college,Hamilton College,MISSING,MEDIUM,Wikimedia Commons or official university media with reusable-license/permission basis
haverford-college,Haverford College,MISSING,MEDIUM,Wikimedia Commons or official university media with reusable-license/permission basis
smith-college,Smith College,MISSING,MEDIUM,Wikimedia Commons or official university media with reusable-license/permission basis
vassar-college,Vassar College,MISSING,MEDIUM,Wikimedia Commons or official university media with reusable-license/permission basis
colgate-university,Colgate University,MISSING,MEDIUM,Wikimedia Commons or official university media with reusable-license/permission basis
davidson-college,Davidson College,MISSING,MEDIUM,Wikimedia Commons or official university media with reusable-license/permission basis
washington-and-lee-university,Washington and Lee University,MISSING,MEDIUM,Wikimedia Commons or official university media with reusable-license/permission basis
colby-college,Colby College,MISSING,MEDIUM,Wikimedia Commons or official university media with reusable-license/permission basis
bates-college,Bates College,MISSING,MEDIUM,Wikimedia Commons or official university media with reusable-license/permission basis
macalester-college,Macalester College,MISSING,MEDIUM,Wikimedia Commons or official university media with reusable-license/permission basis
scripps-college,Scripps College,MISSING,MEDIUM,Wikimedia Commons or official university media with reusable-license/permission basis
bryn-mawr-college,Bryn Mawr College,MISSING,MEDIUM,Wikimedia Commons or official university media with reusable-license/permission basis
bucknell-university,Bucknell University,MISSING,MEDIUM,Wikimedia Commons or official university media with reusable-license/permission basis
lafayette-college,Lafayette College,MISSING,MEDIUM,Wikimedia Commons or official university media with reusable-license/permission basis
college-of-the-holy-cross,College of the Holy Cross,MISSING,MEDIUM,Wikimedia Commons or official university media with reusable-license/permission basis
university-of-richmond,University of Richmond,MISSING,MEDIUM,Wikimedia Commons or official university media with reusable-license/permission basis
denison-university,Denison University,MISSING,MEDIUM,Wikimedia Commons or official university media with reusable-license/permission basis
kenyon-college,Kenyon College,MISSING,MEDIUM,Wikimedia Commons or official university media with reusable-license/permission basis
occidental-college,Occidental College,MISSING,MEDIUM,Wikimedia Commons or official university media with reusable-license/permission basis
skidmore-college,Skidmore College,MISSING,MEDIUM,Wikimedia Commons or official university media with reusable-license/permission basis
trinity-college,Trinity College,MISSING,MEDIUM,Wikimedia Commons or official university media with reusable-license/permission basis
connecticut-college,Connecticut College,MISSING,MEDIUM,Wikimedia Commons or official university media with reusable-license/permission basis
oberlin-college,Oberlin College,MISSING,MEDIUM,Wikimedia Commons or official university media with reusable-license/permission basis
pitzer-college,Pitzer College,MISSING,MEDIUM,Wikimedia Commons or official university media with reusable-license/permission basis
colorado-college,Colorado College,MISSING,MEDIUM,Wikimedia Commons or official university media with reusable-license/permission basis
rhodes-college,Rhodes College,MISSING,MEDIUM,Wikimedia Commons or official university media with reusable-license/permission basis
sewanee-the-university-of-the-south,The University of the South,MISSING,MEDIUM,Wikimedia Commons or official university media with reusable-license/permission basis
furman-university,Furman University,MISSING,MEDIUM,Wikimedia Commons or official university media with reusable-license/permission basis
whitman-college,Whitman College,MISSING,MEDIUM,Wikimedia Commons or official university media with reusable-license/permission basis
franklin-and-marshall-college,Franklin and Marshall College,MISSING,MEDIUM,Wikimedia Commons or official university media with reusable-license/permission basis
gettysburg-college,Gettysburg College,MISSING,MEDIUM,Wikimedia Commons or official university media with reusable-license/permission basis
dickinson-college,Dickinson College,MISSING,MEDIUM,Wikimedia Commons or official university media with reusable-license/permission basis
depauw-university,DePauw University,MISSING,MEDIUM,Wikimedia Commons or official university media with reusable-license/permission basis
college-of-wooster,The College of Wooster,MISSING,MEDIUM,Wikimedia Commons or official university media with reusable-license/permission basis
lawrence-university,Lawrence University,MISSING,MEDIUM,Wikimedia Commons or official university media with reusable-license/permission basis
kalamazoo-college,Kalamazoo College,MISSING,MEDIUM,Wikimedia Commons or official university media with reusable-license/permission basis
st-olaf-college,St Olaf College,MISSING,MEDIUM,Wikimedia Commons or official university media with reusable-license/permission basis
gustavus-adolphus-college,Gustavus Adolphus College,MISSING,MEDIUM,Wikimedia Commons or official university media with reusable-license/permission basis
union-college,Union College,MISSING,MEDIUM,Wikimedia Commons or official university media with reusable-license/permission basis
reed-college,Reed College,MISSING,MEDIUM,Wikimedia Commons or official university media with reusable-license/permission basis
mount-holyoke-college,Mount Holyoke College,MISSING,MEDIUM,Wikimedia Commons or official university media with reusable-license/permission basis
spelman-college,Spelman College,MISSING,MEDIUM,Wikimedia Commons or official university media with reusable-license/permission basis
morehouse-college,Morehouse College,MISSING,MEDIUM,Wikimedia Commons or official university media with reusable-license/permission basis
sarah-lawrence-college,Sarah Lawrence College,MISSING,MEDIUM,Wikimedia Commons or official university media with reusable-license/permission basis
bard-college,Bard College,MISSING,MEDIUM,Wikimedia Commons or official university media with reusable-license/permission basis
centre-college,Centre College,MISSING,MEDIUM,Wikimedia Commons or official university media with reusable-license/permission basis
berea-college,Berea College,MISSING,MEDIUM,Wikimedia Commons or official university media with reusable-license/permission basis
trinity-university,Trinity University,MISSING,MEDIUM,Wikimedia Commons or official university media with reusable-license/permission basis
babson-college,Babson College,MISSING,MEDIUM,Wikimedia Commons or official university media with reusable-license/permission basis
bentley-university,Bentley University,MISSING,MEDIUM,Wikimedia Commons or official university media with reusable-license/permission basis
franklin-w-olin-college-of-engineering,Franklin W Olin College of Engineering,MISSING,MEDIUM,Wikimedia Commons or official university media with reusable-license/permission basis
the-cooper-union,The Cooper Union for the Advancement of Science and Art,MISSING,MEDIUM,Wikimedia Commons or official university media with reusable-license/permission basis
rose-hulman-institute-of-technology,Rose-Hulman Institute of Technology,MISSING,MEDIUM,Wikimedia Commons or official university media with reusable-license/permission basis
rhode-island-school-of-design,Rhode Island School of Design,MISSING,MEDIUM,Wikimedia Commons or official university media with reusable-license/permission basis
berklee-college-of-music,Berklee College of Music,MISSING,MEDIUM,Wikimedia Commons or official university media with reusable-license/permission basis
the-juilliard-school,The Juilliard School,MISSING,MEDIUM,Wikimedia Commons or official university media with reusable-license/permission basis
school-of-the-art-institute-of-chicago,School of the Art Institute of Chicago,MISSING,MEDIUM,Wikimedia Commons or official university media with reusable-license/permission basis
howard-university,Howard University,MISSING,MEDIUM,Wikimedia Commons or official university media with reusable-license/permission basis
loyola-university-chicago,Loyola University Chicago,MISSING,MEDIUM,Wikimedia Commons or official university media with reusable-license/permission basis
marquette-university,Marquette University,MISSING,MEDIUM,Wikimedia Commons or official university media with reusable-license/permission basis
samford-university,Samford University,MISSING,MEDIUM,Wikimedia Commons or official university media with reusable-license/permission basis
