seed_order,college_slug,school_name,media_type,asset_filename_upstream,asset_download_url,source_page_url,source_provenance,license_or_status,trademark_notice,verification_quality,recommended_repo_path,public_url_after_import,is_primary,alt_text,verified_at,notes
76,american-university,American University,LOGO,,,https://www.american.edu/brand/,Official American University brand page,University-controlled trademark asset,YES,PENDING_OFFICIAL_DOWNLOAD,,,true,American University logo,2026-09-20,Use official AU institutional logo/wordmark from the brand portal.
77,baylor-university,Baylor University,LOGO,Baylor_University_logo.svg,https://commons.wikimedia.org/wiki/Special:Redirect/file/Baylor_University_logo.svg,https://commons.wikimedia.org/wiki/File:Baylor_University_logo.svg,Wikimedia Commons; institutional Baylor logo asset,PD-textlogo,YES,MEDIUM,public/college-logos/baylor-university.svg,/college-logos/baylor-university.svg,true,Baylor University logo,2026-09-20,Usable institutional Baylor logo; reverify against current Baylor brand guide before production.
78,texas-christian-university,Texas Christian University,LOGO,,,https://brand.tcu.edu/logos/,Official TCU brand standards / logo page,University-controlled trademark asset,YES,PENDING_OFFICIAL_DOWNLOAD,,,true,Texas Christian University logo,2026-09-20,Prefer official TCU logo/wordmark from the brand page rather than athletics variants.
79,santa-clara-university,Santa Clara University,LOGO,Santa_Clara_University_wordmark.svg,https://commons.wikimedia.org/wiki/Special:Redirect/file/Santa_Clara_University_wordmark.svg,https://commons.wikimedia.org/wiki/File:Santa_Clara_University_wordmark.svg,Wikimedia Commons; institutional SCU wordmark,PD-textlogo,YES,MEDIUM,public/college-logos/santa-clara-university.svg,/college-logos/santa-clara-university.svg,true,Santa Clara University logo,2026-09-20,Institutional Santa Clara wordmark; reverify against current SCU brand system before production.
80,pepperdine-university,Pepperdine University,LOGO,,,https://community.pepperdine.edu/identitystandards/wordmarks.htm,Official Pepperdine identity standards,University-controlled trademark asset,YES,PENDING_OFFICIAL_DOWNLOAD,,,true,Pepperdine University logo,2026-09-20,Use official Pepperdine institutional wordmark/logo from identity standards.
81,fordham-university,Fordham University,LOGO,Fordham_University_logo.svg,https://commons.wikimedia.org/wiki/Special:Redirect/file/Fordham_University_logo.svg,https://commons.wikimedia.org/wiki/File:Fordham_University_logo.svg,Wikimedia Commons; institutional Fordham logo asset,PD-textlogo,YES,HIGH,public/college-logos/fordham-university.svg,/college-logos/fordham-university.svg,true,Fordham University logo,2026-09-20,Institutional Fordham University logo.
82,stevens-institute-of-technology,Stevens Institute of Technology,LOGO,Stevens_Institute_of_Technology_logo.svg,https://commons.wikimedia.org/wiki/Special:Redirect/file/Stevens_Institute_of_Technology_logo.svg,https://commons.wikimedia.org/wiki/File:Stevens_Institute_of_Technology_logo.svg,Wikimedia Commons; institutional Stevens logo asset,PD-textlogo,YES,HIGH,public/college-logos/stevens-institute-of-technology.svg,/college-logos/stevens-institute-of-technology.svg,true,Stevens Institute of Technology logo,2026-09-20,Institutional Stevens wordmark/logo.
83,worcester-polytechnic-institute,Worcester Polytechnic Institute,LOGO,,,https://www.wpi.edu/about/marketing-communications/brand-guidelines/visual-system/logo,Official WPI logo/brand guidelines,University-controlled trademark asset,YES,PENDING_OFFICIAL_DOWNLOAD,,,true,Worcester Polytechnic Institute logo,2026-09-20,Use official WPI logo from university brand guidelines.
84,drexel-university,Drexel University,LOGO,Drexel_University_wordmark.svg,https://commons.wikimedia.org/wiki/Special:Redirect/file/Drexel_University_wordmark.svg,https://commons.wikimedia.org/wiki/File:Drexel_University_wordmark.svg,Wikimedia Commons; institutional Drexel wordmark,PD-textlogo,YES,HIGH,public/college-logos/drexel-university.svg,/college-logos/drexel-university.svg,true,Drexel University logo,2026-09-20,Institutional Drexel wordmark.
85,rochester-institute-of-technology,Rochester Institute of Technology,LOGO,RIT_logo.svg,https://commons.wikimedia.org/wiki/Special:Redirect/file/RIT_logo.svg,https://commons.wikimedia.org/wiki/File:RIT_logo.svg,Wikimedia Commons; source Rochester Institute of Technology brand materials,PD-textlogo,YES,HIGH,public/college-logos/rochester-institute-of-technology.svg,/college-logos/rochester-institute-of-technology.svg,true,Rochester Institute of Technology logo,2026-09-20,Institutional RIT logo.
86,stony-brook-university,Stony Brook University,LOGO,Stony_Brook_University_logo.svg,https://commons.wikimedia.org/wiki/Special:Redirect/file/Stony_Brook_University_logo.svg,https://commons.wikimedia.org/wiki/File:Stony_Brook_University_logo.svg,Wikimedia Commons; institutional Stony Brook logo asset,PD-textlogo,YES,HIGH,public/college-logos/stony-brook-university.svg,/college-logos/stony-brook-university.svg,true,Stony Brook University logo,2026-09-20,Institutional Stony Brook logo.
87,binghamton-university,Binghamton University,LOGO,Binghamton_University_logo.svg,https://commons.wikimedia.org/wiki/Special:Redirect/file/Binghamton_University_logo.svg,https://commons.wikimedia.org/wiki/File:Binghamton_University_logo.svg,Wikimedia Commons; institutional Binghamton logo asset,PD-textlogo,YES,MEDIUM,public/college-logos/binghamton-university.svg,/college-logos/binghamton-university.svg,true,Binghamton University logo,2026-09-20,Use institutional Binghamton University wordmark; reverify against current SUNY/Binghamton branding.
88,university-at-buffalo,University at Buffalo,LOGO,University_at_Buffalo_logo.svg,https://commons.wikimedia.org/wiki/Special:Redirect/file/University_at_Buffalo_logo.svg,https://commons.wikimedia.org/wiki/File:University_at_Buffalo_logo.svg,Wikimedia Commons; institutional University at Buffalo logo asset,PD-textlogo,YES,HIGH,public/college-logos/university-at-buffalo.svg,/college-logos/university-at-buffalo.svg,true,University at Buffalo logo,2026-09-20,Institutional University at Buffalo logo.
89,university-of-delaware,University of Delaware,LOGO,University_of_Delaware_wordmark.svg,https://commons.wikimedia.org/wiki/Special:Redirect/file/University_of_Delaware_wordmark.svg,https://commons.wikimedia.org/wiki/File:University_of_Delaware_wordmark.svg,Wikimedia Commons; institutional University of Delaware wordmark,PD-textlogo,YES,MEDIUM,public/college-logos/university-of-delaware.svg,/college-logos/university-of-delaware.svg,true,University of Delaware logo,2026-09-20,Institutional Delaware wordmark; reverify against current official brand assets.
90,university-of-massachusetts-amherst,University of Massachusetts-Amherst,LOGO,UMass_Amherst_logo.svg,https://commons.wikimedia.org/wiki/Special:Redirect/file/UMass_Amherst_logo.svg,https://commons.wikimedia.org/wiki/File:UMass_Amherst_logo.svg,Wikimedia Commons; institutional UMass Amherst logo asset,PD-textlogo,YES,HIGH,public/college-logos/university-of-massachusetts-amherst.svg,/college-logos/university-of-massachusetts-amherst.svg,true,University of Massachusetts-Amherst logo,2026-09-20,Institutional UMass Amherst logo.
91,university-of-iowa,University of Iowa,LOGO,University_of_Iowa_logo.svg,https://commons.wikimedia.org/wiki/Special:Redirect/file/University_of_Iowa_logo.svg,https://commons.wikimedia.org/wiki/File:University_of_Iowa_logo.svg,Wikimedia Commons; institutional University of Iowa logo asset,PD-textlogo,YES,HIGH,public/college-logos/university-of-iowa.svg,/college-logos/university-of-iowa.svg,true,University of Iowa logo,2026-09-20,Institutional University of Iowa logo.
92,university-of-arizona,University of Arizona,LOGO,University_of_Arizona_logo.svg,https://commons.wikimedia.org/wiki/Special:Redirect/file/University_of_Arizona_logo.svg,https://commons.wikimedia.org/wiki/File:University_of_Arizona_logo.svg,Wikimedia Commons; institutional University of Arizona logo asset,PD-textlogo,YES,HIGH,public/college-logos/university-of-arizona.svg,/college-logos/university-of-arizona.svg,true,University of Arizona logo,2026-09-20,Institutional University of Arizona logo.
93,arizona-state-university,Arizona State University Campus Immersion,LOGO,Arizona_State_University_logo.svg,https://commons.wikimedia.org/wiki/Special:Redirect/file/Arizona_State_University_logo.svg,https://commons.wikimedia.org/wiki/File:Arizona_State_University_logo.svg,Wikimedia Commons; institutional Arizona State University logo asset,PD-textlogo,YES,HIGH,public/college-logos/arizona-state-university.svg,/college-logos/arizona-state-university.svg,true,Arizona State University Campus Immersion logo,2026-09-20,"CRITICAL identity correction: use Arizona State University Campus Immersion / Tempe identity, not Arizona State University-West."
94,university-of-oregon,University of Oregon,LOGO,,,https://communications.uoregon.edu/brand/logo-system,Official University of Oregon logo system page,University-controlled trademark asset,YES,PENDING_OFFICIAL_DOWNLOAD,,,true,University of Oregon logo,2026-09-20,"Use official UO logo system, not athletics-only Oregon 'O'."
95,oregon-state-university,Oregon State University,LOGO,Oregon_State_University_wordmark.svg,https://commons.wikimedia.org/wiki/Special:Redirect/file/Oregon_State_University_wordmark.svg,https://commons.wikimedia.org/wiki/File:Oregon_State_University_wordmark.svg,Wikimedia Commons; institutional Oregon State wordmark,PD-textlogo,YES,HIGH,public/college-logos/oregon-state-university.svg,/college-logos/oregon-state-university.svg,true,Oregon State University logo,2026-09-20,Institutional Oregon State University wordmark.
96,university-of-utah,University of Utah,LOGO,University_of_Utah_logo.svg,https://commons.wikimedia.org/wiki/Special:Redirect/file/University_of_Utah_logo.svg,https://commons.wikimedia.org/wiki/File:University_of_Utah_logo.svg,Wikimedia Commons; institutional University of Utah logo asset,PD-textlogo,YES,HIGH,public/college-logos/university-of-utah.svg,/college-logos/university-of-utah.svg,true,University of Utah logo,2026-09-20,Institutional University of Utah logo.
97,brigham-young-university,Brigham Young University,LOGO,Brigham_Young_University_logo.svg,https://commons.wikimedia.org/wiki/Special:Redirect/file/Brigham_Young_University_logo.svg,https://commons.wikimedia.org/wiki/File:Brigham_Young_University_logo.svg,Wikimedia Commons; institutional BYU logo asset,PD-textlogo,YES,MEDIUM,public/college-logos/brigham-young-university.svg,/college-logos/brigham-young-university.svg,true,Brigham Young University logo,2026-09-20,Institutional BYU logo; reverify against current university brand usage before production.
98,colorado-school-of-mines,Colorado School of Mines,LOGO,Colorado_School_of_Mines_logo.svg,https://commons.wikimedia.org/wiki/Special:Redirect/file/Colorado_School_of_Mines_logo.svg,https://commons.wikimedia.org/wiki/File:Colorado_School_of_Mines_logo.svg,Wikimedia Commons; institutional Colorado School of Mines logo asset,PD-textlogo,YES,HIGH,public/college-logos/colorado-school-of-mines.svg,/college-logos/colorado-school-of-mines.svg,true,Colorado School of Mines logo,2026-09-20,Institutional Colorado School of Mines logo.
99,auburn-university,Auburn University,LOGO,,,https://ocm.auburn.edu/marketing-and-brand-management/brand-identity/,Official Auburn brand identity resources,University-controlled trademark asset,YES,PENDING_OFFICIAL_DOWNLOAD,,,true,Auburn University logo,2026-09-20,Use official Auburn university wordmark/logo from brand identity resources.
100,university-of-tennessee-knoxville,The University of Tennessee-Knoxville,LOGO,,,https://brand.utk.edu/,Official University of Tennessee brand site,University-controlled trademark asset,YES,PENDING_OFFICIAL_DOWNLOAD,,,true,The University of Tennessee-Knoxville logo,2026-09-20,Use official UT Knoxville identity assets; avoid athletics-only marks as default institutional logo.
