college_slug,media_type,image_url,source_url,license,attribution,alt_text,is_primary,width,height,verified_at,sha256,content_type,verification_quality,trademark_notice
baylor-university,LOGO,/college-logos/baylor-university.svg,https://commons.wikimedia.org/wiki/File:Baylor_University_logo.svg,PD-textlogo,Wikimedia Commons; institutional Baylor logo asset,Baylor University logo,YES,250,46,2026-09-20T00:00:00+00:00,e22b22bc9ccf1af0ea8ffa7c6a2cef3ea9c7763dd8882c2e88db5dcc23f64756,image/svg+xml,MEDIUM,YES
stony-brook-university,LOGO,/college-logos/stony-brook-university.png,https://commons.wikimedia.org/wiki/File:Stony_Brook_University_logo.svg,PD-textlogo,Wikimedia Commons; institutional Stony Brook logo asset,Stony Brook University logo,YES,500,387,2026-09-20T00:00:00+00:00,8edf6056a30f7197db97ae9d183376f0933dcbf3b95dbc6a74a2ad52d13e2d6a,image/png,HIGH,YES
binghamton-university,LOGO,/college-logos/binghamton-university.svg,https://commons.wikimedia.org/wiki/File:Binghamton_University_logo.svg,PD-textlogo,Wikimedia Commons; institutional Binghamton logo asset,Binghamton University logo,YES,173,57,2026-09-20T00:00:00+00:00,a753e66dc39c08dcc9ee3a51594f4a96c527cf263103117f12fbac9b502cf497,image/svg+xml,MEDIUM,YES
university-at-buffalo,LOGO,/college-logos/university-at-buffalo.png,https://commons.wikimedia.org/wiki/File:University_at_Buffalo_logo.svg,PD-textlogo,Wikimedia Commons; institutional University at Buffalo logo asset,University at Buffalo logo,YES,500,370,2026-09-20T00:00:00+00:00,f912aa782679b51818a13b15b71ec6fe6831ca8d85f73e06de771cf773097ed3,image/png,HIGH,YES
university-of-delaware,LOGO,/college-logos/university-of-delaware.svg,https://commons.wikimedia.org/wiki/File:University_of_Delaware_wordmark.svg,PD-textlogo,Wikimedia Commons; institutional University of Delaware wordmark,University of Delaware logo,YES,301,127,2026-09-20T00:00:00+00:00,1b2238553f36b32cc1bc6fee6b704351586fffdf99b5ac6d6008bc3d545f69f2,image/svg+xml,MEDIUM,YES
university-of-arizona,LOGO,/college-logos/university-of-arizona.png,https://commons.wikimedia.org/wiki/File:University_of_Arizona_logo.svg,PD-textlogo,Wikimedia Commons; institutional University of Arizona logo asset,University of Arizona logo,YES,500,122,2026-09-20T00:00:00+00:00,1b43330f141de651821a30c05a80d3f3e8f51fee3cf7ea02babac5c06331dc96,image/png,HIGH,YES
arizona-state-university,LOGO,/college-logos/arizona-state-university.png,https://commons.wikimedia.org/wiki/File:Arizona_State_University_logo.svg,PD-textlogo,Wikimedia Commons; institutional Arizona State University logo asset,Arizona State University Campus Immersion logo,YES,500,96,2026-09-20T00:00:00+00:00,39d77290dbe16758928f0c5c8854e3dfbc4c59303740e33592a2133b56373bf7,image/png,HIGH,YES
oregon-state-university,LOGO,/college-logos/oregon-state-university.png,https://commons.wikimedia.org/wiki/File:Oregon_State_University_wordmark.svg,PD-textlogo,Wikimedia Commons; institutional Oregon State wordmark,Oregon State University logo,YES,500,500,2026-09-20T00:00:00+00:00,e520432331c58af3745f0864009be07ebb7c1661be066c1bf94f3fc4bfe28f61,image/png,HIGH,YES
brigham-young-university,LOGO,/college-logos/brigham-young-university.png,https://commons.wikimedia.org/wiki/File:Brigham_Young_University_logo.svg,PD-textlogo,Wikimedia Commons; institutional BYU logo asset,Brigham Young University logo,YES,500,245,2026-09-20T00:00:00+00:00,33e83130dd64303f82ec242c0d1ad31633eb18fe22ee59323a75dff2f4d925e7,image/png,MEDIUM,YES
