Evalio College Research — Batch 2A,,,,,,,,,,,,,,,,,,,,,,,,,,,,,
Schools 1–50 · Fall 2027 / 2026–27 cycle · Evidence-first research; UNKNOWN/PENDING values are intentional.,,,,,,,,,,,,,,,,,,,,,,,,,,,,,
,,,,,,,,,,,,,,,,,,,,,,,,,,,,,
seed_order,slug,school_name,state,application_platforms,fall_2027_deadlines,international_application_fee_usd,fee_verification_status,fee_waiver,test_policy_2026_27,test_policy_note,english_requirement,english_tests_minimums,teacher_recommendations,counselor_recommendation_or_report,midyear_report,writing_or_supplement,portfolio,interview,international_aid_policy,international_need_based_aid,meets_full_demonstrated_need_international,aid_forms_or_process,application_source_url,english_source_url,test_policy_source_url,financial_aid_source_url,verified_as_of,overall_research_confidence,research_notes
1,princeton-university,Princeton University,NJ,COMMON_APP,REA 2026-11-01; RD 2027-01-01,75,VERIFIED_GRID,ACCEPTED,OPTIONAL,Batch 1 policy retained; current source is Common App grid or prior verified source,SEE_WEBSITE,,2,YES,YES,SEE_WEBSITE,OPTIONAL/PROGRAM,OPTIONAL/ALUMNI_IF_AVAILABLE,NEED_BLIND,YES,YES,PFAA / institutional aid application,https://content.commonapp.org/Files/ReqGrid.pdf,,https://admission.princeton.edu/apply/standardized-testing,https://admission.princeton.edu/apply/international-students,2026-09-14,HIGH,UNKNOWN/PENDING values are intentional and must not be converted to NO. Direct official page overrides Common App grid when more specific/current.
2,massachusetts-institute-of-technology,Massachusetts Institute of Technology,MA,INSTITUTIONAL,EA 2026-11-01; RA 2027-01-04,75,VERIFIED_OFFICIAL,AVAILABLE incl. international,REQUIRED,Batch 1 policy retained; current source is Common App grid or prior verified source,CONDITIONAL / STRONGLY RECOMMENDED in specified cases,TOEFL legacy 90 (100 recommended); new TOEFL 5 (5.5 rec.); IELTS 7 (7.5 rec.); PTE 65 (70 rec.); Cambridge 185 (190 rec.); DET 120 (125 rec.),2,YES/SSR,YES,YES — MIT short responses,OPTIONAL,IF AVAILABLE,NEED_BLIND,YES,YES,CSS Profile + required financial documents,https://mitadmissions.org/apply/firstyear/deadlines-requirements/,https://mitadmissions.org/apply/firstyear/tests-scores/,https://mitadmissions.org/blogs/entry/we-are-suspending-our-sat-act-requirement-for-the-2020-2021-application-cycle/,https://sfs.mit.edu/undergraduate-students/apply-for-aid/international/,2026-09-14,HIGH,UNKNOWN/PENDING values are intentional and must not be converted to NO. Direct official page overrides Common App grid when more specific/current.
3,harvard-university,Harvard University,MA,COMMON_APP,REA 2026-11-01; RD 2027-01-01,95,VERIFIED_GRID,ACCEPTED,REQUIRED,Batch 1 policy retained; current source is Common App grid or prior verified source,SEE_WEBSITE,,2,YES,YES,YES,OPTIONAL,IF AVAILABLE,NEED_BLIND,YES,YES,CSS Profile / Harvard financial aid process,https://content.commonapp.org/Files/ReqGrid.pdf,,https://college.harvard.edu/admissions/apply/application-requirements,https://college.harvard.edu/financial-aid/how-aid-works,2026-09-14,HIGH,UNKNOWN/PENDING values are intentional and must not be converted to NO. Direct official page overrides Common App grid when more specific/current.
4,stanford-university,Stanford University,CA,COMMON_APP,REA 2026-11-01; RD 2027-01-05,100,VERIFIED_GRID,ACCEPTED,REQUIRED,Batch 1 policy retained; current source is Common App grid or prior verified source,SEE_WEBSITE,,2,YES,YES,YES,OPTIONAL/ARTS,OPTIONAL/IF AVAILABLE,NEED_AWARE,YES,YES,CSS Profile + institutional documents,https://content.commonapp.org/Files/ReqGrid.pdf,,https://admission.stanford.edu/apply/first-year/testing.html,https://financialaid.stanford.edu/undergrad/how/international.html,2026-09-14,HIGH,UNKNOWN/PENDING values are intentional and must not be converted to NO. Direct official page overrides Common App grid when more specific/current.
5,yale-university,Yale University,CT,COMMON_APP,SCEA 2026-11-01; RD 2027-01-02,85,VERIFIED_GRID,APPLICATION-PLATFORM WAIVER,REQUIRED,ACT or SAT required under current policy as of 2026-09-14,REQUIRED if non-native English speaker without 2+ years English-medium secondary education,Competitive: TOEFL new 5+ / legacy 100+; IELTS 7+; Cambridge 185+; DET 120+,2,1,YES,YES,OPTIONAL SUPPLEMENT,IF INVITED/AVAILABLE,NEED_BLIND,YES,YES,CSS Profile + required income documents,https://admissions.yale.edu/requirements,https://admissions.yale.edu/standardized-testing,https://admissions.yale.edu/standardized-testing,https://admissions.yale.edu/international,2026-09-14,HIGH,UNKNOWN/PENDING values are intentional and must not be converted to NO. Direct official page overrides Common App grid when more specific/current.
6,university-of-pennsylvania,University of Pennsylvania,PA,COMMON_APP,ED 2026-11-01; RD 2027-01-05,75,VERIFIED_GRID,ACCEPTED,REQUIRED,Batch 1 policy retained; current source is Common App grid or prior verified source,D/I/T accepted per Common App grid,,1,YES,YES,YES,PROGRAM-SPECIFIC,NO LONGER GENERAL REQUIREMENT / SEE WEBSITE,NEED_AWARE,YES,YES,CSS Profile + Penn required documents,https://content.commonapp.org/Files/ReqGrid.pdf,,https://admissions.upenn.edu/how-to-apply/preparing-your-application/testing,https://srfs.upenn.edu/financial-aid/international,2026-09-14,HIGH,UNKNOWN/PENDING values are intentional and must not be converted to NO. Direct official page overrides Common App grid when more specific/current.
7,california-institute-of-technology,California Institute of Technology,CA,COMMON_APP,REA 2026-11-01; RD 2027-01-04,85,VERIFIED_GRID,ACCEPTED,REQUIRED,Batch 1 policy retained; current source is Common App grid or prior verified source,DET/IELTS/TOEFL,,2,YES,PENDING,YES,OPTIONAL,NO GENERAL INTERVIEW,NEED_AWARE,YES,YES,CSS Profile + international tax/non-tax documents,https://content.commonapp.org/Files/ReqGrid.pdf,,https://www.caltech.edu/about/news/caltech-restores-standardized-test-requirement-for-undergraduate-admission,https://www.finaid.caltech.edu/applying/how/newinternationalrd,2026-09-14,HIGH,UNKNOWN/PENDING values are intentional and must not be converted to NO. Direct official page overrides Common App grid when more specific/current.
8,duke-university,Duke University,NC,COMMON_APP,ED 2026-11-02; RD 2027-01-04,85,VERIFIED_GRID,ACCEPTED,OPTIONAL,Batch 1 policy retained; current source is Common App grid or prior verified source,SEE_WEBSITE,,2,YES,YES,YES,OPTIONAL,OPTIONAL ALUMNI,NEED_AWARE,SELECTIVE,YES_IF_ADMITTED_WITH_AID,CSS Profile + foreign tax/income documents,https://content.commonapp.org/Files/ReqGrid.pdf,,https://admissions.duke.edu/resources/,https://financialaid.duke.edu/forms-resources/awarding-policy/,2026-09-14,HIGH,UNKNOWN/PENDING values are intentional and must not be converted to NO. Direct official page overrides Common App grid when more specific/current.
9,brown-university,Brown University,RI,COMMON_APP,ED 2026-11-01; RD 2027-01-05,80,VERIFIED_GRID,ACCEPTED,REQUIRED,Batch 1 policy retained; current source is Common App grid or prior verified source,SEE_WEBSITE,,2,YES,YES,YES,OPTIONAL,VIDEO INTRO / SEE WEBSITE,NEED_BLIND,YES,YES,CSS Profile / Brown requirements,https://content.commonapp.org/Files/ReqGrid.pdf,,https://www.brown.edu/news/2024-03-05/admissions,https://admission.brown.edu/international/financial-aid,2026-09-14,HIGH,UNKNOWN/PENDING values are intentional and must not be converted to NO. Direct official page overrides Common App grid when more specific/current.
10,johns-hopkins-university,Johns Hopkins University,MD,COMMON_APP,ED I 2026-11-01; ED II 2027-01-02; RD 2027-01-02,70,VERIFIED_GRID,ACCEPTED,REQUIRED,Batch 1 policy retained; current source is Common App grid or prior verified source,SEE_WEBSITE,,2,YES,YES,YES,OPTIONAL,NO GENERAL INTERVIEW,NEED_AWARE,YES,YES,CSS Profile or JHU International Student Financial Aid Application as permitted,https://content.commonapp.org/Files/ReqGrid.pdf,,https://apply.jhu.edu/how-to-apply/application-deadlines-requirements/standardized-testing/,https://finaid.jhu.edu/undergraduate-aid/international-students/,2026-09-14,HIGH,UNKNOWN/PENDING values are intentional and must not be converted to NO. Direct official page overrides Common App grid when more specific/current.
11,northwestern-university,Northwestern University,IL,COMMON_APP,ED 2026-11-01; RD 2027-01-04,75,VERIFIED_GRID,ACCEPTED,OPTIONAL,Batch 1 policy retained; current source is Common App grid or prior verified source,SEE_WEBSITE,,1,YES,YES,YES,PROGRAM-SPECIFIC,OPTIONAL,NEED_AWARE,YES,YES,CSS Profile / institutional requirements,https://content.commonapp.org/Files/ReqGrid.pdf,,https://admissions.northwestern.edu/faqs/standardized-testing-policy/#:~:,https://undergradaid.northwestern.edu/apply-for-aid/international-students.html,2026-09-14,HIGH,UNKNOWN/PENDING values are intentional and must not be converted to NO. Direct official page overrides Common App grid when more specific/current.
12,columbia-university,Columbia University in the City of New York,NY,COMMON_APP,ED 2026-11-01; RD 2027-01-01,85,VERIFIED_GRID,ACCEPTED,OPTIONAL,Batch 1 policy retained; current source is Common App grid or prior verified source,Cambridge/DET/IELTS/TOEFL,,2,YES,YES,YES,OPTIONAL,IF AVAILABLE,NEED_AWARE,YES,YES,CSS Profile / Columbia international aid process,https://content.commonapp.org/Files/ReqGrid.pdf,,https://undergrad.admissions.columbia.edu/columbia-test-optional,https://cc-seas.financialaid.columbia.edu/faq-page/all,2026-09-14,HIGH,UNKNOWN/PENDING values are intentional and must not be converted to NO. Direct official page overrides Common App grid when more specific/current.
13,cornell-university,Cornell University,NY,COMMON_APP,ED 2026-11-01; RD 2027-01-02,85,VERIFIED_GRID,ACCEPTED,REQUIRED,Batch 1 policy retained; current source is Common App grid or prior verified source,SEE_WEBSITE,,2,YES,YES,YES,PROGRAM-SPECIFIC,PROGRAM-SPECIFIC,NEED_AWARE,YES,YES,CSS Profile + Cornell requirements,https://content.commonapp.org/Files/ReqGrid.pdf,,https://news.cornell.edu/stories/2024/04/cornell-reinstate-standardized-test-requirements-fall-2026,https://finaid.cornell.edu/apply-for-aid/first-year-and-transfer-applicants/international-applicants,2026-09-14,HIGH,UNKNOWN/PENDING values are intentional and must not be converted to NO. Direct official page overrides Common App grid when more specific/current.
14,university-of-chicago,University of Chicago,IL,COMMON_APP,ED I 2026-11-02; EA 2026-11-02; ED II 2027-01-04; RD 2027-01-04,90,VERIFIED_GRID,ACCEPTED,OPTIONAL,Batch 1 policy retained; current source is Common App grid or prior verified source,SEE_WEBSITE,,2,YES,PENDING,YES,OPTIONAL,NO GENERAL INTERVIEW,UNKNOWN,YES,YES,International Student Financial Aid Worksheet / UChicago process,https://content.commonapp.org/Files/ReqGrid.pdf,,https://fairtest.org/test-optional-list/,https://collegeadmissions.uchicago.edu/financial-support/financial-overview/,2026-09-14,HIGH,UNKNOWN/PENDING values are intentional and must not be converted to NO. Direct official page overrides Common App grid when more specific/current.
15,university-of-california-berkeley,University of California-Berkeley,CA,UC_APPLICATION,Fall 2027 application opens 2026-08-01; filing period 2026-10-01 to 2026-11-30,95,VERIFIED_SYSTEM_INTL,No UC application fee waiver for international applicants assumed; verify country-specific/payment exceptions,BLIND,UC does not consider SAT/ACT in admissions or scholarships,Required if <3 years English-medium instruction / applicable international criteria,IELTS 6.5; TOEFL new scale 4.5 or legacy 80; DET 115; plus approved AP/IB/ACT/SAT/college-course alternatives,NOT GENERALLY REQUIRED; campus may request later,NO COMMON APP COUNSELOR REC REQUIREMENT,NOT GENERALLY REQUIRED,YES — UC Personal Insight Questions,PROGRAM-SPECIFIC,NOT GENERALLY REQUIRED; some campuses may request for English/selection,NO_NEED_BASED_AID,NO_BROAD_NEED_AID,NO,International students are generally ineligible for student loans and eligible for very few scholarships,https://admission.universityofcalifornia.edu/how-to-apply/applying-as-a-first-year/,https://admission.universityofcalifornia.edu/admission-requirements/first-year-requirements/english-language-proficiency.html,https://admission.universityofcalifornia.edu/how-to-apply/applying-as-a-first-year/filling-out-the-application.html,https://admission.universityofcalifornia.edu/tuition-financial-aid/types-of-aid/who-can-get-financial-aid/,2026-09-14,HIGH,UNKNOWN/PENDING values are intentional and must not be converted to NO. Direct official page overrides Common App grid when more specific/current.
16,university-of-california-los-angeles,University of California-Los Angeles,CA,UC_APPLICATION,Fall 2027 application opens 2026-08-01; filing period 2026-10-01 to 2026-11-30,95,VERIFIED_SYSTEM_INTL,No UC application fee waiver for international applicants assumed; verify country-specific/payment exceptions,BLIND,UC does not consider SAT/ACT in admissions or scholarships,Required if <3 years English-medium instruction / applicable international criteria,IELTS 6.5; TOEFL new scale 4.5 or legacy 80; DET 115; plus approved AP/IB/ACT/SAT/college-course alternatives,NOT GENERALLY REQUIRED; campus may request later,NO COMMON APP COUNSELOR REC REQUIREMENT,NOT GENERALLY REQUIRED,YES — UC Personal Insight Questions,PROGRAM-SPECIFIC,NOT GENERALLY REQUIRED; some campuses may request for English/selection,NO_NEED_BASED_AID,NO_BROAD_NEED_AID,NO,International students are generally ineligible for student loans and eligible for very few scholarships,https://admission.universityofcalifornia.edu/how-to-apply/applying-as-a-first-year/,https://admission.universityofcalifornia.edu/admission-requirements/first-year-requirements/english-language-proficiency.html,https://admission.universityofcalifornia.edu/how-to-apply/applying-as-a-first-year/filling-out-the-application.html,https://admission.universityofcalifornia.edu/tuition-financial-aid/types-of-aid/who-can-get-financial-aid/,2026-09-14,HIGH,UNKNOWN/PENDING values are intentional and must not be converted to NO. Direct official page overrides Common App grid when more specific/current.
17,rice-university,Rice University,TX,COMMON_APP,ED I 2026-11-01; ED II 2027-01-04; RD 2027-01-04,75,VERIFIED_GRID,ACCEPTED,OPTIONAL,Batch 1 policy retained; current source is Common App grid or prior verified source,SEE_WEBSITE,,2,YES,YES,YES,PROGRAM-SPECIFIC,OPTIONAL,NEED_AWARE,SELECTIVE,YES_IF_AID_RECIPIENT,CSS Profile,https://content.commonapp.org/Files/ReqGrid.pdf,,https://admission.rice.edu/apply/first-year-domestic-applicants,https://financialaid.rice.edu/apply-aid/international-students,2026-09-14,HIGH,UNKNOWN/PENDING values are intentional and must not be converted to NO. Direct official page overrides Common App grid when more specific/current.
18,dartmouth-college,Dartmouth College,NH,COMMON_APP,ED 2026-11-01; RD 2027-01-01,85,VERIFIED_GRID,ACCEPTED,REQUIRED,Batch 1 policy retained; current source is Common App grid or prior verified source,Cambridge/DET/IELTS/TOEFL,,2,YES,YES,YES,OPTIONAL,IF AVAILABLE,NEED_BLIND,YES,YES,CSS Profile / Dartmouth international aid requirements,https://content.commonapp.org/Files/ReqGrid.pdf,,https://admissions.dartmouth.edu/apply/update-testing-policy,https://financialaid.dartmouth.edu/apply-aid/international-students,2026-09-14,HIGH,UNKNOWN/PENDING values are intentional and must not be converted to NO. Direct official page overrides Common App grid when more specific/current.
19,vanderbilt-university,Vanderbilt University,TN,COMMON_APP,ED I 2026-11-01; ED II 2027-01-01; RD 2027-01-01,50,VERIFIED_GRID,ACCEPTED,OPTIONAL,Batch 1 policy retained; current source is Common App grid or prior verified source,SEE_WEBSITE,,2,YES,YES,YES,PROGRAM-SPECIFIC,NO GENERAL INTERVIEW,NEED_AWARE,YES,YES,CSS Profile or approved international alternative where applicable,https://content.commonapp.org/Files/ReqGrid.pdf,,https://admissions.vanderbilt.edu/apply/testing-policies/,https://www.vanderbilt.edu/financialaid/international.php,2026-09-14,HIGH,UNKNOWN/PENDING values are intentional and must not be converted to NO. Direct official page overrides Common App grid when more specific/current.
20,university-of-notre-dame,University of Notre Dame,IN,COMMON_APP,REA 2026-11-01; RD 2027-01-04,85,VERIFIED_GRID,ACCEPTED,OPTIONAL,Batch 1 policy retained; current source is Common App grid or prior verified source,SEE_WEBSITE,,1,YES,YES,YES,OPTIONAL,NO GENERAL INTERVIEW,NEED_BLIND,YES,YES,CSS Profile / Notre Dame process,https://content.commonapp.org/Files/ReqGrid.pdf,,https://admissions.nd.edu/apply/application-overview/,https://admissions.nd.edu/aid-affordability/international-student-financial-aid/,2026-09-14,HIGH,UNKNOWN/PENDING values are intentional and must not be converted to NO. Direct official page overrides Common App grid when more specific/current.
21,university-of-michiganann-arbor,University of Michigan-Ann Arbor,MI,COMMON_APP,ED 2026-11-01; EA 2026-11-01; RD 2027-02-01,75,VERIFIED_OFFICIAL,SEE WEBSITE,OPTIONAL,Batch 1 policy retained; current source is Common App grid or prior verified source,TOEFL/IELTS/MET and approved alternatives for non-native English,,1,YES/SCHOOL REPORT,SEE WEBSITE,YES,PROGRAM-SPECIFIC,PROGRAM-SPECIFIC,LIMITED,LIMITED,NO_FULL_NEED_COMMITMENT_VERIFIED,Scholarships/limited institutional options; see official,https://admissions.umich.edu/apply/first-year-applicants/requirements-deadlines/,,https://admissions.umich.edu/apply/first-year-applicants/requirements-deadlines/application-changes,https://finaid.umich.edu/getting-started/qualifying-for-aid/international-students,2026-09-14,HIGH,UNKNOWN/PENDING values are intentional and must not be converted to NO. Direct official page overrides Common App grid when more specific/current.
22,georgetown-university,Georgetown University,DC,INSTITUTIONAL,EA 2026-11-01; RD 2027-01-01,,PENDING_OFFICIAL,SEE WEBSITE,REQUIRED,Batch 1 policy retained; current source is Common App grid or prior verified source,"Recommended, not generally required; DET/IELTS/TOEFL accepted",,1 required; 2nd optional,YES,YES,YES — Georgetown supplement,PROGRAM-SPECIFIC,ALUMNI INTERVIEW,LIMITED_NEED_BASED,YES_LIMITED,UNKNOWN,CSS Profile; very limited international need-based funding,https://uadmissions.georgetown.edu/applying/first-year-application/,,https://uadmissions.georgetown.edu/applying/first-year-application/,https://uadmissions.georgetown.edu/applying/international/,2026-09-14,MEDIUM,UNKNOWN/PENDING values are intentional and must not be converted to NO. Direct official page overrides Common App grid when more specific/current.
23,university-of-virginia,University of Virginia-Main Campus,VA,COMMON_APP,ED 2026-11-01; EA 2026-11-01; RD 2027-01-05,75,VERIFIED_GRID,ACCEPTED,OPTIONAL,Batch 1 policy retained; current source is Common App grid or prior verified source,SEE_WEBSITE,,1,YES,PENDING,YES,PROGRAM-SPECIFIC,NO GENERAL INTERVIEW,NO_NEED_BASED_AID,NO,NO,Private/outside financing except limited special programs,https://content.commonapp.org/Files/ReqGrid.pdf,,https://www.devry.edu/admissions/undergraduate-admissions.html,https://sfs.virginia.edu/financial-aid-new-applicants/financial-aid-basics/eligibility-financial-aid,2026-09-14,HIGH,UNKNOWN/PENDING values are intentional and must not be converted to NO. Direct official page overrides Common App grid when more specific/current.
24,washington-university-in-st-louis,Washington University in St Louis,MO,COMMON_APP,ED I 2026-11-02; EA 2026-11-02; ED II 2027-01-04; RD 2027-01-04,75,VERIFIED_GRID,ACCEPTED,OPTIONAL,Batch 1 policy retained; current source is Common App grid or prior verified source,SEE_WEBSITE,,1,YES,YES,YES,PROGRAM-SPECIFIC,OPTIONAL,UNKNOWN,PENDING,PENDING,PENDING current official international policy verification,https://content.commonapp.org/Files/ReqGrid.pdf,,https://admissions.wustl.edu/how-to-apply/application-process/,,2026-09-14,MEDIUM,UNKNOWN/PENDING values are intentional and must not be converted to NO. Direct official page overrides Common App grid when more specific/current.
25,carnegie-mellon-university,Carnegie Mellon University,PA,COMMON_APP,ED 2026-11-02; RD 2027-01-04,75,VERIFIED_OFFICIAL,COMMON APP ECONOMIC-NEED WAIVER,PROGRAM_DEPENDENT,SCS SAT/ACT required; CFA test optional; most other colleges test flexible,Required for nonnative English speakers: TOEFL/IELTS/Cambridge/DET,IELTS 7.5; TOEFL iBT 102 (subs 25); TOEFL Essentials 11; Cambridge 191; DET 135,1,1,PENDING,YES — 3 short answers,REQUIRED for some CFA programs,PROGRAM-SPECIFIC,NO_NEED_BASED_AID,NO,NO,No institutional undergraduate aid for international students,https://www.cmu.edu/admission/admission/undergraduate-admission-requirements,https://www.cmu.edu/admission/admission/standardized-testing,https://www.cmu.edu/admission/admission/standardized-testing,https://www.cmu.edu/admission/admission/international-applicants,2026-09-14,HIGH,UNKNOWN/PENDING values are intentional and must not be converted to NO. Direct official page overrides Common App grid when more specific/current.
26,emory-university,Emory University,GA,COMMON_APP,ED I 2026-11-01; ED II 2027-01-01; RD 2027-01-01,75,VERIFIED_GRID,ACCEPTED,OPTIONAL,Batch 1 policy retained; current source is Common App grid or prior verified source,SEE WEBSITE / conditional English proficiency,,2,YES,YES,YES,OPTIONAL,NO GENERAL INTERVIEW,NEED_AWARE_OR_SELECTIVE,SELECTIVE,NOT_VERIFIED_FOR_ALL,International need-based aid offered to a select group,https://content.commonapp.org/Files/ReqGrid.pdf,https://apply.emory.edu/apply/international-applicants.html,https://apply.emory.edu/apply/first-year/tips/standardized-exam-policies.html,https://apply.emory.edu/apply/international-applicants.html,2026-09-14,HIGH,UNKNOWN/PENDING values are intentional and must not be converted to NO. Direct official page overrides Common App grid when more specific/current.
27,university-of-southern-california,University of Southern California,CA,COMMON_APP,EA 2026-11-01; RD 2027-01-10,85,VERIFIED_GRID,ACCEPTED,OPTIONAL,Batch 1 policy retained; current source is Common App grid or prior verified source,SEE_WEBSITE,,PENDING,YES,YES,YES,PROGRAM-SPECIFIC,PROGRAM-SPECIFIC,NO_NEED_BASED_AID,NO,NO,Merit scholarships may be available; no need-based aid for international students,https://content.commonapp.org/Files/ReqGrid.pdf,,https://dornsife.usc.edu/admission/apply/,https://admission.usc.edu/cost-and-financial-aid/financial-aid/international-students/,2026-09-14,HIGH,UNKNOWN/PENDING values are intentional and must not be converted to NO. Direct official page overrides Common App grid when more specific/current.
28,university-of-california-san-diego,University of California-San Diego,CA,UC_APPLICATION,Fall 2027 application opens 2026-08-01; filing period 2026-10-01 to 2026-11-30,95,VERIFIED_SYSTEM_INTL,No UC application fee waiver for international applicants assumed; verify country-specific/payment exceptions,BLIND,UC does not consider SAT/ACT in admissions or scholarships,Required if <3 years English-medium instruction / applicable international criteria,IELTS 6.5; TOEFL new scale 4.5 or legacy 80; DET 115; plus approved AP/IB/ACT/SAT/college-course alternatives,NOT GENERALLY REQUIRED; campus may request later,NO COMMON APP COUNSELOR REC REQUIREMENT,NOT GENERALLY REQUIRED,YES — UC Personal Insight Questions,PROGRAM-SPECIFIC,NOT GENERALLY REQUIRED; some campuses may request for English/selection,NO_NEED_BASED_AID,NO_BROAD_NEED_AID,NO,International students are generally ineligible for student loans and eligible for very few scholarships,https://admission.universityofcalifornia.edu/how-to-apply/applying-as-a-first-year/,https://admission.universityofcalifornia.edu/admission-requirements/first-year-requirements/english-language-proficiency.html,https://admission.universityofcalifornia.edu/how-to-apply/applying-as-a-first-year/filling-out-the-application.html,https://admission.universityofcalifornia.edu/tuition-financial-aid/types-of-aid/who-can-get-financial-aid/,2026-09-14,HIGH,UNKNOWN/PENDING values are intentional and must not be converted to NO. Direct official page overrides Common App grid when more specific/current.
29,university-of-florida,University of Florida,FL,COMMON_APP,ED 2026-10-15 (materials 10/22); EA 2026-11-01 (materials 11/08); RD 2027-01-15 (materials 01/22),,PENDING_OFFICIAL,SEE WEBSITE,REQUIRED,Batch 1 policy retained; current source is Common App grid or prior verified source,PENDING OFFICIAL MINIMUM,,NOT GENERALLY REQUIRED,SCHOOL RECORDS REQUIRED,SEE WEBSITE,YES,PROGRAM-SPECIFIC,NO GENERAL INTERVIEW,LIMITED,LIMITED,NO_FULL_NEED_COMMITMENT_VERIFIED,College/private scholarships may be available; broad institutional need aid not verified,https://admissions.ufl.edu/apply/freshman/deadlines,,https://fairtest.org/test-optional-list/,https://internationalcenter.ufl.edu/start-up/international-student-services/new-international-students/financial-information,2026-09-14,MEDIUM,UNKNOWN/PENDING values are intentional and must not be converted to NO. Direct official page overrides Common App grid when more specific/current.
30,university-of-california-davis,University of California-Davis,CA,UC_APPLICATION,Fall 2027 application opens 2026-08-01; filing period 2026-10-01 to 2026-11-30,95,VERIFIED_SYSTEM_INTL,No UC application fee waiver for international applicants assumed; verify country-specific/payment exceptions,BLIND,UC does not consider SAT/ACT in admissions or scholarships,Required if <3 years English-medium instruction / applicable international criteria,IELTS 6.5; TOEFL new scale 4.5 or legacy 80; DET 115; plus approved AP/IB/ACT/SAT/college-course alternatives,NOT GENERALLY REQUIRED; campus may request later,NO COMMON APP COUNSELOR REC REQUIREMENT,NOT GENERALLY REQUIRED,YES — UC Personal Insight Questions,PROGRAM-SPECIFIC,NOT GENERALLY REQUIRED; some campuses may request for English/selection,NO_NEED_BASED_AID,NO_BROAD_NEED_AID,NO,International students are generally ineligible for student loans and eligible for very few scholarships,https://admission.universityofcalifornia.edu/how-to-apply/applying-as-a-first-year/,https://admission.universityofcalifornia.edu/admission-requirements/first-year-requirements/english-language-proficiency.html,https://admission.universityofcalifornia.edu/how-to-apply/applying-as-a-first-year/filling-out-the-application.html,https://admission.universityofcalifornia.edu/tuition-financial-aid/types-of-aid/who-can-get-financial-aid/,2026-09-14,HIGH,UNKNOWN/PENDING values are intentional and must not be converted to NO. Direct official page overrides Common App grid when more specific/current.
31,university-of-texas-at-austin,The University of Texas at Austin,TX,COMMON_APP;APPLYTEXAS,EA 2026-10-15 (materials 10/22); RD 2026-12-01 (materials 12/10),90,VERIFIED_OFFICIAL_INTL,INTERNATIONAL WAIVER NOT ASSUMED,REQUIRED,Batch 1 policy retained; current source is Common App grid or prior verified source,SEE WEBSITE,,OPTIONAL / SEE WEBSITE,SCHOOL MATERIALS,SEE WEBSITE,YES — essay + short answers,PROGRAM-SPECIFIC,PROGRAM-SPECIFIC,LIMITED,LIMITED,NO_FULL_NEED_COMMITMENT_VERIFIED,International scholarships/limited aid; no full-need commitment verified,https://admissions.utexas.edu/apply/freshman/,,https://news.utexas.edu/2024/03/11/ut-austin-reinstates-standardized-test-scores-in-admissions/,https://global.utexas.edu/isss/advising-services/financial-aid,2026-09-14,HIGH,UNKNOWN/PENDING values are intentional and must not be converted to NO. Direct official page overrides Common App grid when more specific/current.
32,university-of-california-irvine,University of California-Irvine,CA,UC_APPLICATION,Fall 2027 application opens 2026-08-01; filing period 2026-10-01 to 2026-11-30,95,VERIFIED_SYSTEM_INTL,No UC application fee waiver for international applicants assumed; verify country-specific/payment exceptions,BLIND,UC does not consider SAT/ACT in admissions or scholarships,Required if <3 years English-medium instruction / applicable international criteria,IELTS 6.5; TOEFL new scale 4.5 or legacy 80; DET 115; plus approved AP/IB/ACT/SAT/college-course alternatives,NOT GENERALLY REQUIRED; campus may request later,NO COMMON APP COUNSELOR REC REQUIREMENT,NOT GENERALLY REQUIRED,YES — UC Personal Insight Questions,PROGRAM-SPECIFIC,NOT GENERALLY REQUIRED; some campuses may request for English/selection,NO_NEED_BASED_AID,NO_BROAD_NEED_AID,NO,International students are generally ineligible for student loans and eligible for very few scholarships,https://admission.universityofcalifornia.edu/how-to-apply/applying-as-a-first-year/,https://admission.universityofcalifornia.edu/admission-requirements/first-year-requirements/english-language-proficiency.html,https://admission.universityofcalifornia.edu/how-to-apply/applying-as-a-first-year/filling-out-the-application.html,https://admission.universityofcalifornia.edu/tuition-financial-aid/types-of-aid/who-can-get-financial-aid/,2026-09-14,HIGH,UNKNOWN/PENDING values are intentional and must not be converted to NO. Direct official page overrides Common App grid when more specific/current.
33,georgia-institute-of-technology,Georgia Institute of Technology-Main Campus,GA,COMMON_APP,EA1 2026-10-15 (GA); EA2 2026-11-02 (non-GA/international); RD 2027-01-06,85,VERIFIED_OFFICIAL_INTL,SEE WEBSITE,REQUIRED,Batch 1 policy retained; current source is Common App grid or prior verified source,SEE WEBSITE / USG rules,,OPTIONAL/SEE WEBSITE,SCHOOL REPORT/TRANSCRIPT,SEE WEBSITE,YES,PROGRAM-SPECIFIC,NO GENERAL INTERVIEW,NO_NEED_BASED_AID,NO_OR_VERY_LIMITED,NO,International aid/scholarship availability is typically very limited,https://admission.gatech.edu/first-year/deadlines,,https://admission.gatech.edu/first-year/standardized-tests,https://finaid.gatech.edu/undergraduate-types-aid/international-students,2026-09-14,HIGH,UNKNOWN/PENDING values are intentional and must not be converted to NO. Direct official page overrides Common App grid when more specific/current.
34,university-of-california-santa-barbara,University of California-Santa Barbara,CA,UC_APPLICATION,Fall 2027 application opens 2026-08-01; filing period 2026-10-01 to 2026-11-30,95,VERIFIED_SYSTEM_INTL,No UC application fee waiver for international applicants assumed; verify country-specific/payment exceptions,BLIND,UC does not consider SAT/ACT in admissions or scholarships,Required if <3 years English-medium instruction / applicable international criteria,IELTS 6.5; TOEFL new scale 4.5 or legacy 80; DET 115; plus approved AP/IB/ACT/SAT/college-course alternatives,NOT GENERALLY REQUIRED; campus may request later,NO COMMON APP COUNSELOR REC REQUIREMENT,NOT GENERALLY REQUIRED,YES — UC Personal Insight Questions,PROGRAM-SPECIFIC,NOT GENERALLY REQUIRED; some campuses may request for English/selection,NO_NEED_BASED_AID,NO_BROAD_NEED_AID,NO,International students are generally ineligible for student loans and eligible for very few scholarships,https://admission.universityofcalifornia.edu/how-to-apply/applying-as-a-first-year/,https://admission.universityofcalifornia.edu/admission-requirements/first-year-requirements/english-language-proficiency.html,https://admission.universityofcalifornia.edu/how-to-apply/applying-as-a-first-year/filling-out-the-application.html,https://admission.universityofcalifornia.edu/tuition-financial-aid/types-of-aid/who-can-get-financial-aid/,2026-09-14,HIGH,UNKNOWN/PENDING values are intentional and must not be converted to NO. Direct official page overrides Common App grid when more specific/current.
35,university-of-illinois-urbana-champaign,University of Illinois Urbana-Champaign,IL,COMMON_APP,EA 2026-11-01; RD 2027-01-05,75,VERIFIED_GRID,U.S.-ONLY WAIVER,OPTIONAL,Batch 1 policy retained; current source is Common App grid or prior verified source,DET/IELTS/TOEFL,,PENDING,PENDING,PENDING,YES,PROGRAM-SPECIFIC,NO GENERAL INTERVIEW,NO_NEED_BASED_AID,NO,NO,International students generally not eligible for need-based university aid; scholarships may exist,https://content.commonapp.org/Files/ReqGrid.pdf,,https://www.admissions.illinois.edu/faq/applicant-freshman,https://osfa.illinois.edu/types-of-aid/other-aid/international-students/,2026-09-14,HIGH,UNKNOWN/PENDING values are intentional and must not be converted to NO. Direct official page overrides Common App grid when more specific/current.
36,university-of-wisconsinmadison,University of Wisconsin-Madison,WI,COMMON_APP,EA 2026-11-01; RD 2027-01-15,80,VERIFIED_GRID,ACCEPTED,OPTIONAL,Batch 1 policy retained; current source is Common App grid or prior verified source,DET/IELTS/TOEFL,,1,PENDING,PENDING,YES,PROGRAM-SPECIFIC,NO GENERAL INTERVIEW,LIMITED,LIMITED/MERIT,NO_FULL_NEED_COMMITMENT_VERIFIED,Scholarships may exist; broad need-based aid not verified,https://content.commonapp.org/Files/ReqGrid.pdf,,https://admissions.wisc.edu/act_sat_faq/,https://iss.wisc.edu/students/current-students/funding-scholarships/,2026-09-14,HIGH,UNKNOWN/PENDING values are intentional and must not be converted to NO. Direct official page overrides Common App grid when more specific/current.
37,new-york-university,New York University,NY,COMMON_APP,ED I 2026-11-01; ED II 2027-01-01; RD 2027-01-05,85,VERIFIED_GRID,ACCEPTED,OPTIONAL,Batch 1 policy retained; current source is Common App grid or prior verified source,SEE WEBSITE,,PENDING,PENDING,PENDING,YES,PROGRAM-SPECIFIC,PROGRAM-SPECIFIC,NEED_AWARE,YES,PENDING,CSS Profile required for first-year NYU scholarship consideration; international need considered in admission,https://content.commonapp.org/Files/ReqGrid.pdf,,https://www.nyu.edu/admissions/undergraduate-admissions/how-to-apply/standardized-tests.html,https://bulletins.nyu.edu/undergraduate/business/cost-attendance/financial-aid/,2026-09-14,HIGH,UNKNOWN/PENDING values are intentional and must not be converted to NO. Direct official page overrides Common App grid when more specific/current.
38,boston-college,Boston College,MA,COMMON_APP,ED I 2026-11-01; ED II 2027-01-04; RD 2027-01-04,85,VERIFIED_GRID,U.S.-ONLY WAIVER per grid,OPTIONAL,Batch 1 policy retained; current source is Common App grid or prior verified source,Required unless waiver criteria met; see official page,Admitted students typically average ~5.5 on new TOEFL scale; exact minimum varies/see site,2,YES,YES,YES,OPTIONAL,INITIALVIEW encouraged for international,NO_NEED_BASED_AID,NO,NO,International applicants who are not U.S. citizens/permanent residents are not eligible for BC need-based aid,https://content.commonapp.org/Files/ReqGrid.pdf,https://www.bc.edu/bc-web/admission/apply/international.html,https://www.bc.edu/bc-web/admission/apply/test-optional.html,https://www.bc.edu/bc-web/admission/apply/international.html,2026-09-14,HIGH,UNKNOWN/PENDING values are intentional and must not be converted to NO. Direct official page overrides Common App grid when more specific/current.
39,university-of-washington,University of Washington-Seattle Campus,WA,COMMON_APP,RD 2026-11-15,95,VERIFIED_GRID_INTL,ACCEPTED,OPTIONAL,Batch 1 policy retained; current source is Common App grid or prior verified source,SEE WEBSITE,,NOT GENERALLY REQUIRED,PENDING,PENDING,YES,PROGRAM-SPECIFIC,NO GENERAL INTERVIEW,LIMITED,VERY_LIMITED,NO,Nonresident/international university grant access is very limited; federal aid unavailable,https://content.commonapp.org/Files/ReqGrid.pdf,,https://www.washington.edu/news/2020/06/11/uw-removes-standardized-testing-requirement-for-incoming-students-beyond-fall-2021/,https://www.washington.edu/financialaid/getting-started/eligibility/international-students/,2026-09-14,HIGH,UNKNOWN/PENDING values are intentional and must not be converted to NO. Direct official page overrides Common App grid when more specific/current.
40,tufts-university,Tufts University,MA,COMMON_APP,ED I 2026-11-02; ED II 2027-01-04; RD 2027-01-04,75,VERIFIED_GRID,ACCEPTED,OPTIONAL,Batch 1 policy retained; current source is Common App grid or prior verified source,SEE WEBSITE,,1,YES,YES,YES,OPTIONAL/PROGRAM,OPTIONAL,UNKNOWN,YES,YES,Tufts states it meets full demonstrated need for admitted students; international admission policy should be reverified directly,https://content.commonapp.org/Files/ReqGrid.pdf,,https://now.tufts.edu/2023/01/17/applications-undergraduate-class-2027-top-34000,https://students.tufts.edu/financial-services/financial-aid/undergraduate-aid/international-students,2026-09-14,HIGH,UNKNOWN/PENDING values are intentional and must not be converted to NO. Direct official page overrides Common App grid when more specific/current.
41,rutgers-universitynew-brunswick,Rutgers University-New Brunswick,NJ,COMMON_APP,EA 2026-11-01; RD 2026-12-01,70,VERIFIED_OFFICIAL,Limited official categories; do not assume intl eligibility,OPTIONAL,Batch 1 policy retained; current source is Common App grid or prior verified source,English proficiency required when applicable,TOEFL legacy 79 / new 4.5; IELTS 6.5; MET 56; SAT EBRW 550; ACT English 21; PTE 53; DET 115; Cambridge B2,NOT GENERALLY REQUIRED,TRANSCRIPT/SRAR FLOW; SEE WEBSITE,SEE WEBSITE,YES — Rutgers/Common App essay; no general supplemental essay,MASON GROSS PROGRAM-SPECIFIC,NO GENERAL INTERVIEW,MERIT_FOCUSED_LIMITED,MERIT/VERY_LIMITED_NEED,NO_FULL_NEED_COMMITMENT_VERIFIED,International merit awards available; broad need aid not verified,https://admissions.rutgers.edu/apply/first-year-applicants,https://admissions.rutgers.edu/apply/international-applicants,https://admissions.rutgers.edu/FAQ,https://admissions.rutgers.edu/costs-and-aid/scholarships,2026-09-14,HIGH,UNKNOWN/PENDING values are intentional and must not be converted to NO. Direct official page overrides Common App grid when more specific/current.
42,boston-university,Boston University,MA,COMMON_APP,ED I 2026-11-02; ED II 2027-01-05; RD 2027-01-05,80,VERIFIED_GRID,ACCEPTED,OPTIONAL,Batch 1 policy retained; current source is Common App grid or prior verified source,SEE WEBSITE,,1,YES,YES,YES,PROGRAM-SPECIFIC,PROGRAM-SPECIFIC,NO_NEED_BASED_AID,NO,NO,International first-year students generally merit-only for institutional awards,https://content.commonapp.org/Files/ReqGrid.pdf,,https://www.bu.edu/admissions/apply/first-year/test-policy/,https://www.bu.edu/admissions/apply/international/,2026-09-14,HIGH,UNKNOWN/PENDING values are intentional and must not be converted to NO. Direct official page overrides Common App grid when more specific/current.
43,the-ohio-state-university,Ohio State University-Main Campus,OH,COMMON_APP,EA 2026-11-01; RD 2027-01-15,70,VERIFIED_OFFICIAL,International generally not eligible for institutional app fee waiver; see official,REQUIRED,Batch 1 policy retained; current source is Common App grid or prior verified source,English proficiency required when applicable,TOEFL legacy 79 / new 4.0; IELTS 6.5; ACT English 21; DET 120; SAT EBRW 550,OPTIONAL up to 2,TRANSCRIPTS/MATERIALS,SEE WEBSITE,COMMON APP ESSAY,PROGRAM-SPECIFIC,NO GENERAL INTERVIEW,LIMITED,LIMITED,NO_FULL_NEED_COMMITMENT_VERIFIED,International students generally ineligible for federal/state and most institutional need aid; scholarship search available,https://undergrad.osu.edu/apply/international-freshmen/apply-step-by-step,https://undergrad.osu.edu/apply/international-freshmen,https://undergrad.osu.edu/apply/freshmen-columbus/apply-step-by-step,https://undergrad.osu.edu/apply/international-freshmen,2026-09-14,HIGH,UNKNOWN/PENDING values are intentional and must not be converted to NO. Direct official page overrides Common App grid when more specific/current.
44,university-of-maryland-college-park,University of Maryland-College Park,MD,COMMON_APP,EA 2026-11-01; RD 2027-01-20,80,VERIFIED_GRID,U.S.-ONLY waiver per grid,OPTIONAL,Batch 1 policy retained; current source is Common App grid or prior verified source,SEE WEBSITE,,1,PENDING,PENDING,YES,PROGRAM-SPECIFIC,NO GENERAL INTERVIEW,NO_NEED_BASED_AID,NO,NO,Institutional need-aid eligibility is restricted; international students generally ineligible,https://content.commonapp.org/Files/ReqGrid.pdf,,https://admissions.umd.edu/apply/freshman-application-faqs,https://financialaid.umd.edu/eligibility,2026-09-14,HIGH,UNKNOWN/PENDING values are intentional and must not be converted to NO. Direct official page overrides Common App grid when more specific/current.
45,university-of-rochester,University of Rochester,NY,COMMON_APP,ED I 2026-11-01; ED II 2027-01-05; RD 2027-01-05,50,VERIFIED_GRID,ACCEPTED,OPTIONAL,Batch 1 policy retained; current source is Common App grid or prior verified source,DET/IELTS/TOEFL,,1,YES,YES,YES,OPTIONAL,OPTIONAL/RECOMMENDED,NEED_AWARE,YES,YES,CSS Profile / Rochester international aid process,https://content.commonapp.org/Files/ReqGrid.pdf,,https://enrollment.rochester.edu/testing-policy/#test-optional,https://www.rochester.edu/financial-aid/international/,2026-09-14,HIGH,UNKNOWN/PENDING values are intentional and must not be converted to NO. Direct official page overrides Common App grid when more specific/current.
46,purdue-university,Purdue University,IN,COMMON_APP,EA 2026-11-01; RD 2027-01-15 (verify program-specific deadlines),,PENDING_CURRENT_FEE,Qualified fee waiver available,OPTIONAL,Batch 1 policy retained; current source is Common App grid or prior verified source,SEE WEBSITE,,NOT GENERALLY REQUIRED,SCHOOL MATERIALS,SEE WEBSITE,YES — Common App + Purdue-specific questions,PROGRAM-SPECIFIC,NO GENERAL INTERVIEW,NO_NEED_BASED_AID,NO_OR_VERY_LIMITED,NO,International students generally not eligible for Purdue need-based aid; external options may exist,https://www.admissions.purdue.edu/apply/criteriafreshmen.php,,https://fairtest.org/wp-content/uploads/2026TOList/test-optional-list.html?v=1,https://admissions.purdue.edu/costsandfinaid/finaid.php,2026-09-14,MEDIUM,UNKNOWN/PENDING values are intentional and must not be converted to NO. Direct official page overrides Common App grid when more specific/current.
47,university-of-north-carolina-at-chapel-hill,University of North Carolina at Chapel Hill,NC,COMMON_APP,EA 2026-10-15; RD 2027-01-15,85,VERIFIED_GRID,ACCEPTED,OPTIONAL,Batch 1 policy retained; current source is Common App grid or prior verified source,SEE WEBSITE,,1,YES,PENDING,YES,PROGRAM-SPECIFIC,NO GENERAL INTERVIEW,NO_NEED_BASED_AID_OR_VERY_LIMITED,VERY_LIMITED,NO_FULL_NEED_COMMITMENT_VERIFIED,International undergraduate institutional aid is very limited; direct current policy recheck still recommended,https://content.commonapp.org/Files/ReqGrid.pdf,,https://www.northcarolina.edu/students/admission/,https://studentaid.unc.edu/,2026-09-14,HIGH,UNKNOWN/PENDING values are intentional and must not be converted to NO. Direct official page overrides Common App grid when more specific/current.
48,wake-forest-university,Wake Forest University,NC,COMMON_APP,ED I 2026-11-15; EA 2026-11-15; ED II 2027-01-01; RD 2027-01-01,85,VERIFIED_OFFICIAL,SEE WEBSITE,OPTIONAL,Batch 1 policy retained; current source is Common App grid or prior verified source,Required for intl applicants whose first language is not English unless 3+ years English-medium school; TOEFL/IELTS/DET accepted,No current minimum stated on cited international page,1 counselor/advisor OR teacher,Secondary School Report required,SEE WEBSITE,YES,OPTIONAL,Optional video/interview; strongly recommended for intl,NO_NEED_BASED_AID,NO,NO,International students are not eligible for institutional need-based aid; merit scholarships remain possible,https://admissions.wfu.edu/become-a-deacon/international/,https://admissions.wfu.edu/become-a-deacon/international/,https://news.wfu.edu/test-optional-admissions/,https://financialaid.wfu.edu/applying-for-aid/,2026-09-14,HIGH,UNKNOWN/PENDING values are intentional and must not be converted to NO. Direct official page overrides Common App grid when more specific/current.
49,virginia-tech,Virginia Polytechnic Institute and State University,VA,COMMON_APP,EA 2026-11-01; RD 2027-01-15 (current-year verification recommended),70,MEDIUM — official page result is older but current admissions page should be rechecked,SEE WEBSITE,OPTIONAL,Batch 1 policy retained; current source is Common App grid or prior verified source,Required when applicable,TOEFL new 4.5 (no subscore <4.0); IELTS 6.5 (no subscore <6.5); PTE 59; DET 115; Cambridge 176,NOT USED/SEE WEBSITE,TRANSCRIPT/SRAR FLOW,SEE WEBSITE,YES — short-answer prompts,PROGRAM-SPECIFIC,NO GENERAL INTERVIEW,LIMITED,LIMITED/MERIT,NO,Scholarships may be available; no broad full-need commitment,https://www.vt.edu/admissions/undergraduate/apply/international.html,https://www.vt.edu/admissions/undergraduate/apply/international.html,https://www.vt.edu/admissions/frequently-asked-questions/test-optional.html,https://finaid.vt.edu/undergraduate/InternationalStudents.html,2026-09-14,HIGH,UNKNOWN/PENDING values are intentional and must not be converted to NO. Direct official page overrides Common App grid when more specific/current.
50,texas-a-and-m-university,Texas A&M University,TX,COMMON_APP;APPLYTEXAS,Application opens 2026-08-01; deadline 2026-12-01; documents due 2026-12-15,90,VERIFIED_OFFICIAL_CURRENT,SEE WEBSITE,OPTIONAL,Batch 1 policy retained; current source is Common App grid or prior verified source,PENDING OFFICIAL,,OPTIONAL/SEE WEBSITE,SCHOOL MATERIALS,SEE WEBSITE,YES — main essay + short answers,PROGRAM-SPECIFIC,PROGRAM-SPECIFIC,LIMITED,LIMITED,NO_FULL_NEED_COMMITMENT_VERIFIED,TASFA/ITPEG and limited institutional/state options may apply; no full-need promise,https://admissions.tamu.edu/apply/international/international-freshman.html,,https://fairtest.org/wp-content/uploads/2026TOList/test-optional-list.html?v=1,https://aggie.tamu.edu/financial-aid/types-of-aid/international-student-aid,2026-09-14,HIGH,UNKNOWN/PENDING values are intentional and must not be converted to NO. Direct official page overrides Common App grid when more specific/current.
