slug,field_group,field_name,source_type,source_url,academic_cycle,retrieved_at,verified_at,freshness,confidence,value_hash,notes
harvard-university,ADMISSIONS,test_policy,OFFICIAL,https://college.harvard.edu/admissions/apply/application-requirements,2025-26,2026-09-13T00:00:00Z,,REVIEW_SOON,MEDIUM,,Cycle-sensitive; verify before applying.
harvard-university,FINANCIAL_AID,need_policy,OFFICIAL,https://college.harvard.edu/financial-aid/apply-financial-aid/international-students,2025-26,2026-09-13T00:00:00Z,,REVIEW_SOON,MEDIUM,,Cycle-sensitive; verify before applying.
yale-university,ADMISSIONS,test_policy,OFFICIAL,https://admissions.yale.edu/standardized-testing,2025-26,2026-09-13T00:00:00Z,,REVIEW_SOON,MEDIUM,,Cycle-sensitive; verify before applying.
yale-university,FINANCIAL_AID,need_policy,OFFICIAL,https://admissions.yale.edu/financial-aid-international-applicants,2025-26,2026-09-13T00:00:00Z,,REVIEW_SOON,MEDIUM,,Cycle-sensitive; verify before applying.
princeton-university,ADMISSIONS,test_policy,OFFICIAL,https://admission.princeton.edu/apply/standardized-testing,2025-26,2026-09-13T00:00:00Z,,REVIEW_SOON,MEDIUM,,Cycle-sensitive; verify before applying.
princeton-university,FINANCIAL_AID,need_policy,OFFICIAL,https://admission.princeton.edu/cost-aid/how-princetons-aid-program-works,2025-26,2026-09-13T00:00:00Z,,REVIEW_SOON,MEDIUM,,Cycle-sensitive; verify before applying.
massachusetts-institute-of-technology,ADMISSIONS,test_policy,OFFICIAL,https://mitadmissions.org/apply/firstyear/tests-scores/,2025-26,2026-09-13T00:00:00Z,,REVIEW_SOON,MEDIUM,,Cycle-sensitive; verify before applying.
massachusetts-institute-of-technology,FINANCIAL_AID,need_policy,OFFICIAL,https://sfs.mit.edu/undergraduate-students/apply-for-aid/international/,2025-26,2026-09-13T00:00:00Z,,REVIEW_SOON,MEDIUM,,Cycle-sensitive; verify before applying.
stanford-university,ADMISSIONS,test_policy,OFFICIAL,https://admission.stanford.edu/apply/first-year/testing.html,2025-26,2026-09-13T00:00:00Z,,REVIEW_SOON,MEDIUM,,Cycle-sensitive; verify before applying.
stanford-university,FINANCIAL_AID,need_policy,OFFICIAL,https://financialaid.stanford.edu/undergrad/how/international.html,2025-26,2026-09-13T00:00:00Z,,REVIEW_SOON,MEDIUM,,Cycle-sensitive; verify before applying.
california-institute-of-technology,ADMISSIONS,test_policy,OFFICIAL,https://www.admissions.caltech.edu/apply/first-year-applicants/standardized-tests,2025-26,2026-09-13T00:00:00Z,,REVIEW_SOON,MEDIUM,,Cycle-sensitive; verify before applying.
california-institute-of-technology,FINANCIAL_AID,need_policy,OFFICIAL,https://www.finaid.caltech.edu/Applying/international-students,2025-26,2026-09-13T00:00:00Z,,REVIEW_SOON,MEDIUM,,Cycle-sensitive; verify before applying.
brown-university,ADMISSIONS,test_policy,OFFICIAL,https://admission.brown.edu/first-year/standardized-tests,2025-26,2026-09-13T00:00:00Z,,REVIEW_SOON,MEDIUM,,Cycle-sensitive; verify before applying.
brown-university,FINANCIAL_AID,need_policy,OFFICIAL,https://finaid.brown.edu/basics/financial-need-eligibility/international-aid,2025-26,2026-09-13T00:00:00Z,,REVIEW_SOON,MEDIUM,,Cycle-sensitive; verify before applying.
dartmouth-college,ADMISSIONS,test_policy,OFFICIAL,https://admissions.dartmouth.edu/apply/testing-policy,2025-26,2026-09-13T00:00:00Z,,REVIEW_SOON,MEDIUM,,Cycle-sensitive; verify before applying.
dartmouth-college,FINANCIAL_AID,need_policy,OFFICIAL,https://financialaid.dartmouth.edu/apply-aid/international-students,2025-26,2026-09-13T00:00:00Z,,REVIEW_SOON,MEDIUM,,Cycle-sensitive; verify before applying.
columbia-university,ADMISSIONS,test_policy,OFFICIAL,https://undergrad.admissions.columbia.edu/apply/process/testing,2025-26,2026-09-13T00:00:00Z,,REVIEW_SOON,MEDIUM,,Cycle-sensitive; verify before applying.
columbia-university,FINANCIAL_AID,need_policy,OFFICIAL,https://undergrad.admissions.columbia.edu/affordability/aid/international,2025-26,2026-09-13T00:00:00Z,,REVIEW_SOON,MEDIUM,,Cycle-sensitive; verify before applying.
university-of-pennsylvania,ADMISSIONS,test_policy,OFFICIAL,https://admissions.upenn.edu/how-to-apply/first-year-applicants,2025-26,2026-09-13T00:00:00Z,,REVIEW_SOON,MEDIUM,,Cycle-sensitive; verify before applying.
university-of-pennsylvania,FINANCIAL_AID,need_policy,OFFICIAL,https://srfs.upenn.edu/financial-aid/international,2025-26,2026-09-13T00:00:00Z,,REVIEW_SOON,MEDIUM,,Cycle-sensitive; verify before applying.
duke-university,ADMISSIONS,test_policy,OFFICIAL,https://admissions.duke.edu/apply/,2025-26,2026-09-13T00:00:00Z,,REVIEW_SOON,MEDIUM,,Cycle-sensitive; verify before applying.
duke-university,FINANCIAL_AID,need_policy,OFFICIAL,https://financialaid.duke.edu/apply-aid/international-students/,2025-26,2026-09-13T00:00:00Z,,REVIEW_SOON,MEDIUM,,Cycle-sensitive; verify before applying.
northwestern-university,ADMISSIONS,test_policy,OFFICIAL,https://admissions.northwestern.edu/faqs/standardized-testing-policy.html,2025-26,2026-09-13T00:00:00Z,,REVIEW_SOON,MEDIUM,,Cycle-sensitive; verify before applying.
northwestern-university,FINANCIAL_AID,need_policy,OFFICIAL,https://undergradaid.northwestern.edu/apply-for-aid/international-students.html,2025-26,2026-09-13T00:00:00Z,,REVIEW_SOON,MEDIUM,,Cycle-sensitive; verify before applying.
