seed_order,slug,school_name,state,application_platforms,fall_2027_deadlines,international_application_fee_usd,fee_verification_status,fee_waiver,test_policy_2026_27,test_policy_note,english_requirement,english_tests_minimums,teacher_recommendations,counselor_recommendation_or_report,midyear_report,writing_or_supplement,portfolio,interview,international_aid_policy,international_need_based_aid,meets_full_demonstrated_need_international,aid_forms_or_process,application_source_url,english_source_url,test_policy_source_url,financial_aid_source_url,verified_as_of,overall_research_confidence,research_notes
51,florida-state-university,Florida State University,FL,COMMON_APP,International fall: Regular Decision complete by 2026-12-01 (materials 2026-12-08); rolling deadline 2027-03-01 (materials 2027-03-08). EA is Florida-resident only.,30,VERIFIED_OFFICIAL; Common App may add platform fee,SEE OFFICIAL ELIGIBILITY,REQUIRED,"ACT, CLT, or SAT required for first-year admission under current Florida public-university policy",Required for applicable international applicants,TOEFL legacy 80; IELTS 6.5; PTE 55; DET 120; Cambridge 180 (plus approved alternatives),NOT GENERALLY REQUIRED,ACADEMIC RECORDS REQUIRED,SEE WEBSITE,YES — essay + resume/activity list,PROGRAM-SPECIFIC,NO GENERAL INTERVIEW,MERIT_ONLY_OR_LIMITED,NO_BROAD_NEED_AID,NO,Automatic/competitive merit may exist; broad first-year international need-based aid not established,https://admissions.fsu.edu/international/first-year/,https://admissions.fsu.edu/international/first-year/,https://admissions.fsu.edu/international/first-year/,https://admissions.fsu.edu/first-year/scholarships/,2026-09-14,HIGH,UNKNOWN/PENDING values are intentional. Direct institution pages override generic/common data; do not normalize nuanced aid categories to YES/NO.
52,northeastern-university,Northeastern University,MA,COMMON_APP,ED I 2026-11-01; EA 2026-11-01; ED II 2027-01-01; RD 2027-01-01,75,VERIFIED_COMMON_APP_BASELINE,ACCEPTED where eligible,OPTIONAL,Batch 1 test policy retained; direct official verification still preferred where available.,English proficiency required when applicable,SEE CURRENT OFFICIAL ENGLISH-PROFICIENCY PAGE,1,YES,YES/SEE WEBSITE,YES — Common App + Northeastern questions,PROGRAM-SPECIFIC,NO GENERAL INTERVIEW,NEED_AWARE_NO_NEED_AID,NO,NO,International students are not eligible for university need-based aid; merit scholarships may be available,https://content.commonapp.org/Files/ReqGrid.pdf,https://admissions.northeastern.edu/application-information/international-applicants/,https://admissions.northeastern.edu/application-information/required-materials/,https://admissions.northeastern.edu/cost-financial-aid/financial-aid-for-international-students/,2026-09-14,HIGH,UNKNOWN/PENDING values are intentional. Direct institution pages override generic/common data; do not normalize nuanced aid categories to YES/NO.
53,case-western-reserve-university,Case Western Reserve University,OH,COMMON_APP,EA 2026-11-01; ED I 2026-11-01; ED II 2027-01-15; RD 2027-01-15,0,VERIFIED_CURRENT/GRID,NOT NEEDED when fee is $0,OPTIONAL,Batch 1 test policy retained; direct official verification still preferred where available.,Required when applicable; waiver available under specified conditions,DET 115; IELTS 7.0; PTE 61; TOEFL new 4.5 / legacy 90,2,YES,SEE WEBSITE,YES,PROGRAM-SPECIFIC,OPTIONAL/SEE WEBSITE,NEED_AWARE_LIMITED,YES_LIMITED,YES_IF_AWARDED/ADMITTED,CSS Profile; international need-based funds are limited,https://case.edu/admission/apply/international-students,https://case.edu/admission/apply/international-students,https://case.edu/admission/apply/test-optional,https://case.edu/financialaid/undergraduates/international-students,2026-09-14,HIGH,UNKNOWN/PENDING values are intentional. Direct institution pages override generic/common data; do not normalize nuanced aid categories to YES/NO.
54,tulane-university,Tulane University of Louisiana,LA,COMMON_APP,ED I 2026-11-01; EA 2026-11-10; ED II 2027-01-15; RD 2027-01-15,0,VERIFIED_COMMON_APP_BASELINE,NOT NEEDED when fee is $0,OPTIONAL,Batch 1 test policy retained; direct official verification still preferred where available.,English proficiency required when applicable,TOEFL legacy 95 noted in admissions guidance; verify current alternatives/waivers,1,YES,SEE WEBSITE,YES,OPTIONAL/PROGRAM-SPECIFIC,OPTIONAL,LIMITED_NEED_BASED,YES,NO_FULL_NEED_GUARANTEE,CSS Profile; qualified international need-based awards are capped/limited alongside merit,https://content.commonapp.org/Files/ReqGrid.pdf,https://admission.tulane.edu/international,https://admission.tulane.edu/apply/instructions/standardized-tests,https://financialaid.tulane.edu/types-aid/international-students,2026-09-14,HIGH,UNKNOWN/PENDING values are intentional. Direct institution pages override generic/common data; do not normalize nuanced aid categories to YES/NO.
55,university-of-miami,University of Miami,FL,COMMON_APP,ED I 2026-11-01; EA 2026-11-01; ED II 2027-01-05; RD 2027-01-05,75,VERIFIED_COMMON_APP_BASELINE,ACCEPTED where eligible,OPTIONAL_FOR_INTL_OUTSIDE_US,Current Miami bulletin says students graduating from high school outside the U.S. may apply test optional,"Non-native English speakers submit TOEFL, IELTS, or DET; students graduating outside the U.S. may use test-optional admission for SAT/ACT",Current bulletin confirms TOEFL/IELTS/DET but does not state one universal minimum on the cited page,1,YES,YES/SEE WEBSITE,YES,PROGRAM-SPECIFIC,PROGRAM-SPECIFIC,NEED_AWARE,YES,UNKNOWN_CURRENT_FULL_NEED,CSS Profile; current bulletin says undergraduate admission is need-aware and institutional need aid exists for nonresidents,https://bulletin.miami.edu/general-university-information/undergraduate-policies-and-procedures/admission/undergraduate-international-admission/,https://bulletin.miami.edu/general-university-information/undergraduate-policies-and-procedures/admission/undergraduate-international-admission/,https://bulletin.miami.edu/general-university-information/undergraduate-policies-and-procedures/admission/undergraduate-international-admission/,https://bulletin.miami.edu/general-university-information/undergraduate-policies-and-procedures/admission/,2026-09-14,MEDIUM,UNKNOWN/PENDING values are intentional. Direct institution pages override generic/common data; do not normalize nuanced aid categories to YES/NO.
56,university-of-georgia,University of Georgia,GA,COMMON_APP,EA 2026-10-15 (materials 2026-10-29); RD 2027-01-01 (materials 2027-01-15),,PENDING_CURRENT_INTERNATIONAL_FEE,SEE WEBSITE,REQUIRED,SAT/ACT required under current UGA first-year policy,Required when applicable; current minimum needs direct verification,PENDING,OPTIONAL/SEE WEBSITE,ACADEMIC RECORDS,SEE WEBSITE,Main application writing; 2027 supplemental essay removed per current admissions update,PROGRAM-SPECIFIC,NO GENERAL INTERVIEW,MERIT_ONLY_OR_LIMITED,NO_BROAD_NEED_AID,NO,International students may compete for selected scholarships; no broad full-need commitment verified,https://www.admissions.uga.edu/admissions/first-year/first-year-admission-criteria/,https://www.admissions.uga.edu/admissions/international/,https://www.admissions.uga.edu/admissions/first-year/first-year-admission-criteria/,https://osfa.uga.edu/,2026-09-14,MEDIUM,UNKNOWN/PENDING values are intentional. Direct institution pages override generic/common data; do not normalize nuanced aid categories to YES/NO.
57,lehigh-university,Lehigh University,PA,COMMON_APP,ED I 2026-11-01; ED II 2027-01-01; RD 2027-01-01,75,VERIFIED_COMMON_APP_BASELINE,ACCEPTED where eligible,OPTIONAL,Batch 1 test policy retained; direct official verification still preferred where available.,English proficiency required when applicable,SEE CURRENT INTERNATIONAL ADMISSIONS PAGE,1,YES,YES,YES,PROGRAM-SPECIFIC,OPTIONAL,NEED_AWARE,YES_LIMITED,NOT_GUARANTEED_FULL,CSS Profile preferred or ISAFA; limited international aid; Lehigh aims to meet need for as many admitted internationals as resources permit,https://content.commonapp.org/Files/ReqGrid.pdf,https://www1.lehigh.edu/admissions/international,"https://www1.lehigh.edu/admissions/admissions-requirements#:~:text=Lehigh%20University%20has%20adopted%20a,ACT%20test%20scores%20for%20consideration",https://www2.lehigh.edu/financial-aid/international-students,2026-09-14,HIGH,UNKNOWN/PENDING values are intentional. Direct institution pages override generic/common data; do not normalize nuanced aid categories to YES/NO.
58,villanova-university,Villanova University,PA,COMMON_APP,ED I 2026-11-01; EA 2026-11-01; ED II 2027-01-15; RD 2027-01-15,80,VERIFIED_COMMON_APP_BASELINE,ACCEPTED where eligible,OPTIONAL,Batch 1 test policy retained; direct official verification still preferred where available.,Cambridge / DET / IELTS / PTE / TOEFL accepted when English proof is required,SEE CURRENT OFFICIAL PAGE FOR SCORE/WAIVER DETAILS,1,YES,YES,YES,PROGRAM-SPECIFIC,NO GENERAL INTERVIEW,NEED_AWARE,YES_LIMITED,NO_FULL_NEED_GUARANTEE_VERIFIED,CSS Profile; international need-based funding is limited,https://content.commonapp.org/Files/ReqGrid.pdf,https://www1.villanova.edu/university/undergraduate-admission/applying-to-villanova/international-applicants.html,https://www.villanova.edu/university/undergraduate-admission/faqs.html,https://www.villanova.edu/university/undergraduate-admission/financial-aid/international.html,2026-09-14,HIGH,UNKNOWN/PENDING values are intentional. Direct institution pages override generic/common data; do not normalize nuanced aid categories to YES/NO.
59,rensselaer-polytechnic-institute,Rensselaer Polytechnic Institute,NY,COMMON_APP,ED I 2026-11-01; EA 2026-12-01; ED II 2027-01-06; RD 2027-01-15,0,VERIFIED_COMMON_APP_BASELINE,NOT NEEDED when fee is $0,OPTIONAL,Batch 1 test policy retained; direct official verification still preferred where available.,Required when applicable,TOEFL legacy 88 / new 4.5; IELTS 7.0; DET 115; PTE 59,1,YES,SEE WEBSITE,YES,PROGRAM-SPECIFIC,OPTIONAL/SEE WEBSITE,MERIT_ONLY_WITH_CANADIAN_EXCEPTION,NO_GENERAL_NEED_AID,NO,International students are generally considered for merit; need-based exception may apply to Canadian citizens under stated policy,https://content.commonapp.org/Files/ReqGrid.pdf,https://admissions.rpi.edu/undergraduate/apply/international,https://undergrad.admissions.rpi.edu/prospective-students/prospective-students-frequently-asked-questions/fall-2027-admission-cycle-test,https://admissions.rpi.edu/aid,2026-09-14,HIGH,UNKNOWN/PENDING values are intentional. Direct institution pages override generic/common data; do not normalize nuanced aid categories to YES/NO.
60,brandeis-university,Brandeis University,MA,COMMON_APP,ED I 2026-11-02; EA 2026-11-02; ED II 2027-01-15; RD 2027-01-15,80,VERIFIED_COMMON_APP_BASELINE,ACCEPTED where eligible,OPTIONAL,Batch 1 test policy retained; direct official verification still preferred where available.,English proficiency requirement applies when relevant,SEE CURRENT INTERNATIONAL ADMISSIONS PAGE,1,YES,YES,YES,OPTIONAL,OPTIONAL/SEE WEBSITE,NEED_AWARE,YES,YES,CSS Profile; Brandeis states it meets 100% of calculated need for admitted aid recipients,https://content.commonapp.org/Files/ReqGrid.pdf,https://www.brandeis.edu/admissions/apply/international.html,https://www.brandeis.edu/admissions/apply/testing.html,https://www.brandeis.edu/student-financial-services/financial-aid/international.html,2026-09-14,HIGH,UNKNOWN/PENDING values are intentional. Direct institution pages override generic/common data; do not normalize nuanced aid categories to YES/NO.
61,william-and-mary,William & Mary,VA,COMMON_APP,ED I 2026-11-01; ED II 2027-01-05; RD 2027-01-05,75,VERIFIED_COMMON_APP_BASELINE,ACCEPTED where eligible,OPTIONAL,Batch 1 test policy retained; direct official verification still preferred where available.,Required when applicable,TOEFL legacy 100 / new 5; IELTS 7.0; DET accepted,1,YES,SEE WEBSITE,YES — personal statement,OPTIONAL,Optional InitialView/Vericant for international,NO_NEED_BASED_AID,NO,NO,International undergraduates generally must finance attendance; broad institutional need aid is not available,https://www.wm.edu/admission/undergraduateadmission/how-to-apply/international/,https://www.wm.edu/admission/undergraduateadmission/how-to-apply/international/,https://www.wm.edu/admission/undergraduateadmission/how-to-apply/freshmanapplicants/standardizedtesting/test-optional-faq/index.php,https://www.wm.edu/admission/undergraduateadmission/costs-aid/international/,2026-09-14,HIGH,UNKNOWN/PENDING values are intentional. Direct institution pages override generic/common data; do not normalize nuanced aid categories to YES/NO.
62,clemson-university,Clemson University,SC,COMMON_APP,EA application 2026-10-15; EA materials 2026-11-01; RD application 2027-01-01; materials 2027-01-10,70,VERIFIED_OFFICIAL,SEE WEBSITE,OPTIONAL,Batch 1 test policy retained; direct official verification still preferred where available.,English proof required when applicable,PENDING CURRENT OFFICIAL SCORE TABLE,NOT GENERALLY REQUIRED,TRANSCRIPT/ACADEMIC RECORDS,SEE WEBSITE,Application writing/comments available,PROGRAM-SPECIFIC,NO GENERAL INTERVIEW,NO_SCHOLARSHIPS_FOR_INTL_UNDERGRAD,NO,NO,Current Clemson international page explicitly says there are no scholarships for international undergraduates and students must demonstrate sufficient funds,https://www.clemson.edu/admissions/undergraduate-admissions/apply/international.html,https://www.clemson.edu/admissions/undergraduate-admissions/apply/international.html,https://www.clemson.edu/admissions/applying-to-clemson/freshman-students.html,https://www.clemson.edu/admissions/undergraduate-admissions/apply/international.html,2026-09-14,MEDIUM,UNKNOWN/PENDING values are intentional. Direct institution pages override generic/common data; do not normalize nuanced aid categories to YES/NO.
63,southern-methodist-university,Southern Methodist University,TX,COMMON_APP,ED I 2026-11-01; EA 2026-11-01; ED II 2027-01-15; RD 2027-01-15,0,VERIFIED_COMMON_APP_BASELINE,NOT NEEDED when fee is $0,OPTIONAL,Batch 1 test policy retained; direct official verification still preferred where available.,English proficiency required when applicable,PENDING CURRENT OFFICIAL SCORE TABLE,1,YES,YES/SEE WEBSITE,YES,PROGRAM-SPECIFIC,OPTIONAL/SEE WEBSITE,UNKNOWN,UNKNOWN,UNKNOWN,Current international need-based policy requires direct verification; do not infer from domestic FAFSA pages,https://content.commonapp.org/Files/ReqGrid.pdf,https://www.smu.edu/admission/apply/international,https://www.smu.edu/Admission/Apply/Frequently-Asked-Questions-TestOptional,https://www.smu.edu/admission/financialaid,2026-09-14,MEDIUM,UNKNOWN/PENDING values are intentional. Direct institution pages override generic/common data; do not normalize nuanced aid categories to YES/NO.
64,george-washington-university,George Washington University,DC,COMMON_APP,ED I 2026-11-01; ED II 2027-01-05; RD 2027-01-05,80,VERIFIED_COMMON_APP_BASELINE,ACCEPTED where eligible,OPTIONAL,Batch 1 test policy retained; direct official verification still preferred where available.,Required when applicable,TOEFL legacy 90 / new 4.5; IELTS 6.5; PTE 61; DET 120,1,YES,YES/SEE WEBSITE,YES,PROGRAM-SPECIFIC,NO GENERAL INTERVIEW,NO_NEED_BASED_AID,NO,NO,International applicants may receive merit but are not eligible for need-based institutional aid,https://content.commonapp.org/Files/ReqGrid.pdf,https://undergraduate.admissions.gwu.edu/international-applicants,https://fairtest.org/test-optional-list/,https://undergraduate.admissions.gwu.edu/international-applicants,2026-09-14,HIGH,UNKNOWN/PENDING values are intentional. Direct institution pages override generic/common data; do not normalize nuanced aid categories to YES/NO.
65,pennsylvania-state-university,Pennsylvania State University-Main Campus,PA,COMMON_APP,EA 2026-11-01; rolling review after Nov. 1; some programs have earlier/specific deadlines,75,VERIFIED_OFFICIAL_INTERNATIONAL,Approved hardship waivers accepted,OPTIONAL,Batch 1 test policy retained; direct official verification still preferred where available.,Required for international students whose native language is not English,DET 120; TOEFL new 4.5 / legacy 80; IELTS 6.5; SAT EBRW 570; ACT English 24; GCSE/GCE A-C; IB English A 5+,NOT GENERALLY REQUIRED,STARS / school records workflow,NOT GENERALLY REQUIRED,Optional activities/personal statement; Common App essay accepted as Penn State personal statement,PROGRAM-SPECIFIC,NO GENERAL INTERVIEW,MERIT_AND_LIMITED_GRANTS,LIMITED_CURRENT_STUDENTS,NO,"International students do not receive federal aid; limited scholarships/tuition grants exist, including some for enrolled international students",https://www.psu.edu/resources/international-students/steps-to-apply,https://www.psu.edu/resources/international-students/admission-requirements,https://www.pennwest.edu/admissions,https://global.psu.edu/page/tuition-grant-information,2026-09-14,HIGH,UNKNOWN/PENDING values are intentional. Direct institution pages override generic/common data; do not normalize nuanced aid categories to YES/NO.
66,university-of-minnesota-twin-cities,University of Minnesota-Twin Cities,MN,COMMON_APP,International freshman deadlines are the same as domestic; use current freshman deadline table. Fall 2027 application is open.,55,VERIFIED_COMMON_APP_BASELINE,SEE WEBSITE,OPTIONAL,Batch 1 test policy retained; direct official verification still preferred where available.,Required for temporary-visa international students except exempt countries/approved alternatives,TOEFL new 4.5 (AZ 4.0); IELTS 6.5 (AZ 6.0); PTE 59 (AZ 50–58); Cambridge 180 (AZ 170–179); DET 120 (AZ 105–115); writing subscore minimums apply,NOT GENERALLY REQUIRED/SEE WEBSITE,ACADEMIC RECORDS,SEE WEBSITE,Common App writing,PROGRAM-SPECIFIC,NO GENERAL INTERVIEW,MERIT_ONLY,NO_BROAD_NEED_AID,NO,F-1 students do not qualify for U.S./Minnesota aid; UMN states it does not offer a full tuition waiver/scholarship and assumes international students finance their education; automatic Global Excellence merit consideration,https://admissions.tc.umn.edu/apply-international-student,https://admissions.tc.umn.edu/admissions/international-admission/english-proficiency-information,https://admissions.tc.umn.edu/apply/application-checklist/application-checklist-freshman,https://admissions.tc.umn.edu/frequently-asked-questions-about-international-admission,2026-09-14,HIGH,UNKNOWN/PENDING values are intentional. Direct institution pages override generic/common data; do not normalize nuanced aid categories to YES/NO.
67,indiana-university-bloomington,Indiana University-Bloomington,IN,COMMON_APP,EA / maximum scholarship consideration 2026-11-01; complete international application by 2027-02-01 for international merit consideration,65,MEDIUM — common application baseline/current page recheck recommended,SEE WEBSITE,OPTIONAL,Batch 1 test policy retained; direct official verification still preferred where available.,English proficiency required for applicable international applicants,Official page lists accepted tests/qualifying pathways; exact current score table should remain source-linked,OPTIONAL/SEE WEBSITE,ACADEMIC RECORDS,SEE WEBSITE,YES,PROGRAM-SPECIFIC,NO GENERAL INTERVIEW,MERIT_FOCUSED_LIMITED,LIMITED/EMERGENCY_AFTER_ENROLLMENT,NO,International merit scholarships available; broad first-year need-based aid/full-need promise not established,https://admissions.indiana.edu/apply/freshman/index.html,https://admissions.indiana.edu/apply/international/english-proficiency.html,"https://admissions.indiana.edu/test-optional/index.html#:~:text=IU%20Bloomington%20has%20adopted%20a,as%20part%20of%20the%20application.",https://admissions.indiana.edu/cost-financial-aid/scholarships.html,2026-09-14,HIGH,UNKNOWN/PENDING values are intentional. Direct institution pages override generic/common data; do not normalize nuanced aid categories to YES/NO.
68,michigan-state-university,Michigan State University,MI,COMMON_APP,EA 2026-11-01 for guaranteed initial decision by Jan. 15 and maximum scholarship consideration; apply early for Fall 2027,75,VERIFIED_OFFICIAL,SEE WEBSITE,OPTIONAL,Batch 1 test policy retained; direct official verification still preferred where available.,"Required if non-U.S. citizen/permanent resident and English is not first language, subject to approved pathways",See current official score table; page is current for Fall 2027,NOT GENERALLY REQUIRED,OFFICIAL TRANSCRIPTS / SCHOOL RECORDS,SEE WEBSITE,YES — one 250–650 word essay,PROGRAM-SPECIFIC,NO GENERAL INTERVIEW,MERIT_FOCUSED_LIMITED,NO_BROAD_NEED_AID,NO,International scholarship opportunities exist; emergency assistance after enrollment is limited and not a tuition-financing plan,https://admissions.msu.edu/apply/international/how-to-apply,https://admissions.msu.edu/apply/international/language-requirements,https://admissions.msu.edu/apply/first-year/act-sat-test-optional,https://oiss.isp.msu.edu/grants/grants-and-scholarships-overview/oiss-funding/,2026-09-14,HIGH,UNKNOWN/PENDING values are intentional. Direct institution pages override generic/common data; do not normalize nuanced aid categories to YES/NO.
69,north-carolina-state-university,North Carolina State University,NC,COMMON_APP,EA 2026-11-01; RD 2027-01-15 (program-specific exceptions may apply),85,VERIFIED_COMMON_APP_BASELINE,SEE WEBSITE,OPTIONAL,Batch 1 test policy retained; direct official verification still preferred where available.,Required for applicable international students,SEE CURRENT OFFICIAL INTERNATIONAL REQUIREMENTS,NOT GENERALLY REQUIRED,ACADEMIC RECORDS / SCHOOL REPORT,SEE WEBSITE,YES — application essays/questions,PROGRAM-SPECIFIC,NO GENERAL INTERVIEW,NO_NEED_BASED_AID,NO,NO,International undergraduate need-based aid is not broadly available; limited merit opportunities may exist,https://admissions.ncsu.edu/apply/first-year/,https://admissions.ncsu.edu/apply/international/,https://www.northcarolina.edu/standard-test-requirement-waiver/,https://admissions.ncsu.edu/apply/international/,2026-09-14,HIGH,UNKNOWN/PENDING values are intentional. Direct institution pages override generic/common data; do not normalize nuanced aid categories to YES/NO.
70,university-of-california-santa-cruz,University of California-Santa Cruz,CA,UC_APPLICATION,Fall 2027 application opens 2026-08-01; filing period 2026-10-01 to 2026-11-30,95,VERIFIED_UC_SYSTEM_INTL,International applicants generally should not assume UC fee-waiver eligibility,BLIND,UC does not consider SAT/ACT in admission or scholarships,Required if UC English-medium criteria are not met,IELTS 6.5; TOEFL new 4.5 / legacy 80; DET 115; approved academic alternatives,NOT GENERALLY REQUIRED,NO COMMON APP COUNSELOR REC,NOT GENERALLY REQUIRED,YES — UC Personal Insight Questions,PROGRAM-SPECIFIC,NOT GENERALLY REQUIRED,NO_NEED_BASED_AID,NO_BROAD_NEED_AID,NO,UC international students are generally ineligible for broad UC financial aid; limited scholarships may exist,https://admission.universityofcalifornia.edu/how-to-apply/applying-as-a-first-year/,https://admission.universityofcalifornia.edu/admission-requirements/first-year-requirements/english-language-proficiency.html,https://admission.universityofcalifornia.edu/how-to-apply/applying-as-a-first-year/filling-out-the-application.html,https://admission.universityofcalifornia.edu/tuition-financial-aid/types-of-aid/who-can-get-financial-aid/,2026-09-14,HIGH,UNKNOWN/PENDING values are intentional. Direct institution pages override generic/common data; do not normalize nuanced aid categories to YES/NO.
71,university-of-california-riverside,University of California-Riverside,CA,UC_APPLICATION,Fall 2027 application opens 2026-08-01; filing period 2026-10-01 to 2026-11-30,95,VERIFIED_UC_SYSTEM_INTL,International applicants generally should not assume UC fee-waiver eligibility,BLIND,UC does not consider SAT/ACT in admission or scholarships,Required if UC English-medium criteria are not met,IELTS 6.5; TOEFL new 4.5 / legacy 80; DET 115; approved academic alternatives,NOT GENERALLY REQUIRED,NO COMMON APP COUNSELOR REC,NOT GENERALLY REQUIRED,YES — UC Personal Insight Questions,PROGRAM-SPECIFIC,NOT GENERALLY REQUIRED,NO_NEED_BASED_AID,NO_BROAD_NEED_AID,NO,UC international students are generally ineligible for broad UC financial aid; UCR merit opportunities may exist,https://admission.universityofcalifornia.edu/how-to-apply/applying-as-a-first-year/,https://admission.universityofcalifornia.edu/admission-requirements/first-year-requirements/english-language-proficiency.html,https://admission.universityofcalifornia.edu/how-to-apply/applying-as-a-first-year/filling-out-the-application.html,https://admission.universityofcalifornia.edu/tuition-financial-aid/types-of-aid/who-can-get-financial-aid/,2026-09-14,HIGH,UNKNOWN/PENDING values are intentional. Direct institution pages override generic/common data; do not normalize nuanced aid categories to YES/NO.
72,university-of-colorado-boulder,University of Colorado Boulder,CO,COMMON_APP,EA 2026-11-15; RD 2027-01-15,70,MEDIUM — current application page should be rechecked before production,SEE WEBSITE,OPTIONAL,Batch 1 test policy retained; direct official verification still preferred where available.,Required when applicable,TOEFL new 4 / legacy 80; IELTS 6.5; Cambridge 180; PTE 58; DET 115,1 / SEE WEBSITE,ACADEMIC RECORDS,SEE WEBSITE,YES,PROGRAM-SPECIFIC,NO GENERAL INTERVIEW,MERIT_ONLY_OR_LIMITED,NO_BROAD_NEED_AID_VERIFIED,NO_FULL_NEED_COMMITMENT,International first-year students are considered for some scholarships; broad need-based/full-need policy not established,https://www.colorado.edu/admissions/process/first-year,https://www.colorado.edu/admissions/process/international,https://www.colorado.edu/admissions/first-year/selection,https://www.colorado.edu/admissions/costs/scholarships,2026-09-14,HIGH,UNKNOWN/PENDING values are intentional. Direct institution pages override generic/common data; do not normalize nuanced aid categories to YES/NO.
73,university-of-connecticut,University of Connecticut,CT,COMMON_APP,ED 2026-11-01; merit-priority 2026-12-01; Storrs RD 2027-01-15,80,VERIFIED_OFFICIAL,Accepted where eligible,OPTIONAL,Batch 1 test policy retained; direct official verification still preferred where available.,Required when applicable,TOEFL new 4.5 / legacy 79; IELTS 6.5; DET 110; PTE 60; LanguageCert 70,1 / SEE WEBSITE,ACADEMIC RECORDS,SEE WEBSITE,YES,Fine Arts/program-specific,Not part of general admission,MERIT_ONLY,NO_BROAD_NEED_AID,NO,International students may receive Global Excellence/Distinction/Leader merit awards; no broad full-need commitment verified,https://admissions.uconn.edu/apply/first-year/,https://admissions.uconn.edu/apply/international/,https://admissions.uconn.edu/?p=574,https://admissions.uconn.edu/cost-aid/scholarships/,2026-09-14,HIGH,UNKNOWN/PENDING values are intentional. Direct institution pages override generic/common data; do not normalize nuanced aid categories to YES/NO.
74,university-of-pittsburgh,University of Pittsburgh-Pittsburgh Campus,PA,COMMON_APP,Rolling admission; international brochure lists Fall deadline April 1. Apply earlier for stronger availability/scholarship consideration.,55,MEDIUM — amount supported by official international brochure; current page recheck recommended,SEE WEBSITE,OPTIONAL,Batch 1 test policy retained; direct official verification still preferred where available.,"Official TOEFL, IELTS, or DET required for applicable international applicants",PENDING CURRENT SCORE TABLE,NOT GENERALLY REQUIRED,TRANSCRIPT / SRAR or official record,SEE WEBSITE,Short-answer response or Common App essay,PROGRAM-SPECIFIC,NO GENERAL INTERVIEW,MERIT_OR_LIMITED,UNKNOWN,NO_FULL_NEED_COMMITMENT_VERIFIED,International merit/aid policy requires current direct verification; do not infer from domestic FAFSA aid,https://admissions.pitt.edu/international/,https://admissions.pitt.edu/international/,https://www.upb.pitt.edu/how-apply,https://admissions.pitt.edu/tuition-financial-aid/,2026-09-14,MEDIUM,UNKNOWN/PENDING values are intentional. Direct institution pages override generic/common data; do not normalize nuanced aid categories to YES/NO.
75,syracuse-university,Syracuse University,NY,COMMON_APP,ED I 2026-11-01; ED II 2027-01-05; RD 2027-01-05,85,VERIFIED_OFFICIAL/GRID,SEE WEBSITE,OPTIONAL,Batch 1 test policy retained; direct official verification still preferred where available.,Required when applicable; score expectations vary by school/college,TOEFL examples around 85/90/102 depending on school; verify program-specific threshold,1,YES,YES/SEE WEBSITE,YES,PROGRAM-SPECIFIC,Optional/encouraged for some international applicants,MERIT_FOCUSED,NO_BROAD_NEED_AID_VERIFIED,NO_FULL_NEED_COMMITMENT_VERIFIED,International applicants can be considered for merit; broad need-based policy not established in this tranche,https://content.commonapp.org/Files/ReqGrid.pdf,https://www.syracuse.edu/admissions-aid/application-process/international/,https://news.syr.edu/2026/05/29/syracuse-university-extends-test-optional-policy-for-fall-2027-admission/,https://www.syracuse.edu/admissions-aid/tuition-fees-financial-aid/,2026-09-14,MEDIUM,UNKNOWN/PENDING values are intentional. Direct institution pages override generic/common data; do not normalize nuanced aid categories to YES/NO.
76,american-university,American University,DC,COMMON_APP,ED I 2026-11-01; EA 2026-11-01; ED II 2027-01-15; RD 2027-01-15,75,VERIFIED_COMMON_APP_BASELINE,SEE WEBSITE,OPTIONAL,Batch 1 test policy retained; direct official verification still preferred where available.,English proficiency required when applicable,SEE CURRENT OFFICIAL INTERNATIONAL ADMISSIONS PAGE,1,YES,YES/SEE WEBSITE,YES,PROGRAM-SPECIFIC,NO GENERAL INTERVIEW,NO_NEED_BASED_AID,NO,NO,International students are not eligible for AU need-based aid; merit including selected major international awards may exist,https://content.commonapp.org/Files/ReqGrid.pdf,https://www.american.edu/admissions/international/,https://fairtest.org/test-optional-list/,https://www.american.edu/admissions/international/financing-your-education.cfm,2026-09-14,HIGH,UNKNOWN/PENDING values are intentional. Direct institution pages override generic/common data; do not normalize nuanced aid categories to YES/NO.
77,baylor-university,Baylor University,TX,COMMON_APP,ED 2026-11-01; EA 2026-11-01; RD 2027-02-01,0,VERIFIED_CURRENT/GRID,NOT NEEDED when fee is $0,OPTIONAL,Batch 1 test policy retained; direct official verification still preferred where available.,Required when applicable,TOEFL new 4.0; PTE 60; DET 110; other approved pathways/tests available,OPTIONAL/SEE WEBSITE,ACADEMIC RECORDS,SEE WEBSITE,YES — short essay,PROGRAM-SPECIFIC,OPTIONAL/SEE WEBSITE,NEED_BASED_AVAILABLE,YES,NO_FULL_NEED_GUARANTEE_VERIFIED,BIFAA supports institutional need-aid review for international applicants; merit consideration also available,https://admissions.web.baylor.edu/apply/international,https://admissions.web.baylor.edu/apply/international,https://admissions.web.baylor.edu/admission/incoming-freshman/test-optional-process,https://admissions.web.baylor.edu/costs-aid/international-student-financial-aid,2026-09-14,HIGH,UNKNOWN/PENDING values are intentional. Direct institution pages override generic/common data; do not normalize nuanced aid categories to YES/NO.
78,texas-christian-university,Texas Christian University,TX,COMMON_APP,ED I 2026-11-01; EA 2026-11-01; ED II 2027-02-01; RD 2027-02-01,50,VERIFIED_COMMON_APP_BASELINE,SEE WEBSITE,OPTIONAL,Batch 1 test policy retained; direct official verification still preferred where available.,Required when applicable,SEE CURRENT INTERNATIONAL ADMISSIONS PAGE,1 / SEE WEBSITE,YES,SEE WEBSITE,YES,PROGRAM-SPECIFIC,OPTIONAL,NEED_AWARE,YES,NO_FULL_NEED_GUARANTEE,CSS Profile; international merit and limited need-based aid available; ability to contribute is relevant,https://content.commonapp.org/Files/ReqGrid.pdf,https://admissions.tcu.edu/apply/international/,https://admissions.tcu.edu/apply/first-year/testing-policy-sat-act.php,https://admissions.tcu.edu/afford/financial-aid/international.php,2026-09-14,HIGH,UNKNOWN/PENDING values are intentional. Direct institution pages override generic/common data; do not normalize nuanced aid categories to YES/NO.
79,santa-clara-university,Santa Clara University,CA,COMMON_APP,ED I 2026-11-01; EA 2026-11-01; ED II 2027-01-07; RD 2027-01-07,75,VERIFIED_COMMON_APP_BASELINE,SEE WEBSITE,OPTIONAL,Batch 1 test policy retained; direct official verification still preferred where available.,Required when applicable,IELTS 6.5; TOEFL legacy 90 / new 4.5; DET 120; SAT EBRW 630 or ACT Reading/English 27 may qualify under stated policy,1,YES,YES/SEE WEBSITE,YES,PROGRAM-SPECIFIC,NO GENERAL INTERVIEW,NO_NEED_BASED_AID,NO,NO,International financial options are limited; proof of first-year funding required; merit may be available,https://content.commonapp.org/Files/ReqGrid.pdf,https://www.scu.edu/admission/undergraduate/international-students/,https://www.scu.edu/admission/undergraduate/first-year-students/test-optional/,https://www.scu.edu/financialaid/international-students/,2026-09-14,HIGH,UNKNOWN/PENDING values are intentional. Direct institution pages override generic/common data; do not normalize nuanced aid categories to YES/NO.
80,pepperdine-university,Pepperdine University,CA,COMMON_APP,ED 2026-11-01; EA 2026-11-01; RD date should be verified on current official page,70,VERIFIED_COMMON_APP_BASELINE,SEE WEBSITE,OPTIONAL,Batch 1 test policy retained; direct official verification still preferred where available.,Required when applicable,TOEFL legacy 85; DET 120; IELTS 6.5 (verify current alternatives/waivers),1 / SEE WEBSITE,YES,SEE WEBSITE,YES — Common App essay + Pepperdine essay,PROGRAM-SPECIFIC,NO GENERAL INTERVIEW,MERIT_ONLY_LIMITED,NO_BROAD_NEED_AID,NO,University financial aid for international students is very limited; merit may be available and students must plan to fund full cost,https://content.commonapp.org/Files/ReqGrid.pdf,https://seaver.pepperdine.edu/admission/application/international/,https://seaver.pepperdine.edu/admission/application/undergraduate/requirements/sat-act.htm,https://seaver.pepperdine.edu/admission/financial-aid/international.htm,2026-09-14,HIGH,UNKNOWN/PENDING values are intentional. Direct institution pages override generic/common data; do not normalize nuanced aid categories to YES/NO.
81,fordham-university,Fordham University,NY,COMMON_APP,EA 2026-11-01; ED I 2026-11-01; ED II 2027-01-03; RD 2027-01-03,70,MEDIUM — current official/grid recheck recommended,SEE WEBSITE,OPTIONAL,Batch 1 test policy retained; direct official verification still preferred where available.,Required when applicable,SEE CURRENT INTERNATIONAL ADMISSIONS PAGE,1,YES,YES,YES,PROGRAM-SPECIFIC,OPTIONAL,NEED_AWARE,YES_LIMITED,NO_FULL_NEED_GUARANTEE,CSS Profile; limited number of international students receive need-based aid; substantial family contribution expected,https://www.fordham.edu/undergraduate-admission/apply/international-students/,https://www.fordham.edu/undergraduate-admission/apply/international-students/,https://www.fordham.edu/undergraduate-admission/apply/what-were-looking-for/testing-policy/,https://www.fordham.edu/undergraduate-admission/apply/international-students/financial-aid/,2026-09-14,HIGH,UNKNOWN/PENDING values are intentional. Direct institution pages override generic/common data; do not normalize nuanced aid categories to YES/NO.
82,stevens-institute-of-technology,Stevens Institute of Technology,NJ,COMMON_APP,ED I 2026-11-01; ED II / RD dates per current admissions calendar,75,VERIFIED_OFFICIAL,SEE WEBSITE,OPTIONAL,Batch 1 test policy retained; direct official verification still preferred where available.,Required when applicable,TOEFL legacy 80 / new 4; IELTS 6.0; DET 105; SAT EBRW 550 may satisfy,2 LOR preferred teacher + counselor,YES / one recommendation can be counselor,SEE WEBSITE,YES,PROGRAM-SPECIFIC,OPTIONAL/SEE WEBSITE,MERIT_ONLY_OR_LIMITED,NO_BROAD_NEED_AID_VERIFIED,NO_FULL_NEED_COMMITMENT,"International applicants may receive merit; CSS may be used for institutional scholarship consideration, but broad full-need policy is not established",https://www.stevens.edu/admission-aid/undergraduate-admissions/international-students,https://www.stevens.edu/admission-aid/undergraduate-admissions/international-students,https://www.stevens.edu/admission-aid/undergraduate-admissions/first-year-students,https://www.stevens.edu/admission-aid/tuition-financial-aid,2026-09-14,HIGH,UNKNOWN/PENDING values are intentional. Direct institution pages override generic/common data; do not normalize nuanced aid categories to YES/NO.
83,worcester-polytechnic-institute,Worcester Polytechnic Institute,MA,COMMON_APP,ED I 2026-11-01; EA I 2026-11-01; ED II 2027-01-05; EA II 2027-01-05; RD 2027-02-01,70,VERIFIED_COMMON_APP_BASELINE,SEE WEBSITE,OPTIONAL,Batch 1 test policy retained; direct official verification still preferred where available.,Required when applicable,TOEFL legacy 90 / new 4.5; IELTS 7.0; DET 125; PTE 61,1,YES,YES/SEE WEBSITE,YES,OPTIONAL,OPTIONAL,LIMITED_NEED_BASED,YES_LIMITED,NO,CSS Profile; WPI explicitly states international aid is limited and full need is not guaranteed,https://content.commonapp.org/Files/ReqGrid.pdf,https://www.wpi.edu/admissions/undergraduate/apply/international,https://www.wpi.edu/admissions/undergraduate/apply/how-to,https://www.wpi.edu/admissions/tuition-aid/financial-aid/international-students,2026-09-14,HIGH,UNKNOWN/PENDING values are intentional. Direct institution pages override generic/common data; do not normalize nuanced aid categories to YES/NO.
84,drexel-university,Drexel University,PA,COMMON_APP,ED 2026-11-15; EA 2026-11-15; RD 2027-01-15,65,VERIFIED_COMMON_APP_BASELINE,SEE WEBSITE,OPTIONAL,Batch 1 test policy retained; direct official verification still preferred where available.,Required if native language is not English unless waiver criteria are met,Waiver possible with 3 years English-medium education or SAT EBRW 600 / ACT English 27; see official page for test-score minimums,1,YES,SEE WEBSITE,YES,PROGRAM-SPECIFIC,PROGRAM-SPECIFIC,MERIT_OR_LIMITED,UNKNOWN,NO_FULL_NEED_COMMITMENT_VERIFIED,International applicants may receive institutional awards; broad international need-based policy needs direct recheck,https://content.commonapp.org/Files/ReqGrid.pdf,https://drexel.edu/undergrad/apply/international-applicants/,https://drexel.edu/admissions/apply/undergrad-instructions/first-year-instructions/standardized-tests,https://drexel.edu/drexelcentral/finaid/grants/international/,2026-09-14,MEDIUM,UNKNOWN/PENDING values are intentional. Direct institution pages override generic/common data; do not normalize nuanced aid categories to YES/NO.
85,rochester-institute-of-technology,Rochester Institute of Technology,NY,COMMON_APP,ED I 2026-11-01; EA 2026-11-01; ED II 2027-01-01; RD 2027-01-15,65,VERIFIED_COMMON_APP_BASELINE,SEE WEBSITE,OPTIONAL,Batch 1 test policy retained; direct official verification still preferred where available.,Required when applicable,DET 120; TOEFL legacy 79 / new 4.5; IELTS 6.5; PTE 58,1 / SEE WEBSITE,YES,SEE WEBSITE,YES,PROGRAM-SPECIFIC,OPTIONAL,LIMITED_NEED_BASED,YES_LIMITED,NO_FULL_NEED_GUARANTEE,RIT offers limited international need-based funding; no universal full-need promise,https://content.commonapp.org/Files/ReqGrid.pdf,https://www.rit.edu/admissions/international,https://www.rit.edu/news/rit-will-no-longer-require-sat-or-act-scores-applicants-beginning-fall-2021,https://www.rit.edu/admissions/financial-aid/international-students,2026-09-14,HIGH,UNKNOWN/PENDING values are intentional. Direct institution pages override generic/common data; do not normalize nuanced aid categories to YES/NO.
86,stony-brook-university,Stony Brook University,NY,COMMON_APP;SUNY,EA 2026-11-01; RD 2027-01-15,50,VERIFIED_OFFICIAL,SEE WEBSITE,OPTIONAL,Batch 1 test policy retained; direct official verification still preferred where available.,Required when applicable,TOEFL legacy 80 / new 4; IELTS 6.5; DET 105; PTE 53,1,ACADEMIC RECORDS,SEE WEBSITE,YES — essay required,PROGRAM-SPECIFIC,NO GENERAL INTERVIEW,MERIT_ONLY,NO_BROAD_NEED_AID,NO,International merit such as #YouAreWelcomeHere may exist; broad federal/state need aid is unavailable,https://www.stonybrook.edu/undergraduate-admissions/apply/international.php,https://www.stonybrook.edu/undergraduate-admissions/apply/international.php,https://www.stonybrook.edu/undergraduate-admissions/apply/test-optional.php,https://www.stonybrook.edu/commcms/welcome/scholarships/,2026-09-14,HIGH,UNKNOWN/PENDING values are intentional. Direct institution pages override generic/common data; do not normalize nuanced aid categories to YES/NO.
87,binghamton-university,Binghamton University,NY,COMMON_APP;SUNY,EA 2026-11-01; official international regular priority deadline 2027-03-15,50,VERIFIED_COMMON_APP/SUNY_BASELINE,SEE WEBSITE,OPTIONAL,Batch 1 test policy retained; direct official verification still preferred where available.,Required when applicable,Typical ranges: TOEFL legacy 80–95 / new scale approx. 4–5; IELTS 6.5–7; DET 110–120 (program/admission context varies),1 / SEE WEBSITE,ACADEMIC RECORDS,SEE WEBSITE,YES,PROGRAM-SPECIFIC,OPTIONAL,MERIT_ONLY_LIMITED,NO_BROAD_NEED_AID,NO,International scholarships are limited; broad need-based/full-need funding is not established,https://www.binghamton.edu/admissions/apply/international/index.html,https://www.binghamton.edu/admissions/apply/international/index.html,https://www.binghamton.edu/admissions/info/test-optional-faqs.html,https://www.binghamton.edu/admissions/cost/index.html,2026-09-14,HIGH,UNKNOWN/PENDING values are intentional. Direct institution pages override generic/common data; do not normalize nuanced aid categories to YES/NO.
88,university-at-buffalo,University at Buffalo,NY,COMMON_APP;SUNY,EA 2026-11-01; regular completion target 2027-02-01,50,VERIFIED_COMMON_APP/SUNY_BASELINE,SEE WEBSITE,OPTIONAL,Batch 1 test policy retained; direct official verification still preferred where available.,Required when applicable,SEE CURRENT OFFICIAL INTERNATIONAL REQUIREMENTS,OPTIONAL/SEE WEBSITE,ACADEMIC RECORDS,SEE WEBSITE,YES,PROGRAM-SPECIFIC,NO GENERAL INTERVIEW,MERIT_ONLY,NO_BROAD_NEED_AID,NO,International first-year students may receive Flagship merit awards; no broad full-need policy verified,https://www.buffalo.edu/admissions/apply/international.html,https://www.buffalo.edu/admissions/apply/international.html,https://www.buffalo.edu/admissions/apply/first-year.standardized-tests.html,https://www.buffalo.edu/internationaladmissions/affordable-costs-and-funding/scholarships.html,2026-09-14,HIGH,UNKNOWN/PENDING values are intentional. Direct institution pages override generic/common data; do not normalize nuanced aid categories to YES/NO.
89,university-of-delaware,University of Delaware,DE,COMMON_APP,EA 2026-11-01; RD 2027-01-15,75,VERIFIED_COMMON_APP_BASELINE,SEE WEBSITE,OPTIONAL,Batch 1 test policy retained; direct official verification still preferred where available.,Required when applicable,TOEFL legacy 79 / new 4; IELTS 6.5; DET 110; Cambridge 171; PTE 53,1,YES,SEE WEBSITE,YES,PROGRAM-SPECIFIC,NO GENERAL INTERVIEW,NO_NEED_BASED_AID,NO,NO,International students are not offered need-based financial aid; merit scholarships are available,https://content.commonapp.org/Files/ReqGrid.pdf,https://www.udel.edu/apply/undergraduate-admissions/international-students/,https://www.udel.edu/apply/undergraduate-admissions/apply-to-ud/freshman-admissions/,https://www.udel.edu/apply/undergraduate-admissions/financing-your-degree/,2026-09-14,HIGH,UNKNOWN/PENDING values are intentional. Direct institution pages override generic/common data; do not normalize nuanced aid categories to YES/NO.
90,university-of-massachusetts-amherst,University of Massachusetts-Amherst,MA,COMMON_APP,EA 2026-11-05; RD 2027-01-15,90,VERIFIED_COMMON_APP_BASELINE,SEE WEBSITE,OPTIONAL,Batch 1 test policy retained; direct official verification still preferred where available.,Required when applicable,DET 115; TOEFL legacy 80 / new 4.5; IELTS 6.5 with no subscore below 6.0,1,YES,YES/SEE WEBSITE,YES,PROGRAM-SPECIFIC,NO GENERAL INTERVIEW,NEED_BLIND_ADMISSION_NO_NEED_AID,NO,NO,UMass Amherst says international admission is need-blind but it cannot offer financial assistance; limited merit scholarships may exist,https://content.commonapp.org/Files/ReqGrid.pdf,https://www.umass.edu/admissions/undergraduate-admissions/apply/international-students,https://www.umass.edu/admissions/undergraduate-admissions/connect/information-policies/test-optional-policy,https://www.umass.edu/admissions/undergraduate-admissions/costs-and-aid/international-student-financial-aid,2026-09-14,HIGH,UNKNOWN/PENDING values are intentional. Direct institution pages override generic/common data; do not normalize nuanced aid categories to YES/NO.
91,university-of-iowa,University of Iowa,IA,COMMON_APP,EA 2026-11-02 (documents 2026-11-09); RD 2027-02-01 (documents 2027-02-08); later admission only case-by-case/space available,85,VERIFIED_CURRENT/INTERNATIONAL,SEE WEBSITE,OPTIONAL_WITH_PROGRAM_EXCEPTIONS,"General international admission is test optional; some scholarships, Tippie direct admission, and Honors may require scores",English proficiency required for applicable international applicants,SEE OFFICIAL ENGLISH-PROFICIENCY PAGE; ACT/SAT may satisfy in specified cases,NOT GENERALLY REQUIRED,ACADEMIC RECORDS,SEE WEBSITE,Application writing/optional context,PROGRAM-SPECIFIC,NO GENERAL INTERVIEW,MERIT_ONLY_LIMITED,NO_NEED_BASED_AID,NO,International undergraduates are considered for limited merit scholarships; grants/loans/need-based aid are not available,https://admissions.uiowa.edu/apply/international-application-process,https://admissions.uiowa.edu/international-first-year-admission-requirements,https://admissions.uiowa.edu/international-first-year-admission-requirements,https://admissions.uiowa.edu/resources-international-students-and-other-nationalities,2026-09-14,HIGH,UNKNOWN/PENDING values are intentional. Direct institution pages override generic/common data; do not normalize nuanced aid categories to YES/NO.
92,university-of-arizona,University of Arizona,AZ,COMMON_APP,Fall 2027 application opens 2026-08-01; priority/merit timing should be verified on current official calendar,80,MEDIUM — current official application page recheck recommended,SEE WEBSITE,OPTIONAL,Batch 1 test policy retained; direct official verification still preferred where available.,Required when applicable,TOEFL new 4 / legacy 79; other accepted tests/waivers per current official page,NOT GENERALLY REQUIRED,ACADEMIC RECORDS,SEE WEBSITE,Application writing,PROGRAM-SPECIFIC,NO GENERAL INTERVIEW,MERIT_ONLY,NO_BROAD_NEED_AID,NO,International students are not eligible for federal aid; merit tuition scholarships may be awarded,https://www.arizona.edu/admissions/first-year,https://international-admissions.arizona.edu/,https://www.arizona.edu/admissions/first-year/apply,https://everywhere.arizona.edu/costs/financial-aid,2026-09-14,HIGH,UNKNOWN/PENDING values are intentional. Direct institution pages override generic/common data; do not normalize nuanced aid categories to YES/NO.
93,arizona-state-university,Arizona State University,AZ,COMMON_APP,Fall 2027 exact priority deadline pending current official update; application is available through ASU/Common App,85,MEDIUM — nonresident/international current fee recheck recommended,SEE WEBSITE,OPTIONAL,Batch 1 test policy retained; direct official verification still preferred where available.,English proficiency required when applicable,SEE CURRENT OFFICIAL ASU ENGLISH-PROFICIENCY TABLE,NOT GENERALLY REQUIRED,ACADEMIC RECORDS,NOT GENERALLY REQUIRED,No general essay requirement in standard ASU application; program exceptions may apply,PROGRAM-SPECIFIC,NO GENERAL INTERVIEW,MERIT_ONLY,NO_BROAD_NEED_AID,NO,International students may receive New American University merit scholarships; federal/state aid is not available,https://admission.asu.edu/apply/first-year/admission,https://admission.asu.edu/apply/international/undergrad/english-proficiency,https://admission.asu.edu/apply/first-year/admission,https://admission.asu.edu/cost-aid/international,2026-09-14,HIGH,UNKNOWN/PENDING values are intentional. Direct institution pages override generic/common data; do not normalize nuanced aid categories to YES/NO.
94,university-of-oregon,University of Oregon,OR,COMMON_APP,Fall 2027 exact admission deadline pending current official calendar; scholarship/priority timing commonly precedes regular processing,75,MEDIUM — current official recheck recommended,SEE WEBSITE,OPTIONAL,Batch 1 test policy retained; direct official verification still preferred where available.,Required when applicable,TOEFL new 4.5 / legacy 80; IELTS 6.5; DET 110,NOT GENERALLY REQUIRED,ACADEMIC RECORDS,SEE WEBSITE,YES / application essay,PROGRAM-SPECIFIC,NO GENERAL INTERVIEW,SCHOLARSHIP_AVAILABLE,LIMITED_SCHOLARSHIP_NEED_COMPONENT,NO,International scholarships include merit and some need/merit programs such as ICSP; no broad full-need promise,https://admissions.uoregon.edu/international,https://admissions.uoregon.edu/international,https://admissions.uoregon.edu/testoptional,https://isss.uoregon.edu/scholarships,2026-09-14,HIGH,UNKNOWN/PENDING values are intentional. Direct institution pages override generic/common data; do not normalize nuanced aid categories to YES/NO.
95,oregon-state-university,Oregon State University,OR,COMMON_APP,EA 2026-11-02; priority 2027-02-01,65,MEDIUM — current official application page recheck recommended,SEE WEBSITE,OPTIONAL,Batch 1 test policy retained; direct official verification still preferred where available.,Required when applicable,SEE CURRENT OFFICIAL INTERNATIONAL REQUIREMENTS,NOT GENERALLY REQUIRED,ACADEMIC RECORDS,SEE WEBSITE,Application writing,PROGRAM-SPECIFIC,NO GENERAL INTERVIEW,MERIT_SCHOLARSHIPS,NO_BROAD_NEED_AID,NO,International scholarships are available; FAFSA/federal need aid is not available to most international students,https://admissions.oregonstate.edu/international,https://admissions.oregonstate.edu/international,https://admissions.oregonstate.edu/admission-requirements-0,https://admissions.oregonstate.edu/international/scholarships,2026-09-14,HIGH,UNKNOWN/PENDING values are intentional. Direct institution pages override generic/common data; do not normalize nuanced aid categories to YES/NO.
96,university-of-utah,University of Utah,UT,COMMON_APP,Fall 2027 exact international first-year deadline pending current official calendar,,PENDING_CURRENT_INTERNATIONAL_FEE,SEE WEBSITE,OPTIONAL,Batch 1 test policy retained; direct official verification still preferred where available.,English proficiency required under university policy when applicable,PENDING CURRENT OFFICIAL SCORE TABLE,NOT GENERALLY REQUIRED,ACADEMIC RECORDS,SEE WEBSITE,Application writing,PROGRAM-SPECIFIC,NO GENERAL INTERVIEW,MERIT_OR_LIMITED,UNKNOWN,NO_FULL_NEED_COMMITMENT_VERIFIED,Scholarship availability exists but current first-year international need-aid policy requires direct verification,https://admissions.utah.edu/apply/international/,https://admissions.utah.edu/apply/international/,https://www.ksl.com/article/50879586/university-of-utah-board-of-trustees-votes-to-retain-test-optional-admissions-policy,https://admissions.utah.edu/costs/scholarships/,2026-09-14,MEDIUM,UNKNOWN/PENDING values are intentional. Direct institution pages override generic/common data; do not normalize nuanced aid categories to YES/NO.
97,brigham-young-university,Brigham Young University,UT,INSTITUTIONAL,International applicants use the same first-year deadlines as domestic applicants; exact Fall 2027 date should be verified on the current BYU application calendar,35,MEDIUM — current institutional fee recheck recommended,SEE WEBSITE,OPTIONAL,Batch 1 test policy retained; direct official verification still preferred where available.,English proficiency requirements apply per BYU international policy,SEE CURRENT BYU ENGLISH-PROFICIENCY PAGE,SEE BYU APPLICATION REQUIREMENTS,SEE BYU APPLICATION REQUIREMENTS,SEE WEBSITE,YES — BYU essays/activities,PROGRAM-SPECIFIC,"ECCLESIASTICAL ENDORSEMENT / BYU-specific process, not an admissions interview",NO_NEED_BASED_AID,NO,NO,International students may be eligible for BYU scholarships except need-based aid under current international policy,https://enrollment.byu.edu/admissions/international-applicants,https://enrollment.byu.edu/admissions/international-applicants,https://enrollment.byu.edu/admissions/educational-history,https://enrollment.byu.edu/admissions/international-applicants,2026-09-14,HIGH,UNKNOWN/PENDING values are intentional. Direct institution pages override generic/common data; do not normalize nuanced aid categories to YES/NO.
98,colorado-school-of-mines,Colorado School of Mines,CO,COMMON_APP,Priority 2026-11-01; RD 2027-01-15,75,VERIFIED_OFFICIAL_INTL,SEE WEBSITE,OPTIONAL,Batch 1 test policy retained; direct official verification still preferred where available.,Required when applicable; credential evaluation may be required,TOEFL legacy 79 / new 4.5 with section requirements; IELTS 6.5 with no band below 6; DET 105; Cambridge 176,OPTIONAL/SEE WEBSITE,ACADEMIC RECORDS,SEE WEBSITE,YES / application responses,NOT GENERALLY REQUIRED,NO GENERAL INTERVIEW,MERIT_OR_LIMITED,NO_BROAD_NEED_AID_VERIFIED,NO_FULL_NEED_COMMITMENT,Merit opportunities may exist; no broad full-need commitment for international students verified,https://www.mines.edu/undergraduate-admissions/international-first-year/,https://www.mines.edu/undergraduate-admissions/international-first-year/,https://www.mines.edu/undergraduate-admissions/first-year/,https://finaid.mines.edu/scholarships/,2026-09-14,HIGH,UNKNOWN/PENDING values are intentional. Direct institution pages override generic/common data; do not normalize nuanced aid categories to YES/NO.
99,auburn-university,Auburn University,AL,COMMON_APP,Fall final international first-year deadline 2027-02-01; earlier rounds/priority dates occur before then,60,VERIFIED_OFFICIAL_INTERNATIONAL,SEE WEBSITE,REQUIRED,ACT/SAT required for current first-year international admission,English proficiency required when applicable,TOEFL / IELTS / PTE accepted; exact current minimum should remain source-linked until reverified,NOT GENERALLY REQUIRED,ACADEMIC RECORDS,SEE WEBSITE,Application writing,PROGRAM-SPECIFIC,NO GENERAL INTERVIEW,MERIT_ONLY,NO_BROAD_NEED_AID,NO,International/nonresident merit scholarships may be available; broad need-based international aid not established,https://www.auburn.edu/admissions/prospective-students/international/index.php,https://www.auburn.edu/admissions/prospective-students/international/index.php,https://www.auburn.edu/admissions/prospective-students/international/index.php,https://www.auburn.edu/scholarship/undergraduate/competitive-merit.php,2026-09-14,HIGH,UNKNOWN/PENDING values are intentional. Direct institution pages override generic/common data; do not normalize nuanced aid categories to YES/NO.
100,university-of-tennessee-knoxville,The University of Tennessee-Knoxville,TN,COMMON_APP,EA 2026-11-01 (materials 2026-11-15); RD 2027-01-05 (materials 2027-01-20),75,VERIFIED_OFFICIAL_INTERNATIONAL,No general international fee waiver assumed; see official,REQUIRED,Current UT Knoxville first-year policy requires standardized testing,Required when applicable,TOEFL new 4 / legacy 79; IELTS 6.5; DET 110; Cambridge 180; PTE 53; SAT RW 540; ACT English 21,NOT GENERALLY REQUIRED,ACADEMIC RECORDS,SEE WEBSITE,YES — essay required,PROGRAM-SPECIFIC,NO GENERAL INTERVIEW,MERIT_ONLY_OR_LIMITED,NO_BROAD_NEED_AID,NO,International scholarships/out-of-state awards may exist; no fully funded/full-need institutional promise,https://admissions.utk.edu/undergraduate-application/international-students/,https://admissions.utk.edu/undergraduate-application/international-students/,https://admissions.utk.edu/undergraduate-application/international-students/,https://admissions.utk.edu/affordability/scholarships/international-students/,2026-09-14,HIGH,UNKNOWN/PENDING values are intentional. Direct institution pages override generic/common data; do not normalize nuanced aid categories to YES/NO.
