slug,academic_cycle,need_policy,international_need_based_aid,meets_full_demonstrated_need,css_profile_required,estimated_cost_of_attendance,tuition,room_board,books_personal,currency,notes
harvard-university,2026-27,NEED_BLIND,true,true,true,95134,62226,23192,3500,USD,"2026-27 official lower-bound COA. Harvard reports $95,134-$100,134 depending on transportation; required health insurance may add $4,954 unless waived. Source: https://college.harvard.edu/index.php/financial-aid/how-aid-works"
yale-university,2026-27,NEED_BLIND,true,true,true,97985,72500,21600,3700,USD,"2026-27 baseline sum of published tuition, activity fee, housing, food, books and personal expenses; travel varies by home address and is not included in this baseline. Source: https://finaid.yale.edu/coa"
princeton-university,2026-27,NEED_BLIND,true,true,false,94624,68140,22120,4050,USD,Official 2026-27 student budget. Transportation varies. Source: https://admission.princeton.edu/cost-aid/fees-payment-options
massachusetts-institute-of-technology,2026-27,NEED_BLIND,true,true,true,92760,66720,22194,3426,USD,Official MIT Student Financial Services 2026-27 student budget; travel allowance can vary. Source: https://sfs.mit.edu/cost-of-attendance-class-of-2030/
stanford-university,2026-27,NEED_AWARE,true,true,true,97545,67731,22944,4260,USD,Official 2026-27 standard budget; travel varies. New students also have one-time orientation and document fees. Source: https://financialaid.stanford.edu/undergrad/budget/index.html
california-institute-of-technology,2026-27,NEED_AWARE,true,true,true,98622,68574,21996,5397,USD,"Official 2026-27 on-campus COA: direct costs $93,225 plus indirect costs $5,397. Health insurance is separate if required; entering students also have a one-time orientation fee. Source: https://www.finaid.caltech.edu/Costs"
brown-university,2026-27,NEED_BLIND,true,true,true,99984,74568,19464,2878,USD,"Official Brown 2026-27 first-year COA page reports $99,984 total. The standard $1,300 books allowance applies to students outside the BCMS program; this row keeps the published baseline personal-expense allowance. Source: https://finaid.brown.edu/estimate-cost-aid/cost"
dartmouth-college,2026-27,NEED_BLIND,true,true,true,98946,71697,21778,3045,USD,Official Dartmouth 2026-27 first-year COA; first-year orientation-related fees are included. Health insurance is separate unless waived. Source: https://admissions.dartmouth.edu/estimate-your-cost/cost-attendance
columbia-university,2026-27,NEED_AWARE,true,true,true,99044,72800,19650,3164,USD,Official Columbia College 2026-27 undergraduate budget baseline; travel varies. Source: https://bulletin.columbia.edu/columbia-college/fees-expenses-financial-aid/
university-of-pennsylvania,2026-27,NEED_AWARE,true,true,true,99082,65670,20604,3420,USD,Official Penn 2026-27 on-campus undergraduate COA. Total includes transportation; books_personal here is books + personal only. Source: https://srfs.upenn.edu/costs-budgeting/undergraduate-cost-attendance
duke-university,2026-27,NEED_AWARE,true,true,true,103180,73740,22029,3810,USD,"Official Duke 2026-27 lower-bound estimated COA; transportation/program fees vary, so Duke publishes a range. Source: https://financialaid.duke.edu/how-aid-calculated/cost-attendance/"
northwestern-university,2026-27,NEED_AWARE,true,true,true,99375,71802,22941,3318,USD,Official Northwestern 2026-27 on-campus COA. Transportation varies; health insurance may be additional if not waived. Source: https://undergradaid.northwestern.edu/how-aid-works/cost-of-attendance/
