slug,dataset,field_group,academic_cycle,source_url,source_type,verified_at,notes
harvard-university,admissions_UPDATED.csv,ADMISSIONS,2025-26,https://www.collegedata.fyi/schools/harvard/2025-26,SOURCE_LINKED_CDS_ARCHIVE,2026-09-20,2025-26 CDS-based counts. Composite SAT percentiles are not populated here because a directly reported composite band was not safely established from the current source.
yale-university,admissions_UPDATED.csv,ADMISSIONS,2025-26,https://www.collegedata.fyi/schools/yale/2025-26,SOURCE_LINKED_CDS_ARCHIVE,2026-09-20,Current policy corrected from the uploaded FLEXIBLE value to REQUIRED for the 2026-27 admission cycle.
princeton-university,admissions_UPDATED.csv,ADMISSIONS,2025-26,https://www.collegedata.fyi/schools/princeton/2025-26,SOURCE_LINKED_CDS_ARCHIVE,2026-09-20,2025-26 CDS-based counts and score bands. Princeton remains test optional for the 2026-27 admission cycle.
massachusetts-institute-of-technology,admissions_UPDATED.csv,ADMISSIONS,2025-26,https://ir.mit.edu/projects/2025-26-common-data-set/,OFFICIAL_CDS,2026-09-20,Official MIT 2025-26 Common Data Set.
stanford-university,admissions_UPDATED.csv,ADMISSIONS,2025-26,https://www.collegedata.fyi/schools/stanford/2025-26,SOURCE_LINKED_CDS_ARCHIVE,2026-09-20,2025-26 CDS-based counts and score bands.
california-institute-of-technology,admissions_UPDATED.csv,ADMISSIONS,2024-25,https://www.collegedata.fyi/schools/california-institute-of-technology/2024-25,SOURCE_LINKED_CDS_ARCHIVE,2026-09-20,Latest safely established application-count cycle used here is 2024-25. Current testing policy is maintained separately.
brown-university,admissions_UPDATED.csv,ADMISSIONS,2025-26,https://www.collegedata.fyi/schools/brown/2025-26,SOURCE_LINKED_CDS_ARCHIVE,2026-09-20,2025-26 CDS-based counts and score bands.
dartmouth-college,admissions_UPDATED.csv,ADMISSIONS,2025-26,https://www.collegedata.fyi/schools/dartmouth/2025-26,SOURCE_LINKED_CDS_ARCHIVE,2026-09-20,2025-26 CDS-based counts and score bands.
columbia-university,admissions_UPDATED.csv,ADMISSIONS,2024-25,https://www.collegedata.fyi/schools/columbia/2024-25,SOURCE_LINKED_CDS_ARCHIVE,2026-09-20,Latest safely established source cycle used here is 2024-25.
university-of-pennsylvania,admissions_UPDATED.csv,ADMISSIONS,2025-26,https://www.collegedata.fyi/schools/upenn/2025-26,SOURCE_LINKED_CDS_ARCHIVE,2026-09-20,Composite SAT band left blank because the current source did not safely establish a directly reported composite percentile band.
duke-university,admissions_UPDATED.csv,ADMISSIONS,2024-25,https://www.collegedata.fyi/schools/duke/2024-25,SOURCE_LINKED_CDS_ARCHIVE,2026-09-20,Latest safely established source cycle used here is 2024-25. Composite SAT band not forced from section scores.
northwestern-university,admissions_UPDATED.csv,ADMISSIONS,2024-25,https://www.collegedata.fyi/schools/northwestern/2024-25,SOURCE_LINKED_CDS_ARCHIVE,2026-09-20,Latest safely established source cycle used here is 2024-25.
harvard-university,financial_aid_UPDATED.csv,COST_OF_ATTENDANCE,2026-27,https://college.harvard.edu/index.php/financial-aid/how-aid-works,OFFICIAL_UNIVERSITY,2026-09-20,"2026-27 official lower-bound COA. Harvard reports $95,134-$100,134 depending on transportation; required health insurance may add $4,954 unless waived."
yale-university,financial_aid_UPDATED.csv,COST_OF_ATTENDANCE,2026-27,https://finaid.yale.edu/coa,OFFICIAL_UNIVERSITY,2026-09-20,"2026-27 baseline sum of published tuition, activity fee, housing, food, books and personal expenses; travel varies by home address and is not included in this baseline."
princeton-university,financial_aid_UPDATED.csv,COST_OF_ATTENDANCE,2026-27,https://admission.princeton.edu/cost-aid/fees-payment-options,OFFICIAL_UNIVERSITY,2026-09-20,Official 2026-27 student budget. Transportation varies.
massachusetts-institute-of-technology,financial_aid_UPDATED.csv,COST_OF_ATTENDANCE,2026-27,https://sfs.mit.edu/cost-of-attendance-class-of-2030/,OFFICIAL_UNIVERSITY,2026-09-20,Official MIT Student Financial Services 2026-27 student budget; travel allowance can vary.
stanford-university,financial_aid_UPDATED.csv,COST_OF_ATTENDANCE,2026-27,https://financialaid.stanford.edu/undergrad/budget/index.html,OFFICIAL_UNIVERSITY,2026-09-20,Official 2026-27 standard budget; travel varies. New students also have one-time orientation and document fees.
california-institute-of-technology,financial_aid_UPDATED.csv,COST_OF_ATTENDANCE,2026-27,https://www.finaid.caltech.edu/Costs,OFFICIAL_UNIVERSITY,2026-09-20,"Official 2026-27 on-campus COA: direct costs $93,225 plus indirect costs $5,397. Health insurance is separate if required; entering students also have a one-time orientation fee."
brown-university,financial_aid_UPDATED.csv,COST_OF_ATTENDANCE,2026-27,https://finaid.brown.edu/estimate-cost-aid/cost,OFFICIAL_UNIVERSITY,2026-09-20,"Official Brown 2026-27 first-year COA page reports $99,984 total. The standard $1,300 books allowance applies to students outside the BCMS program; this row keeps the published baseline personal-expense allowance."
dartmouth-college,financial_aid_UPDATED.csv,COST_OF_ATTENDANCE,2026-27,https://admissions.dartmouth.edu/estimate-your-cost/cost-attendance,OFFICIAL_UNIVERSITY,2026-09-20,Official Dartmouth 2026-27 first-year COA; first-year orientation-related fees are included. Health insurance is separate unless waived.
columbia-university,financial_aid_UPDATED.csv,COST_OF_ATTENDANCE,2026-27,https://bulletin.columbia.edu/columbia-college/fees-expenses-financial-aid/,OFFICIAL_UNIVERSITY,2026-09-20,Official Columbia College 2026-27 undergraduate budget baseline; travel varies.
university-of-pennsylvania,financial_aid_UPDATED.csv,COST_OF_ATTENDANCE,2026-27,https://srfs.upenn.edu/costs-budgeting/undergraduate-cost-attendance,OFFICIAL_UNIVERSITY,2026-09-20,Official Penn 2026-27 on-campus undergraduate COA. Total includes transportation; books_personal here is books + personal only.
duke-university,financial_aid_UPDATED.csv,COST_OF_ATTENDANCE,2026-27,https://financialaid.duke.edu/how-aid-calculated/cost-attendance/,OFFICIAL_UNIVERSITY,2026-09-20,"Official Duke 2026-27 lower-bound estimated COA; transportation/program fees vary, so Duke publishes a range."
northwestern-university,financial_aid_UPDATED.csv,COST_OF_ATTENDANCE,2026-27,https://undergradaid.northwestern.edu/how-aid-works/cost-of-attendance/,OFFICIAL_UNIVERSITY,2026-09-20,Official Northwestern 2026-27 on-campus COA. Transportation varies; health insurance may be additional if not waived.
princeton-university,evalio_top200_us_colleges_enriched_UPDATED.csv,APPLICATION_FEE,2026-27,https://content.commonapp.org/Files/ReqGrid.pdf,OFFICIAL_OR_COMMON_APP,2026-09-14,Fee status: VERIFIED_GRID
princeton-university,evalio_top200_us_colleges_enriched_UPDATED.csv,INTERNATIONAL_FINANCIAL_AID,CURRENT_POLICY,https://admission.princeton.edu/apply/international-students,OFFICIAL_OR_INSTITUTIONAL,2026-09-14,PFAA / institutional aid application
princeton-university,evalio_top200_us_colleges_enriched_UPDATED.csv,ADMISSIONS_METRICS,2025-26,https://www.collegedata.fyi/schools/princeton/2025-26,SOURCE_LINKED_CDS_ARCHIVE,2026-09-20,2025-26 CDS-based counts and score bands. Princeton remains test optional for the 2026-27 admission cycle.
princeton-university,evalio_top200_us_colleges_enriched_UPDATED.csv,COST_OF_ATTENDANCE,2026-27,https://admission.princeton.edu/cost-aid/fees-payment-options,OFFICIAL_UNIVERSITY,2026-09-20,Official 2026-27 student budget. Transportation varies.
massachusetts-institute-of-technology,evalio_top200_us_colleges_enriched_UPDATED.csv,APPLICATION_FEE,2026-27,https://mitadmissions.org/apply/firstyear/deadlines-requirements/,OFFICIAL_OR_COMMON_APP,2026-09-14,Fee status: VERIFIED_OFFICIAL
massachusetts-institute-of-technology,evalio_top200_us_colleges_enriched_UPDATED.csv,INTERNATIONAL_FINANCIAL_AID,CURRENT_POLICY,https://sfs.mit.edu/undergraduate-students/apply-for-aid/international/,OFFICIAL_OR_INSTITUTIONAL,2026-09-14,CSS Profile + required financial documents
massachusetts-institute-of-technology,evalio_top200_us_colleges_enriched_UPDATED.csv,ADMISSIONS_METRICS,2025-26,https://ir.mit.edu/projects/2025-26-common-data-set/,OFFICIAL_CDS,2026-09-20,Official MIT 2025-26 Common Data Set.
massachusetts-institute-of-technology,evalio_top200_us_colleges_enriched_UPDATED.csv,COST_OF_ATTENDANCE,2026-27,https://sfs.mit.edu/cost-of-attendance-class-of-2030/,OFFICIAL_UNIVERSITY,2026-09-20,Official MIT Student Financial Services 2026-27 student budget; travel allowance can vary.
harvard-university,evalio_top200_us_colleges_enriched_UPDATED.csv,APPLICATION_FEE,2026-27,https://content.commonapp.org/Files/ReqGrid.pdf,OFFICIAL_OR_COMMON_APP,2026-09-14,Fee status: VERIFIED_GRID
harvard-university,evalio_top200_us_colleges_enriched_UPDATED.csv,INTERNATIONAL_FINANCIAL_AID,CURRENT_POLICY,https://college.harvard.edu/financial-aid/how-aid-works,OFFICIAL_OR_INSTITUTIONAL,2026-09-14,CSS Profile / Harvard financial aid process
harvard-university,evalio_top200_us_colleges_enriched_UPDATED.csv,ADMISSIONS_METRICS,2025-26,https://www.collegedata.fyi/schools/harvard/2025-26,SOURCE_LINKED_CDS_ARCHIVE,2026-09-20,2025-26 CDS-based counts. Composite SAT percentiles are not populated here because a directly reported composite band was not safely established from the current source.
harvard-university,evalio_top200_us_colleges_enriched_UPDATED.csv,COST_OF_ATTENDANCE,2026-27,https://college.harvard.edu/index.php/financial-aid/how-aid-works,OFFICIAL_UNIVERSITY,2026-09-20,"2026-27 official lower-bound COA. Harvard reports $95,134-$100,134 depending on transportation; required health insurance may add $4,954 unless waived."
stanford-university,evalio_top200_us_colleges_enriched_UPDATED.csv,APPLICATION_FEE,2026-27,https://content.commonapp.org/Files/ReqGrid.pdf,OFFICIAL_OR_COMMON_APP,2026-09-14,Fee status: VERIFIED_GRID
stanford-university,evalio_top200_us_colleges_enriched_UPDATED.csv,INTERNATIONAL_FINANCIAL_AID,CURRENT_POLICY,https://financialaid.stanford.edu/undergrad/how/international.html,OFFICIAL_OR_INSTITUTIONAL,2026-09-14,CSS Profile + institutional documents
stanford-university,evalio_top200_us_colleges_enriched_UPDATED.csv,ADMISSIONS_METRICS,2025-26,https://www.collegedata.fyi/schools/stanford/2025-26,SOURCE_LINKED_CDS_ARCHIVE,2026-09-20,2025-26 CDS-based counts and score bands.
stanford-university,evalio_top200_us_colleges_enriched_UPDATED.csv,COST_OF_ATTENDANCE,2026-27,https://financialaid.stanford.edu/undergrad/budget/index.html,OFFICIAL_UNIVERSITY,2026-09-20,Official 2026-27 standard budget; travel varies. New students also have one-time orientation and document fees.
yale-university,evalio_top200_us_colleges_enriched_UPDATED.csv,APPLICATION_FEE,2026-27,https://admissions.yale.edu/requirements,OFFICIAL_OR_COMMON_APP,2026-09-14,Fee status: VERIFIED_GRID
yale-university,evalio_top200_us_colleges_enriched_UPDATED.csv,INTERNATIONAL_FINANCIAL_AID,CURRENT_POLICY,https://admissions.yale.edu/international,OFFICIAL_OR_INSTITUTIONAL,2026-09-14,CSS Profile + required income documents
yale-university,evalio_top200_us_colleges_enriched_UPDATED.csv,ADMISSIONS_METRICS,2025-26,https://www.collegedata.fyi/schools/yale/2025-26,SOURCE_LINKED_CDS_ARCHIVE,2026-09-20,Current policy corrected from the uploaded FLEXIBLE value to REQUIRED for the 2026-27 admission cycle.
yale-university,evalio_top200_us_colleges_enriched_UPDATED.csv,COST_OF_ATTENDANCE,2026-27,https://finaid.yale.edu/coa,OFFICIAL_UNIVERSITY,2026-09-20,"2026-27 baseline sum of published tuition, activity fee, housing, food, books and personal expenses; travel varies by home address and is not included in this baseline."
university-of-pennsylvania,evalio_top200_us_colleges_enriched_UPDATED.csv,APPLICATION_FEE,2026-27,https://content.commonapp.org/Files/ReqGrid.pdf,OFFICIAL_OR_COMMON_APP,2026-09-14,Fee status: VERIFIED_GRID
university-of-pennsylvania,evalio_top200_us_colleges_enriched_UPDATED.csv,INTERNATIONAL_FINANCIAL_AID,CURRENT_POLICY,https://srfs.upenn.edu/financial-aid/international,OFFICIAL_OR_INSTITUTIONAL,2026-09-14,CSS Profile + Penn required documents
university-of-pennsylvania,evalio_top200_us_colleges_enriched_UPDATED.csv,ADMISSIONS_METRICS,2025-26,https://www.collegedata.fyi/schools/upenn/2025-26,SOURCE_LINKED_CDS_ARCHIVE,2026-09-20,Composite SAT band left blank because the current source did not safely establish a directly reported composite percentile band.
university-of-pennsylvania,evalio_top200_us_colleges_enriched_UPDATED.csv,COST_OF_ATTENDANCE,2026-27,https://srfs.upenn.edu/costs-budgeting/undergraduate-cost-attendance,OFFICIAL_UNIVERSITY,2026-09-20,Official Penn 2026-27 on-campus undergraduate COA. Total includes transportation; books_personal here is books + personal only.
california-institute-of-technology,evalio_top200_us_colleges_enriched_UPDATED.csv,APPLICATION_FEE,2026-27,https://content.commonapp.org/Files/ReqGrid.pdf,OFFICIAL_OR_COMMON_APP,2026-09-14,Fee status: VERIFIED_GRID
california-institute-of-technology,evalio_top200_us_colleges_enriched_UPDATED.csv,INTERNATIONAL_FINANCIAL_AID,CURRENT_POLICY,https://www.finaid.caltech.edu/applying/how/newinternationalrd,OFFICIAL_OR_INSTITUTIONAL,2026-09-14,CSS Profile + international tax/non-tax documents
california-institute-of-technology,evalio_top200_us_colleges_enriched_UPDATED.csv,ADMISSIONS_METRICS,2024-25,https://www.collegedata.fyi/schools/california-institute-of-technology/2024-25,SOURCE_LINKED_CDS_ARCHIVE,2026-09-20,Latest safely established application-count cycle used here is 2024-25. Current testing policy is maintained separately.
california-institute-of-technology,evalio_top200_us_colleges_enriched_UPDATED.csv,COST_OF_ATTENDANCE,2026-27,https://www.finaid.caltech.edu/Costs,OFFICIAL_UNIVERSITY,2026-09-20,"Official 2026-27 on-campus COA: direct costs $93,225 plus indirect costs $5,397. Health insurance is separate if required; entering students also have a one-time orientation fee."
duke-university,evalio_top200_us_colleges_enriched_UPDATED.csv,APPLICATION_FEE,2026-27,https://content.commonapp.org/Files/ReqGrid.pdf,OFFICIAL_OR_COMMON_APP,2026-09-14,Fee status: VERIFIED_GRID
duke-university,evalio_top200_us_colleges_enriched_UPDATED.csv,INTERNATIONAL_FINANCIAL_AID,CURRENT_POLICY,https://financialaid.duke.edu/forms-resources/awarding-policy/,OFFICIAL_OR_INSTITUTIONAL,2026-09-14,CSS Profile + foreign tax/income documents
duke-university,evalio_top200_us_colleges_enriched_UPDATED.csv,ADMISSIONS_METRICS,2024-25,https://www.collegedata.fyi/schools/duke/2024-25,SOURCE_LINKED_CDS_ARCHIVE,2026-09-20,Latest safely established source cycle used here is 2024-25. Composite SAT band not forced from section scores.
duke-university,evalio_top200_us_colleges_enriched_UPDATED.csv,COST_OF_ATTENDANCE,2026-27,https://financialaid.duke.edu/how-aid-calculated/cost-attendance/,OFFICIAL_UNIVERSITY,2026-09-20,"Official Duke 2026-27 lower-bound estimated COA; transportation/program fees vary, so Duke publishes a range."
brown-university,evalio_top200_us_colleges_enriched_UPDATED.csv,APPLICATION_FEE,2026-27,https://content.commonapp.org/Files/ReqGrid.pdf,OFFICIAL_OR_COMMON_APP,2026-09-14,Fee status: VERIFIED_GRID
brown-university,evalio_top200_us_colleges_enriched_UPDATED.csv,INTERNATIONAL_FINANCIAL_AID,CURRENT_POLICY,https://admission.brown.edu/international/financial-aid,OFFICIAL_OR_INSTITUTIONAL,2026-09-14,CSS Profile / Brown requirements
brown-university,evalio_top200_us_colleges_enriched_UPDATED.csv,ADMISSIONS_METRICS,2025-26,https://www.collegedata.fyi/schools/brown/2025-26,SOURCE_LINKED_CDS_ARCHIVE,2026-09-20,2025-26 CDS-based counts and score bands.
brown-university,evalio_top200_us_colleges_enriched_UPDATED.csv,COST_OF_ATTENDANCE,2026-27,https://finaid.brown.edu/estimate-cost-aid/cost,OFFICIAL_UNIVERSITY,2026-09-20,"Official Brown 2026-27 first-year COA page reports $99,984 total. The standard $1,300 books allowance applies to students outside the BCMS program; this row keeps the published baseline personal-expense allowance."
johns-hopkins-university,evalio_top200_us_colleges_enriched_UPDATED.csv,APPLICATION_FEE,2026-27,https://content.commonapp.org/Files/ReqGrid.pdf,OFFICIAL_OR_COMMON_APP,2026-09-14,Fee status: VERIFIED_GRID
johns-hopkins-university,evalio_top200_us_colleges_enriched_UPDATED.csv,INTERNATIONAL_FINANCIAL_AID,CURRENT_POLICY,https://finaid.jhu.edu/undergraduate-aid/international-students/,OFFICIAL_OR_INSTITUTIONAL,2026-09-14,CSS Profile or JHU International Student Financial Aid Application as permitted
northwestern-university,evalio_top200_us_colleges_enriched_UPDATED.csv,APPLICATION_FEE,2026-27,https://content.commonapp.org/Files/ReqGrid.pdf,OFFICIAL_OR_COMMON_APP,2026-09-14,Fee status: VERIFIED_GRID
northwestern-university,evalio_top200_us_colleges_enriched_UPDATED.csv,INTERNATIONAL_FINANCIAL_AID,CURRENT_POLICY,https://undergradaid.northwestern.edu/apply-for-aid/international-students.html,OFFICIAL_OR_INSTITUTIONAL,2026-09-14,CSS Profile / institutional requirements
northwestern-university,evalio_top200_us_colleges_enriched_UPDATED.csv,ADMISSIONS_METRICS,2024-25,https://www.collegedata.fyi/schools/northwestern/2024-25,SOURCE_LINKED_CDS_ARCHIVE,2026-09-20,Latest safely established source cycle used here is 2024-25.
northwestern-university,evalio_top200_us_colleges_enriched_UPDATED.csv,COST_OF_ATTENDANCE,2026-27,https://undergradaid.northwestern.edu/how-aid-works/cost-of-attendance/,OFFICIAL_UNIVERSITY,2026-09-20,Official Northwestern 2026-27 on-campus COA. Transportation varies; health insurance may be additional if not waived.
columbia-university,evalio_top200_us_colleges_enriched_UPDATED.csv,APPLICATION_FEE,2026-27,https://content.commonapp.org/Files/ReqGrid.pdf,OFFICIAL_OR_COMMON_APP,2026-09-14,Fee status: VERIFIED_GRID
columbia-university,evalio_top200_us_colleges_enriched_UPDATED.csv,INTERNATIONAL_FINANCIAL_AID,CURRENT_POLICY,https://cc-seas.financialaid.columbia.edu/faq-page/all,OFFICIAL_OR_INSTITUTIONAL,2026-09-14,CSS Profile / Columbia international aid process
columbia-university,evalio_top200_us_colleges_enriched_UPDATED.csv,ADMISSIONS_METRICS,2024-25,https://www.collegedata.fyi/schools/columbia/2024-25,SOURCE_LINKED_CDS_ARCHIVE,2026-09-20,Latest safely established source cycle used here is 2024-25.
columbia-university,evalio_top200_us_colleges_enriched_UPDATED.csv,COST_OF_ATTENDANCE,2026-27,https://bulletin.columbia.edu/columbia-college/fees-expenses-financial-aid/,OFFICIAL_UNIVERSITY,2026-09-20,Official Columbia College 2026-27 undergraduate budget baseline; travel varies.
cornell-university,evalio_top200_us_colleges_enriched_UPDATED.csv,APPLICATION_FEE,2026-27,https://content.commonapp.org/Files/ReqGrid.pdf,OFFICIAL_OR_COMMON_APP,2026-09-14,Fee status: VERIFIED_GRID
cornell-university,evalio_top200_us_colleges_enriched_UPDATED.csv,INTERNATIONAL_FINANCIAL_AID,CURRENT_POLICY,https://finaid.cornell.edu/apply-for-aid/first-year-and-transfer-applicants/international-applicants,OFFICIAL_OR_INSTITUTIONAL,2026-09-14,CSS Profile + Cornell requirements
university-of-chicago,evalio_top200_us_colleges_enriched_UPDATED.csv,APPLICATION_FEE,2026-27,https://content.commonapp.org/Files/ReqGrid.pdf,OFFICIAL_OR_COMMON_APP,2026-09-14,Fee status: VERIFIED_GRID
university-of-chicago,evalio_top200_us_colleges_enriched_UPDATED.csv,INTERNATIONAL_FINANCIAL_AID,CURRENT_POLICY,https://collegeadmissions.uchicago.edu/financial-support/financial-overview/,OFFICIAL_OR_INSTITUTIONAL,2026-09-14,International Student Financial Aid Worksheet / UChicago process
university-of-california-berkeley,evalio_top200_us_colleges_enriched_UPDATED.csv,APPLICATION_FEE,2026-27,https://admission.universityofcalifornia.edu/how-to-apply/applying-as-a-first-year/,OFFICIAL_OR_COMMON_APP,2026-09-14,Fee status: VERIFIED_SYSTEM_INTL
university-of-california-berkeley,evalio_top200_us_colleges_enriched_UPDATED.csv,INTERNATIONAL_FINANCIAL_AID,CURRENT_POLICY,https://admission.universityofcalifornia.edu/tuition-financial-aid/types-of-aid/who-can-get-financial-aid/,OFFICIAL_OR_INSTITUTIONAL,2026-09-14,International students are generally ineligible for student loans and eligible for very few scholarships
university-of-california-los-angeles,evalio_top200_us_colleges_enriched_UPDATED.csv,APPLICATION_FEE,2026-27,https://admission.universityofcalifornia.edu/how-to-apply/applying-as-a-first-year/,OFFICIAL_OR_COMMON_APP,2026-09-14,Fee status: VERIFIED_SYSTEM_INTL
university-of-california-los-angeles,evalio_top200_us_colleges_enriched_UPDATED.csv,INTERNATIONAL_FINANCIAL_AID,CURRENT_POLICY,https://admission.universityofcalifornia.edu/tuition-financial-aid/types-of-aid/who-can-get-financial-aid/,OFFICIAL_OR_INSTITUTIONAL,2026-09-14,International students are generally ineligible for student loans and eligible for very few scholarships
rice-university,evalio_top200_us_colleges_enriched_UPDATED.csv,APPLICATION_FEE,2026-27,https://content.commonapp.org/Files/ReqGrid.pdf,OFFICIAL_OR_COMMON_APP,2026-09-14,Fee status: VERIFIED_GRID
rice-university,evalio_top200_us_colleges_enriched_UPDATED.csv,INTERNATIONAL_FINANCIAL_AID,CURRENT_POLICY,https://financialaid.rice.edu/apply-aid/international-students,OFFICIAL_OR_INSTITUTIONAL,2026-09-14,CSS Profile
dartmouth-college,evalio_top200_us_colleges_enriched_UPDATED.csv,APPLICATION_FEE,2026-27,https://content.commonapp.org/Files/ReqGrid.pdf,OFFICIAL_OR_COMMON_APP,2026-09-14,Fee status: VERIFIED_GRID
dartmouth-college,evalio_top200_us_colleges_enriched_UPDATED.csv,INTERNATIONAL_FINANCIAL_AID,CURRENT_POLICY,https://financialaid.dartmouth.edu/apply-aid/international-students,OFFICIAL_OR_INSTITUTIONAL,2026-09-14,CSS Profile / Dartmouth international aid requirements
dartmouth-college,evalio_top200_us_colleges_enriched_UPDATED.csv,ADMISSIONS_METRICS,2025-26,https://www.collegedata.fyi/schools/dartmouth/2025-26,SOURCE_LINKED_CDS_ARCHIVE,2026-09-20,2025-26 CDS-based counts and score bands.
dartmouth-college,evalio_top200_us_colleges_enriched_UPDATED.csv,COST_OF_ATTENDANCE,2026-27,https://admissions.dartmouth.edu/estimate-your-cost/cost-attendance,OFFICIAL_UNIVERSITY,2026-09-20,Official Dartmouth 2026-27 first-year COA; first-year orientation-related fees are included. Health insurance is separate unless waived.
vanderbilt-university,evalio_top200_us_colleges_enriched_UPDATED.csv,APPLICATION_FEE,2026-27,https://content.commonapp.org/Files/ReqGrid.pdf,OFFICIAL_OR_COMMON_APP,2026-09-14,Fee status: VERIFIED_GRID
vanderbilt-university,evalio_top200_us_colleges_enriched_UPDATED.csv,INTERNATIONAL_FINANCIAL_AID,CURRENT_POLICY,https://www.vanderbilt.edu/financialaid/international.php,OFFICIAL_OR_INSTITUTIONAL,2026-09-14,CSS Profile or approved international alternative where applicable
university-of-notre-dame,evalio_top200_us_colleges_enriched_UPDATED.csv,APPLICATION_FEE,2026-27,https://content.commonapp.org/Files/ReqGrid.pdf,OFFICIAL_OR_COMMON_APP,2026-09-14,Fee status: VERIFIED_GRID
university-of-notre-dame,evalio_top200_us_colleges_enriched_UPDATED.csv,INTERNATIONAL_FINANCIAL_AID,CURRENT_POLICY,https://admissions.nd.edu/aid-affordability/international-student-financial-aid/,OFFICIAL_OR_INSTITUTIONAL,2026-09-14,CSS Profile / Notre Dame process
university-of-michiganann-arbor,evalio_top200_us_colleges_enriched_UPDATED.csv,APPLICATION_FEE,2026-27,https://admissions.umich.edu/apply/first-year-applicants/requirements-deadlines/,OFFICIAL_OR_COMMON_APP,2026-09-14,Fee status: VERIFIED_OFFICIAL
university-of-michiganann-arbor,evalio_top200_us_colleges_enriched_UPDATED.csv,INTERNATIONAL_FINANCIAL_AID,CURRENT_POLICY,https://finaid.umich.edu/getting-started/qualifying-for-aid/international-students,OFFICIAL_OR_INSTITUTIONAL,2026-09-14,Scholarships/limited institutional options; see official
georgetown-university,evalio_top200_us_colleges_enriched_UPDATED.csv,INTERNATIONAL_FINANCIAL_AID,CURRENT_POLICY,https://uadmissions.georgetown.edu/applying/international/,OFFICIAL_OR_INSTITUTIONAL,2026-09-14,CSS Profile; very limited international need-based funding
university-of-virginia,evalio_top200_us_colleges_enriched_UPDATED.csv,APPLICATION_FEE,2026-27,https://content.commonapp.org/Files/ReqGrid.pdf,OFFICIAL_OR_COMMON_APP,2026-09-14,Fee status: VERIFIED_GRID
university-of-virginia,evalio_top200_us_colleges_enriched_UPDATED.csv,INTERNATIONAL_FINANCIAL_AID,CURRENT_POLICY,https://sfs.virginia.edu/financial-aid-new-applicants/financial-aid-basics/eligibility-financial-aid,OFFICIAL_OR_INSTITUTIONAL,2026-09-14,Private/outside financing except limited special programs
washington-university-in-st-louis,evalio_top200_us_colleges_enriched_UPDATED.csv,APPLICATION_FEE,2026-27,https://content.commonapp.org/Files/ReqGrid.pdf,OFFICIAL_OR_COMMON_APP,2026-09-14,Fee status: VERIFIED_GRID
carnegie-mellon-university,evalio_top200_us_colleges_enriched_UPDATED.csv,APPLICATION_FEE,2026-27,https://www.cmu.edu/admission/admission/undergraduate-admission-requirements,OFFICIAL_OR_COMMON_APP,2026-09-14,Fee status: VERIFIED_OFFICIAL
carnegie-mellon-university,evalio_top200_us_colleges_enriched_UPDATED.csv,INTERNATIONAL_FINANCIAL_AID,CURRENT_POLICY,https://www.cmu.edu/admission/admission/international-applicants,OFFICIAL_OR_INSTITUTIONAL,2026-09-14,No institutional undergraduate aid for international students
emory-university,evalio_top200_us_colleges_enriched_UPDATED.csv,APPLICATION_FEE,2026-27,https://content.commonapp.org/Files/ReqGrid.pdf,OFFICIAL_OR_COMMON_APP,2026-09-14,Fee status: VERIFIED_GRID
emory-university,evalio_top200_us_colleges_enriched_UPDATED.csv,INTERNATIONAL_FINANCIAL_AID,CURRENT_POLICY,https://apply.emory.edu/apply/international-applicants.html,OFFICIAL_OR_INSTITUTIONAL,2026-09-14,International need-based aid offered to a select group
university-of-southern-california,evalio_top200_us_colleges_enriched_UPDATED.csv,APPLICATION_FEE,2026-27,https://content.commonapp.org/Files/ReqGrid.pdf,OFFICIAL_OR_COMMON_APP,2026-09-14,Fee status: VERIFIED_GRID
university-of-southern-california,evalio_top200_us_colleges_enriched_UPDATED.csv,INTERNATIONAL_FINANCIAL_AID,CURRENT_POLICY,https://admission.usc.edu/cost-and-financial-aid/financial-aid/international-students/,OFFICIAL_OR_INSTITUTIONAL,2026-09-14,Merit scholarships may be available; no need-based aid for international students
university-of-california-san-diego,evalio_top200_us_colleges_enriched_UPDATED.csv,APPLICATION_FEE,2026-27,https://admission.universityofcalifornia.edu/how-to-apply/applying-as-a-first-year/,OFFICIAL_OR_COMMON_APP,2026-09-14,Fee status: VERIFIED_SYSTEM_INTL
university-of-california-san-diego,evalio_top200_us_colleges_enriched_UPDATED.csv,INTERNATIONAL_FINANCIAL_AID,CURRENT_POLICY,https://admission.universityofcalifornia.edu/tuition-financial-aid/types-of-aid/who-can-get-financial-aid/,OFFICIAL_OR_INSTITUTIONAL,2026-09-14,International students are generally ineligible for student loans and eligible for very few scholarships
university-of-florida,evalio_top200_us_colleges_enriched_UPDATED.csv,INTERNATIONAL_FINANCIAL_AID,CURRENT_POLICY,https://internationalcenter.ufl.edu/start-up/international-student-services/new-international-students/financial-information,OFFICIAL_OR_INSTITUTIONAL,2026-09-14,College/private scholarships may be available; broad institutional need aid not verified
university-of-california-davis,evalio_top200_us_colleges_enriched_UPDATED.csv,APPLICATION_FEE,2026-27,https://admission.universityofcalifornia.edu/how-to-apply/applying-as-a-first-year/,OFFICIAL_OR_COMMON_APP,2026-09-14,Fee status: VERIFIED_SYSTEM_INTL
university-of-california-davis,evalio_top200_us_colleges_enriched_UPDATED.csv,INTERNATIONAL_FINANCIAL_AID,CURRENT_POLICY,https://admission.universityofcalifornia.edu/tuition-financial-aid/types-of-aid/who-can-get-financial-aid/,OFFICIAL_OR_INSTITUTIONAL,2026-09-14,International students are generally ineligible for student loans and eligible for very few scholarships
university-of-texas-at-austin,evalio_top200_us_colleges_enriched_UPDATED.csv,APPLICATION_FEE,2026-27,https://admissions.utexas.edu/apply/freshman/,OFFICIAL_OR_COMMON_APP,2026-09-14,Fee status: VERIFIED_OFFICIAL_INTL
university-of-texas-at-austin,evalio_top200_us_colleges_enriched_UPDATED.csv,INTERNATIONAL_FINANCIAL_AID,CURRENT_POLICY,https://global.utexas.edu/isss/advising-services/financial-aid,OFFICIAL_OR_INSTITUTIONAL,2026-09-14,International scholarships/limited aid; no full-need commitment verified
university-of-california-irvine,evalio_top200_us_colleges_enriched_UPDATED.csv,APPLICATION_FEE,2026-27,https://admission.universityofcalifornia.edu/how-to-apply/applying-as-a-first-year/,OFFICIAL_OR_COMMON_APP,2026-09-14,Fee status: VERIFIED_SYSTEM_INTL
university-of-california-irvine,evalio_top200_us_colleges_enriched_UPDATED.csv,INTERNATIONAL_FINANCIAL_AID,CURRENT_POLICY,https://admission.universityofcalifornia.edu/tuition-financial-aid/types-of-aid/who-can-get-financial-aid/,OFFICIAL_OR_INSTITUTIONAL,2026-09-14,International students are generally ineligible for student loans and eligible for very few scholarships
georgia-institute-of-technology,evalio_top200_us_colleges_enriched_UPDATED.csv,APPLICATION_FEE,2026-27,https://admission.gatech.edu/first-year/deadlines,OFFICIAL_OR_COMMON_APP,2026-09-14,Fee status: VERIFIED_OFFICIAL_INTL
georgia-institute-of-technology,evalio_top200_us_colleges_enriched_UPDATED.csv,INTERNATIONAL_FINANCIAL_AID,CURRENT_POLICY,https://finaid.gatech.edu/undergraduate-types-aid/international-students,OFFICIAL_OR_INSTITUTIONAL,2026-09-14,International aid/scholarship availability is typically very limited
university-of-california-santa-barbara,evalio_top200_us_colleges_enriched_UPDATED.csv,APPLICATION_FEE,2026-27,https://admission.universityofcalifornia.edu/how-to-apply/applying-as-a-first-year/,OFFICIAL_OR_COMMON_APP,2026-09-14,Fee status: VERIFIED_SYSTEM_INTL
university-of-california-santa-barbara,evalio_top200_us_colleges_enriched_UPDATED.csv,INTERNATIONAL_FINANCIAL_AID,CURRENT_POLICY,https://admission.universityofcalifornia.edu/tuition-financial-aid/types-of-aid/who-can-get-financial-aid/,OFFICIAL_OR_INSTITUTIONAL,2026-09-14,International students are generally ineligible for student loans and eligible for very few scholarships
university-of-illinois-urbana-champaign,evalio_top200_us_colleges_enriched_UPDATED.csv,APPLICATION_FEE,2026-27,https://content.commonapp.org/Files/ReqGrid.pdf,OFFICIAL_OR_COMMON_APP,2026-09-14,Fee status: VERIFIED_GRID
university-of-illinois-urbana-champaign,evalio_top200_us_colleges_enriched_UPDATED.csv,INTERNATIONAL_FINANCIAL_AID,CURRENT_POLICY,https://osfa.illinois.edu/types-of-aid/other-aid/international-students/,OFFICIAL_OR_INSTITUTIONAL,2026-09-14,International students generally not eligible for need-based university aid; scholarships may exist
university-of-wisconsinmadison,evalio_top200_us_colleges_enriched_UPDATED.csv,APPLICATION_FEE,2026-27,https://content.commonapp.org/Files/ReqGrid.pdf,OFFICIAL_OR_COMMON_APP,2026-09-14,Fee status: VERIFIED_GRID
university-of-wisconsinmadison,evalio_top200_us_colleges_enriched_UPDATED.csv,INTERNATIONAL_FINANCIAL_AID,CURRENT_POLICY,https://iss.wisc.edu/students/current-students/funding-scholarships/,OFFICIAL_OR_INSTITUTIONAL,2026-09-14,Scholarships may exist; broad need-based aid not verified
new-york-university,evalio_top200_us_colleges_enriched_UPDATED.csv,APPLICATION_FEE,2026-27,https://content.commonapp.org/Files/ReqGrid.pdf,OFFICIAL_OR_COMMON_APP,2026-09-14,Fee status: VERIFIED_GRID
new-york-university,evalio_top200_us_colleges_enriched_UPDATED.csv,INTERNATIONAL_FINANCIAL_AID,CURRENT_POLICY,https://bulletins.nyu.edu/undergraduate/business/cost-attendance/financial-aid/,OFFICIAL_OR_INSTITUTIONAL,2026-09-14,CSS Profile required for first-year NYU scholarship consideration; international need considered in admission
boston-college,evalio_top200_us_colleges_enriched_UPDATED.csv,APPLICATION_FEE,2026-27,https://content.commonapp.org/Files/ReqGrid.pdf,OFFICIAL_OR_COMMON_APP,2026-09-14,Fee status: VERIFIED_GRID
boston-college,evalio_top200_us_colleges_enriched_UPDATED.csv,INTERNATIONAL_FINANCIAL_AID,CURRENT_POLICY,https://www.bc.edu/bc-web/admission/apply/international.html,OFFICIAL_OR_INSTITUTIONAL,2026-09-14,International applicants who are not U.S. citizens/permanent residents are not eligible for BC need-based aid
university-of-washington,evalio_top200_us_colleges_enriched_UPDATED.csv,APPLICATION_FEE,2026-27,https://content.commonapp.org/Files/ReqGrid.pdf,OFFICIAL_OR_COMMON_APP,2026-09-14,Fee status: VERIFIED_GRID_INTL
university-of-washington,evalio_top200_us_colleges_enriched_UPDATED.csv,INTERNATIONAL_FINANCIAL_AID,CURRENT_POLICY,https://www.washington.edu/financialaid/getting-started/eligibility/international-students/,OFFICIAL_OR_INSTITUTIONAL,2026-09-14,Nonresident/international university grant access is very limited; federal aid unavailable
tufts-university,evalio_top200_us_colleges_enriched_UPDATED.csv,APPLICATION_FEE,2026-27,https://content.commonapp.org/Files/ReqGrid.pdf,OFFICIAL_OR_COMMON_APP,2026-09-14,Fee status: VERIFIED_GRID
tufts-university,evalio_top200_us_colleges_enriched_UPDATED.csv,INTERNATIONAL_FINANCIAL_AID,CURRENT_POLICY,https://students.tufts.edu/financial-services/financial-aid/undergraduate-aid/international-students,OFFICIAL_OR_INSTITUTIONAL,2026-09-14,Tufts states it meets full demonstrated need for admitted students; international admission policy should be reverified directly
rutgers-universitynew-brunswick,evalio_top200_us_colleges_enriched_UPDATED.csv,APPLICATION_FEE,2026-27,https://admissions.rutgers.edu/apply/first-year-applicants,OFFICIAL_OR_COMMON_APP,2026-09-14,Fee status: VERIFIED_OFFICIAL
rutgers-universitynew-brunswick,evalio_top200_us_colleges_enriched_UPDATED.csv,INTERNATIONAL_FINANCIAL_AID,CURRENT_POLICY,https://admissions.rutgers.edu/costs-and-aid/scholarships,OFFICIAL_OR_INSTITUTIONAL,2026-09-14,International merit awards available; broad need aid not verified
boston-university,evalio_top200_us_colleges_enriched_UPDATED.csv,APPLICATION_FEE,2026-27,https://content.commonapp.org/Files/ReqGrid.pdf,OFFICIAL_OR_COMMON_APP,2026-09-14,Fee status: VERIFIED_GRID
boston-university,evalio_top200_us_colleges_enriched_UPDATED.csv,INTERNATIONAL_FINANCIAL_AID,CURRENT_POLICY,https://www.bu.edu/admissions/apply/international/,OFFICIAL_OR_INSTITUTIONAL,2026-09-14,International first-year students generally merit-only for institutional awards
the-ohio-state-university,evalio_top200_us_colleges_enriched_UPDATED.csv,APPLICATION_FEE,2026-27,https://undergrad.osu.edu/apply/international-freshmen/apply-step-by-step,OFFICIAL_OR_COMMON_APP,2026-09-14,Fee status: VERIFIED_OFFICIAL
the-ohio-state-university,evalio_top200_us_colleges_enriched_UPDATED.csv,INTERNATIONAL_FINANCIAL_AID,CURRENT_POLICY,https://undergrad.osu.edu/apply/international-freshmen,OFFICIAL_OR_INSTITUTIONAL,2026-09-14,International students generally ineligible for federal/state and most institutional need aid; scholarship search available
university-of-maryland-college-park,evalio_top200_us_colleges_enriched_UPDATED.csv,APPLICATION_FEE,2026-27,https://content.commonapp.org/Files/ReqGrid.pdf,OFFICIAL_OR_COMMON_APP,2026-09-14,Fee status: VERIFIED_GRID
university-of-maryland-college-park,evalio_top200_us_colleges_enriched_UPDATED.csv,INTERNATIONAL_FINANCIAL_AID,CURRENT_POLICY,https://financialaid.umd.edu/eligibility,OFFICIAL_OR_INSTITUTIONAL,2026-09-14,Institutional need-aid eligibility is restricted; international students generally ineligible
university-of-rochester,evalio_top200_us_colleges_enriched_UPDATED.csv,APPLICATION_FEE,2026-27,https://content.commonapp.org/Files/ReqGrid.pdf,OFFICIAL_OR_COMMON_APP,2026-09-14,Fee status: VERIFIED_GRID
university-of-rochester,evalio_top200_us_colleges_enriched_UPDATED.csv,INTERNATIONAL_FINANCIAL_AID,CURRENT_POLICY,https://www.rochester.edu/financial-aid/international/,OFFICIAL_OR_INSTITUTIONAL,2026-09-14,CSS Profile / Rochester international aid process
purdue-university,evalio_top200_us_colleges_enriched_UPDATED.csv,INTERNATIONAL_FINANCIAL_AID,CURRENT_POLICY,https://admissions.purdue.edu/costsandfinaid/finaid.php,OFFICIAL_OR_INSTITUTIONAL,2026-09-14,International students generally not eligible for Purdue need-based aid; external options may exist
university-of-north-carolina-at-chapel-hill,evalio_top200_us_colleges_enriched_UPDATED.csv,APPLICATION_FEE,2026-27,https://content.commonapp.org/Files/ReqGrid.pdf,OFFICIAL_OR_COMMON_APP,2026-09-14,Fee status: VERIFIED_GRID
university-of-north-carolina-at-chapel-hill,evalio_top200_us_colleges_enriched_UPDATED.csv,INTERNATIONAL_FINANCIAL_AID,CURRENT_POLICY,https://studentaid.unc.edu/,OFFICIAL_OR_INSTITUTIONAL,2026-09-14,International undergraduate institutional aid is very limited; direct current policy recheck still recommended
wake-forest-university,evalio_top200_us_colleges_enriched_UPDATED.csv,APPLICATION_FEE,2026-27,https://admissions.wfu.edu/become-a-deacon/international/,OFFICIAL_OR_COMMON_APP,2026-09-14,Fee status: VERIFIED_OFFICIAL
wake-forest-university,evalio_top200_us_colleges_enriched_UPDATED.csv,INTERNATIONAL_FINANCIAL_AID,CURRENT_POLICY,https://financialaid.wfu.edu/applying-for-aid/,OFFICIAL_OR_INSTITUTIONAL,2026-09-14,International students are not eligible for institutional need-based aid; merit scholarships remain possible
virginia-tech,evalio_top200_us_colleges_enriched_UPDATED.csv,APPLICATION_FEE,2026-27,https://www.vt.edu/admissions/undergraduate/apply/international.html,OFFICIAL_OR_COMMON_APP,2026-09-14,Fee status: MEDIUM — official page result is older but current admissions page should be rechecked
virginia-tech,evalio_top200_us_colleges_enriched_UPDATED.csv,INTERNATIONAL_FINANCIAL_AID,CURRENT_POLICY,https://finaid.vt.edu/undergraduate/InternationalStudents.html,OFFICIAL_OR_INSTITUTIONAL,2026-09-14,Scholarships may be available; no broad full-need commitment
texas-a-and-m-university,evalio_top200_us_colleges_enriched_UPDATED.csv,APPLICATION_FEE,2026-27,https://admissions.tamu.edu/apply/international/international-freshman.html,OFFICIAL_OR_COMMON_APP,2026-09-14,Fee status: VERIFIED_OFFICIAL_CURRENT
texas-a-and-m-university,evalio_top200_us_colleges_enriched_UPDATED.csv,INTERNATIONAL_FINANCIAL_AID,CURRENT_POLICY,https://aggie.tamu.edu/financial-aid/types-of-aid/international-student-aid,OFFICIAL_OR_INSTITUTIONAL,2026-09-14,TASFA/ITPEG and limited institutional/state options may apply; no full-need promise
florida-state-university,evalio_top200_us_colleges_enriched_UPDATED.csv,APPLICATION_FEE,2026-27,https://admissions.fsu.edu/international/first-year/,OFFICIAL_OR_COMMON_APP,2026-09-14,Fee status: VERIFIED_OFFICIAL; Common App may add platform fee
florida-state-university,evalio_top200_us_colleges_enriched_UPDATED.csv,INTERNATIONAL_FINANCIAL_AID,CURRENT_POLICY,https://admissions.fsu.edu/first-year/scholarships/,OFFICIAL_OR_INSTITUTIONAL,2026-09-14,Automatic/competitive merit may exist; broad first-year international need-based aid not established
northeastern-university,evalio_top200_us_colleges_enriched_UPDATED.csv,APPLICATION_FEE,2026-27,https://content.commonapp.org/Files/ReqGrid.pdf,OFFICIAL_OR_COMMON_APP,2026-09-14,Fee status: VERIFIED_COMMON_APP_BASELINE
northeastern-university,evalio_top200_us_colleges_enriched_UPDATED.csv,INTERNATIONAL_FINANCIAL_AID,CURRENT_POLICY,https://admissions.northeastern.edu/cost-financial-aid/financial-aid-for-international-students/,OFFICIAL_OR_INSTITUTIONAL,2026-09-14,International students are not eligible for university need-based aid; merit scholarships may be available
case-western-reserve-university,evalio_top200_us_colleges_enriched_UPDATED.csv,APPLICATION_FEE,2026-27,https://case.edu/admission/apply/international-students,OFFICIAL_OR_COMMON_APP,2026-09-14,Fee status: VERIFIED_CURRENT/GRID
case-western-reserve-university,evalio_top200_us_colleges_enriched_UPDATED.csv,INTERNATIONAL_FINANCIAL_AID,CURRENT_POLICY,https://case.edu/financialaid/undergraduates/international-students,OFFICIAL_OR_INSTITUTIONAL,2026-09-14,CSS Profile; international need-based funds are limited
tulane-university,evalio_top200_us_colleges_enriched_UPDATED.csv,APPLICATION_FEE,2026-27,https://content.commonapp.org/Files/ReqGrid.pdf,OFFICIAL_OR_COMMON_APP,2026-09-14,Fee status: VERIFIED_COMMON_APP_BASELINE
tulane-university,evalio_top200_us_colleges_enriched_UPDATED.csv,INTERNATIONAL_FINANCIAL_AID,CURRENT_POLICY,https://financialaid.tulane.edu/types-aid/international-students,OFFICIAL_OR_INSTITUTIONAL,2026-09-14,CSS Profile; qualified international need-based awards are capped/limited alongside merit
university-of-miami,evalio_top200_us_colleges_enriched_UPDATED.csv,APPLICATION_FEE,2026-27,https://bulletin.miami.edu/general-university-information/undergraduate-policies-and-procedures/admission/undergraduate-international-admission/,OFFICIAL_OR_COMMON_APP,2026-09-14,Fee status: VERIFIED_COMMON_APP_BASELINE
university-of-miami,evalio_top200_us_colleges_enriched_UPDATED.csv,INTERNATIONAL_FINANCIAL_AID,CURRENT_POLICY,https://bulletin.miami.edu/general-university-information/undergraduate-policies-and-procedures/admission/,OFFICIAL_OR_INSTITUTIONAL,2026-09-14,CSS Profile; current bulletin says undergraduate admission is need-aware and institutional need aid exists for nonresidents
university-of-georgia,evalio_top200_us_colleges_enriched_UPDATED.csv,INTERNATIONAL_FINANCIAL_AID,CURRENT_POLICY,https://osfa.uga.edu/,OFFICIAL_OR_INSTITUTIONAL,2026-09-14,International students may compete for selected scholarships; no broad full-need commitment verified
lehigh-university,evalio_top200_us_colleges_enriched_UPDATED.csv,APPLICATION_FEE,2026-27,https://content.commonapp.org/Files/ReqGrid.pdf,OFFICIAL_OR_COMMON_APP,2026-09-14,Fee status: VERIFIED_COMMON_APP_BASELINE
lehigh-university,evalio_top200_us_colleges_enriched_UPDATED.csv,INTERNATIONAL_FINANCIAL_AID,CURRENT_POLICY,https://www2.lehigh.edu/financial-aid/international-students,OFFICIAL_OR_INSTITUTIONAL,2026-09-14,CSS Profile preferred or ISAFA; limited international aid; Lehigh aims to meet need for as many admitted internationals as resources permit
villanova-university,evalio_top200_us_colleges_enriched_UPDATED.csv,APPLICATION_FEE,2026-27,https://content.commonapp.org/Files/ReqGrid.pdf,OFFICIAL_OR_COMMON_APP,2026-09-14,Fee status: VERIFIED_COMMON_APP_BASELINE
villanova-university,evalio_top200_us_colleges_enriched_UPDATED.csv,INTERNATIONAL_FINANCIAL_AID,CURRENT_POLICY,https://www.villanova.edu/university/undergraduate-admission/financial-aid/international.html,OFFICIAL_OR_INSTITUTIONAL,2026-09-14,CSS Profile; international need-based funding is limited
rensselaer-polytechnic-institute,evalio_top200_us_colleges_enriched_UPDATED.csv,APPLICATION_FEE,2026-27,https://content.commonapp.org/Files/ReqGrid.pdf,OFFICIAL_OR_COMMON_APP,2026-09-14,Fee status: VERIFIED_COMMON_APP_BASELINE
rensselaer-polytechnic-institute,evalio_top200_us_colleges_enriched_UPDATED.csv,INTERNATIONAL_FINANCIAL_AID,CURRENT_POLICY,https://admissions.rpi.edu/aid,OFFICIAL_OR_INSTITUTIONAL,2026-09-14,International students are generally considered for merit; need-based exception may apply to Canadian citizens under stated policy
brandeis-university,evalio_top200_us_colleges_enriched_UPDATED.csv,APPLICATION_FEE,2026-27,https://content.commonapp.org/Files/ReqGrid.pdf,OFFICIAL_OR_COMMON_APP,2026-09-14,Fee status: VERIFIED_COMMON_APP_BASELINE
brandeis-university,evalio_top200_us_colleges_enriched_UPDATED.csv,INTERNATIONAL_FINANCIAL_AID,CURRENT_POLICY,https://www.brandeis.edu/student-financial-services/financial-aid/international.html,OFFICIAL_OR_INSTITUTIONAL,2026-09-14,CSS Profile; Brandeis states it meets 100% of calculated need for admitted aid recipients
william-and-mary,evalio_top200_us_colleges_enriched_UPDATED.csv,APPLICATION_FEE,2026-27,https://www.wm.edu/admission/undergraduateadmission/how-to-apply/international/,OFFICIAL_OR_COMMON_APP,2026-09-14,Fee status: VERIFIED_COMMON_APP_BASELINE
william-and-mary,evalio_top200_us_colleges_enriched_UPDATED.csv,INTERNATIONAL_FINANCIAL_AID,CURRENT_POLICY,https://www.wm.edu/admission/undergraduateadmission/costs-aid/international/,OFFICIAL_OR_INSTITUTIONAL,2026-09-14,International undergraduates generally must finance attendance; broad institutional need aid is not available
clemson-university,evalio_top200_us_colleges_enriched_UPDATED.csv,APPLICATION_FEE,2026-27,https://www.clemson.edu/admissions/undergraduate-admissions/apply/international.html,OFFICIAL_OR_COMMON_APP,2026-09-14,Fee status: VERIFIED_OFFICIAL
clemson-university,evalio_top200_us_colleges_enriched_UPDATED.csv,INTERNATIONAL_FINANCIAL_AID,CURRENT_POLICY,https://www.clemson.edu/admissions/undergraduate-admissions/apply/international.html,OFFICIAL_OR_INSTITUTIONAL,2026-09-14,Current Clemson international page explicitly says there are no scholarships for international undergraduates and students must demonstrate sufficient funds
southern-methodist-university,evalio_top200_us_colleges_enriched_UPDATED.csv,APPLICATION_FEE,2026-27,https://content.commonapp.org/Files/ReqGrid.pdf,OFFICIAL_OR_COMMON_APP,2026-09-14,Fee status: VERIFIED_COMMON_APP_BASELINE
southern-methodist-university,evalio_top200_us_colleges_enriched_UPDATED.csv,INTERNATIONAL_FINANCIAL_AID,CURRENT_POLICY,https://www.smu.edu/admission/financialaid,OFFICIAL_OR_INSTITUTIONAL,2026-09-14,Current international need-based policy requires direct verification; do not infer from domestic FAFSA pages
george-washington-university,evalio_top200_us_colleges_enriched_UPDATED.csv,APPLICATION_FEE,2026-27,https://content.commonapp.org/Files/ReqGrid.pdf,OFFICIAL_OR_COMMON_APP,2026-09-14,Fee status: VERIFIED_COMMON_APP_BASELINE
george-washington-university,evalio_top200_us_colleges_enriched_UPDATED.csv,INTERNATIONAL_FINANCIAL_AID,CURRENT_POLICY,https://undergraduate.admissions.gwu.edu/international-applicants,OFFICIAL_OR_INSTITUTIONAL,2026-09-14,International applicants may receive merit but are not eligible for need-based institutional aid
pennsylvania-state-university,evalio_top200_us_colleges_enriched_UPDATED.csv,APPLICATION_FEE,2026-27,https://www.psu.edu/resources/international-students/steps-to-apply,OFFICIAL_OR_COMMON_APP,2026-09-14,Fee status: VERIFIED_OFFICIAL_INTERNATIONAL
pennsylvania-state-university,evalio_top200_us_colleges_enriched_UPDATED.csv,INTERNATIONAL_FINANCIAL_AID,CURRENT_POLICY,https://global.psu.edu/page/tuition-grant-information,OFFICIAL_OR_INSTITUTIONAL,2026-09-14,"International students do not receive federal aid; limited scholarships/tuition grants exist, including some for enrolled international students"
university-of-minnesota-twin-cities,evalio_top200_us_colleges_enriched_UPDATED.csv,APPLICATION_FEE,2026-27,https://admissions.tc.umn.edu/apply-international-student,OFFICIAL_OR_COMMON_APP,2026-09-14,Fee status: VERIFIED_COMMON_APP_BASELINE
university-of-minnesota-twin-cities,evalio_top200_us_colleges_enriched_UPDATED.csv,INTERNATIONAL_FINANCIAL_AID,CURRENT_POLICY,https://admissions.tc.umn.edu/frequently-asked-questions-about-international-admission,OFFICIAL_OR_INSTITUTIONAL,2026-09-14,F-1 students do not qualify for U.S./Minnesota aid; UMN states it does not offer a full tuition waiver/scholarship and assumes international students finance their education; automatic Global Excellence merit consideration
indiana-university-bloomington,evalio_top200_us_colleges_enriched_UPDATED.csv,APPLICATION_FEE,2026-27,https://admissions.indiana.edu/apply/freshman/index.html,OFFICIAL_OR_COMMON_APP,2026-09-14,Fee status: MEDIUM — common application baseline/current page recheck recommended
indiana-university-bloomington,evalio_top200_us_colleges_enriched_UPDATED.csv,INTERNATIONAL_FINANCIAL_AID,CURRENT_POLICY,https://admissions.indiana.edu/cost-financial-aid/scholarships.html,OFFICIAL_OR_INSTITUTIONAL,2026-09-14,International merit scholarships available; broad first-year need-based aid/full-need promise not established
michigan-state-university,evalio_top200_us_colleges_enriched_UPDATED.csv,APPLICATION_FEE,2026-27,https://admissions.msu.edu/apply/international/how-to-apply,OFFICIAL_OR_COMMON_APP,2026-09-14,Fee status: VERIFIED_OFFICIAL
michigan-state-university,evalio_top200_us_colleges_enriched_UPDATED.csv,INTERNATIONAL_FINANCIAL_AID,CURRENT_POLICY,https://oiss.isp.msu.edu/grants/grants-and-scholarships-overview/oiss-funding/,OFFICIAL_OR_INSTITUTIONAL,2026-09-14,International scholarship opportunities exist; emergency assistance after enrollment is limited and not a tuition-financing plan
north-carolina-state-university,evalio_top200_us_colleges_enriched_UPDATED.csv,APPLICATION_FEE,2026-27,https://admissions.ncsu.edu/apply/first-year/,OFFICIAL_OR_COMMON_APP,2026-09-14,Fee status: VERIFIED_COMMON_APP_BASELINE
north-carolina-state-university,evalio_top200_us_colleges_enriched_UPDATED.csv,INTERNATIONAL_FINANCIAL_AID,CURRENT_POLICY,https://admissions.ncsu.edu/apply/international/,OFFICIAL_OR_INSTITUTIONAL,2026-09-14,International undergraduate need-based aid is not broadly available; limited merit opportunities may exist
university-of-california-santa-cruz,evalio_top200_us_colleges_enriched_UPDATED.csv,APPLICATION_FEE,2026-27,https://admission.universityofcalifornia.edu/how-to-apply/applying-as-a-first-year/,OFFICIAL_OR_COMMON_APP,2026-09-14,Fee status: VERIFIED_UC_SYSTEM_INTL
university-of-california-santa-cruz,evalio_top200_us_colleges_enriched_UPDATED.csv,INTERNATIONAL_FINANCIAL_AID,CURRENT_POLICY,https://admission.universityofcalifornia.edu/tuition-financial-aid/types-of-aid/who-can-get-financial-aid/,OFFICIAL_OR_INSTITUTIONAL,2026-09-14,UC international students are generally ineligible for broad UC financial aid; limited scholarships may exist
university-of-california-riverside,evalio_top200_us_colleges_enriched_UPDATED.csv,APPLICATION_FEE,2026-27,https://admission.universityofcalifornia.edu/how-to-apply/applying-as-a-first-year/,OFFICIAL_OR_COMMON_APP,2026-09-14,Fee status: VERIFIED_UC_SYSTEM_INTL
university-of-california-riverside,evalio_top200_us_colleges_enriched_UPDATED.csv,INTERNATIONAL_FINANCIAL_AID,CURRENT_POLICY,https://admission.universityofcalifornia.edu/tuition-financial-aid/types-of-aid/who-can-get-financial-aid/,OFFICIAL_OR_INSTITUTIONAL,2026-09-14,UC international students are generally ineligible for broad UC financial aid; UCR merit opportunities may exist
university-of-colorado-boulder,evalio_top200_us_colleges_enriched_UPDATED.csv,APPLICATION_FEE,2026-27,https://www.colorado.edu/admissions/process/first-year,OFFICIAL_OR_COMMON_APP,2026-09-14,Fee status: MEDIUM — current application page should be rechecked before production
university-of-colorado-boulder,evalio_top200_us_colleges_enriched_UPDATED.csv,INTERNATIONAL_FINANCIAL_AID,CURRENT_POLICY,https://www.colorado.edu/admissions/costs/scholarships,OFFICIAL_OR_INSTITUTIONAL,2026-09-14,International first-year students are considered for some scholarships; broad need-based/full-need policy not established
university-of-connecticut,evalio_top200_us_colleges_enriched_UPDATED.csv,APPLICATION_FEE,2026-27,https://admissions.uconn.edu/apply/first-year/,OFFICIAL_OR_COMMON_APP,2026-09-14,Fee status: VERIFIED_OFFICIAL
university-of-connecticut,evalio_top200_us_colleges_enriched_UPDATED.csv,INTERNATIONAL_FINANCIAL_AID,CURRENT_POLICY,https://admissions.uconn.edu/cost-aid/scholarships/,OFFICIAL_OR_INSTITUTIONAL,2026-09-14,International students may receive Global Excellence/Distinction/Leader merit awards; no broad full-need commitment verified
university-of-pittsburgh,evalio_top200_us_colleges_enriched_UPDATED.csv,APPLICATION_FEE,2026-27,https://admissions.pitt.edu/international/,OFFICIAL_OR_COMMON_APP,2026-09-14,Fee status: MEDIUM — amount supported by official international brochure; current page recheck recommended
university-of-pittsburgh,evalio_top200_us_colleges_enriched_UPDATED.csv,INTERNATIONAL_FINANCIAL_AID,CURRENT_POLICY,https://admissions.pitt.edu/tuition-financial-aid/,OFFICIAL_OR_INSTITUTIONAL,2026-09-14,International merit/aid policy requires current direct verification; do not infer from domestic FAFSA aid
syracuse-university,evalio_top200_us_colleges_enriched_UPDATED.csv,APPLICATION_FEE,2026-27,https://content.commonapp.org/Files/ReqGrid.pdf,OFFICIAL_OR_COMMON_APP,2026-09-14,Fee status: VERIFIED_OFFICIAL/GRID
syracuse-university,evalio_top200_us_colleges_enriched_UPDATED.csv,INTERNATIONAL_FINANCIAL_AID,CURRENT_POLICY,https://www.syracuse.edu/admissions-aid/tuition-fees-financial-aid/,OFFICIAL_OR_INSTITUTIONAL,2026-09-14,International applicants can be considered for merit; broad need-based policy not established in this tranche
american-university,evalio_top200_us_colleges_enriched_UPDATED.csv,APPLICATION_FEE,2026-27,https://content.commonapp.org/Files/ReqGrid.pdf,OFFICIAL_OR_COMMON_APP,2026-09-14,Fee status: VERIFIED_COMMON_APP_BASELINE
american-university,evalio_top200_us_colleges_enriched_UPDATED.csv,INTERNATIONAL_FINANCIAL_AID,CURRENT_POLICY,https://www.american.edu/admissions/international/financing-your-education.cfm,OFFICIAL_OR_INSTITUTIONAL,2026-09-14,International students are not eligible for AU need-based aid; merit including selected major international awards may exist
baylor-university,evalio_top200_us_colleges_enriched_UPDATED.csv,APPLICATION_FEE,2026-27,https://admissions.web.baylor.edu/apply/international,OFFICIAL_OR_COMMON_APP,2026-09-14,Fee status: VERIFIED_CURRENT/GRID
baylor-university,evalio_top200_us_colleges_enriched_UPDATED.csv,INTERNATIONAL_FINANCIAL_AID,CURRENT_POLICY,https://admissions.web.baylor.edu/costs-aid/international-student-financial-aid,OFFICIAL_OR_INSTITUTIONAL,2026-09-14,BIFAA supports institutional need-aid review for international applicants; merit consideration also available
texas-christian-university,evalio_top200_us_colleges_enriched_UPDATED.csv,APPLICATION_FEE,2026-27,https://content.commonapp.org/Files/ReqGrid.pdf,OFFICIAL_OR_COMMON_APP,2026-09-14,Fee status: VERIFIED_COMMON_APP_BASELINE
texas-christian-university,evalio_top200_us_colleges_enriched_UPDATED.csv,INTERNATIONAL_FINANCIAL_AID,CURRENT_POLICY,https://admissions.tcu.edu/afford/financial-aid/international.php,OFFICIAL_OR_INSTITUTIONAL,2026-09-14,CSS Profile; international merit and limited need-based aid available; ability to contribute is relevant
santa-clara-university,evalio_top200_us_colleges_enriched_UPDATED.csv,APPLICATION_FEE,2026-27,https://content.commonapp.org/Files/ReqGrid.pdf,OFFICIAL_OR_COMMON_APP,2026-09-14,Fee status: VERIFIED_COMMON_APP_BASELINE
santa-clara-university,evalio_top200_us_colleges_enriched_UPDATED.csv,INTERNATIONAL_FINANCIAL_AID,CURRENT_POLICY,https://www.scu.edu/financialaid/international-students/,OFFICIAL_OR_INSTITUTIONAL,2026-09-14,International financial options are limited; proof of first-year funding required; merit may be available
pepperdine-university,evalio_top200_us_colleges_enriched_UPDATED.csv,APPLICATION_FEE,2026-27,https://content.commonapp.org/Files/ReqGrid.pdf,OFFICIAL_OR_COMMON_APP,2026-09-14,Fee status: VERIFIED_COMMON_APP_BASELINE
pepperdine-university,evalio_top200_us_colleges_enriched_UPDATED.csv,INTERNATIONAL_FINANCIAL_AID,CURRENT_POLICY,https://seaver.pepperdine.edu/admission/financial-aid/international.htm,OFFICIAL_OR_INSTITUTIONAL,2026-09-14,University financial aid for international students is very limited; merit may be available and students must plan to fund full cost
fordham-university,evalio_top200_us_colleges_enriched_UPDATED.csv,APPLICATION_FEE,2026-27,https://www.fordham.edu/undergraduate-admission/apply/international-students/,OFFICIAL_OR_COMMON_APP,2026-09-14,Fee status: MEDIUM — current official/grid recheck recommended
fordham-university,evalio_top200_us_colleges_enriched_UPDATED.csv,INTERNATIONAL_FINANCIAL_AID,CURRENT_POLICY,https://www.fordham.edu/undergraduate-admission/apply/international-students/financial-aid/,OFFICIAL_OR_INSTITUTIONAL,2026-09-14,CSS Profile; limited number of international students receive need-based aid; substantial family contribution expected
stevens-institute-of-technology,evalio_top200_us_colleges_enriched_UPDATED.csv,APPLICATION_FEE,2026-27,https://www.stevens.edu/admission-aid/undergraduate-admissions/international-students,OFFICIAL_OR_COMMON_APP,2026-09-14,Fee status: VERIFIED_OFFICIAL
stevens-institute-of-technology,evalio_top200_us_colleges_enriched_UPDATED.csv,INTERNATIONAL_FINANCIAL_AID,CURRENT_POLICY,https://www.stevens.edu/admission-aid/tuition-financial-aid,OFFICIAL_OR_INSTITUTIONAL,2026-09-14,"International applicants may receive merit; CSS may be used for institutional scholarship consideration, but broad full-need policy is not established"
worcester-polytechnic-institute,evalio_top200_us_colleges_enriched_UPDATED.csv,APPLICATION_FEE,2026-27,https://content.commonapp.org/Files/ReqGrid.pdf,OFFICIAL_OR_COMMON_APP,2026-09-14,Fee status: VERIFIED_COMMON_APP_BASELINE
worcester-polytechnic-institute,evalio_top200_us_colleges_enriched_UPDATED.csv,INTERNATIONAL_FINANCIAL_AID,CURRENT_POLICY,https://www.wpi.edu/admissions/tuition-aid/financial-aid/international-students,OFFICIAL_OR_INSTITUTIONAL,2026-09-14,CSS Profile; WPI explicitly states international aid is limited and full need is not guaranteed
drexel-university,evalio_top200_us_colleges_enriched_UPDATED.csv,APPLICATION_FEE,2026-27,https://content.commonapp.org/Files/ReqGrid.pdf,OFFICIAL_OR_COMMON_APP,2026-09-14,Fee status: VERIFIED_COMMON_APP_BASELINE
drexel-university,evalio_top200_us_colleges_enriched_UPDATED.csv,INTERNATIONAL_FINANCIAL_AID,CURRENT_POLICY,https://drexel.edu/drexelcentral/finaid/grants/international/,OFFICIAL_OR_INSTITUTIONAL,2026-09-14,International applicants may receive institutional awards; broad international need-based policy needs direct recheck
rochester-institute-of-technology,evalio_top200_us_colleges_enriched_UPDATED.csv,APPLICATION_FEE,2026-27,https://content.commonapp.org/Files/ReqGrid.pdf,OFFICIAL_OR_COMMON_APP,2026-09-14,Fee status: VERIFIED_COMMON_APP_BASELINE
rochester-institute-of-technology,evalio_top200_us_colleges_enriched_UPDATED.csv,INTERNATIONAL_FINANCIAL_AID,CURRENT_POLICY,https://www.rit.edu/admissions/financial-aid/international-students,OFFICIAL_OR_INSTITUTIONAL,2026-09-14,RIT offers limited international need-based funding; no universal full-need promise
stony-brook-university,evalio_top200_us_colleges_enriched_UPDATED.csv,APPLICATION_FEE,2026-27,https://www.stonybrook.edu/undergraduate-admissions/apply/international.php,OFFICIAL_OR_COMMON_APP,2026-09-14,Fee status: VERIFIED_OFFICIAL
stony-brook-university,evalio_top200_us_colleges_enriched_UPDATED.csv,INTERNATIONAL_FINANCIAL_AID,CURRENT_POLICY,https://www.stonybrook.edu/commcms/welcome/scholarships/,OFFICIAL_OR_INSTITUTIONAL,2026-09-14,International merit such as #YouAreWelcomeHere may exist; broad federal/state need aid is unavailable
binghamton-university,evalio_top200_us_colleges_enriched_UPDATED.csv,APPLICATION_FEE,2026-27,https://www.binghamton.edu/admissions/apply/international/index.html,OFFICIAL_OR_COMMON_APP,2026-09-14,Fee status: VERIFIED_COMMON_APP/SUNY_BASELINE
binghamton-university,evalio_top200_us_colleges_enriched_UPDATED.csv,INTERNATIONAL_FINANCIAL_AID,CURRENT_POLICY,https://www.binghamton.edu/admissions/cost/index.html,OFFICIAL_OR_INSTITUTIONAL,2026-09-14,International scholarships are limited; broad need-based/full-need funding is not established
university-at-buffalo,evalio_top200_us_colleges_enriched_UPDATED.csv,APPLICATION_FEE,2026-27,https://www.buffalo.edu/admissions/apply/international.html,OFFICIAL_OR_COMMON_APP,2026-09-14,Fee status: VERIFIED_COMMON_APP/SUNY_BASELINE
university-at-buffalo,evalio_top200_us_colleges_enriched_UPDATED.csv,INTERNATIONAL_FINANCIAL_AID,CURRENT_POLICY,https://www.buffalo.edu/internationaladmissions/affordable-costs-and-funding/scholarships.html,OFFICIAL_OR_INSTITUTIONAL,2026-09-14,International first-year students may receive Flagship merit awards; no broad full-need policy verified
university-of-delaware,evalio_top200_us_colleges_enriched_UPDATED.csv,APPLICATION_FEE,2026-27,https://content.commonapp.org/Files/ReqGrid.pdf,OFFICIAL_OR_COMMON_APP,2026-09-14,Fee status: VERIFIED_COMMON_APP_BASELINE
university-of-delaware,evalio_top200_us_colleges_enriched_UPDATED.csv,INTERNATIONAL_FINANCIAL_AID,CURRENT_POLICY,https://www.udel.edu/apply/undergraduate-admissions/financing-your-degree/,OFFICIAL_OR_INSTITUTIONAL,2026-09-14,International students are not offered need-based financial aid; merit scholarships are available
university-of-massachusetts-amherst,evalio_top200_us_colleges_enriched_UPDATED.csv,APPLICATION_FEE,2026-27,https://content.commonapp.org/Files/ReqGrid.pdf,OFFICIAL_OR_COMMON_APP,2026-09-14,Fee status: VERIFIED_COMMON_APP_BASELINE
university-of-massachusetts-amherst,evalio_top200_us_colleges_enriched_UPDATED.csv,INTERNATIONAL_FINANCIAL_AID,CURRENT_POLICY,https://www.umass.edu/admissions/undergraduate-admissions/costs-and-aid/international-student-financial-aid,OFFICIAL_OR_INSTITUTIONAL,2026-09-14,UMass Amherst says international admission is need-blind but it cannot offer financial assistance; limited merit scholarships may exist
university-of-iowa,evalio_top200_us_colleges_enriched_UPDATED.csv,APPLICATION_FEE,2026-27,https://admissions.uiowa.edu/apply/international-application-process,OFFICIAL_OR_COMMON_APP,2026-09-14,Fee status: VERIFIED_CURRENT/INTERNATIONAL
university-of-iowa,evalio_top200_us_colleges_enriched_UPDATED.csv,INTERNATIONAL_FINANCIAL_AID,CURRENT_POLICY,https://admissions.uiowa.edu/resources-international-students-and-other-nationalities,OFFICIAL_OR_INSTITUTIONAL,2026-09-14,International undergraduates are considered for limited merit scholarships; grants/loans/need-based aid are not available
university-of-arizona,evalio_top200_us_colleges_enriched_UPDATED.csv,APPLICATION_FEE,2026-27,https://www.arizona.edu/admissions/first-year,OFFICIAL_OR_COMMON_APP,2026-09-14,Fee status: MEDIUM — current official application page recheck recommended
university-of-arizona,evalio_top200_us_colleges_enriched_UPDATED.csv,INTERNATIONAL_FINANCIAL_AID,CURRENT_POLICY,https://everywhere.arizona.edu/costs/financial-aid,OFFICIAL_OR_INSTITUTIONAL,2026-09-14,International students are not eligible for federal aid; merit tuition scholarships may be awarded
arizona-state-university,evalio_top200_us_colleges_enriched_UPDATED.csv,APPLICATION_FEE,2026-27,https://admission.asu.edu/apply/first-year/admission,OFFICIAL_OR_COMMON_APP,2026-09-14,Fee status: MEDIUM — nonresident/international current fee recheck recommended
arizona-state-university,evalio_top200_us_colleges_enriched_UPDATED.csv,INTERNATIONAL_FINANCIAL_AID,CURRENT_POLICY,https://admission.asu.edu/cost-aid/international,OFFICIAL_OR_INSTITUTIONAL,2026-09-14,International students may receive New American University merit scholarships; federal/state aid is not available
university-of-oregon,evalio_top200_us_colleges_enriched_UPDATED.csv,APPLICATION_FEE,2026-27,https://admissions.uoregon.edu/international,OFFICIAL_OR_COMMON_APP,2026-09-14,Fee status: MEDIUM — current official recheck recommended
university-of-oregon,evalio_top200_us_colleges_enriched_UPDATED.csv,INTERNATIONAL_FINANCIAL_AID,CURRENT_POLICY,https://isss.uoregon.edu/scholarships,OFFICIAL_OR_INSTITUTIONAL,2026-09-14,International scholarships include merit and some need/merit programs such as ICSP; no broad full-need promise
oregon-state-university,evalio_top200_us_colleges_enriched_UPDATED.csv,APPLICATION_FEE,2026-27,https://admissions.oregonstate.edu/international,OFFICIAL_OR_COMMON_APP,2026-09-14,Fee status: MEDIUM — current official application page recheck recommended
oregon-state-university,evalio_top200_us_colleges_enriched_UPDATED.csv,INTERNATIONAL_FINANCIAL_AID,CURRENT_POLICY,https://admissions.oregonstate.edu/international/scholarships,OFFICIAL_OR_INSTITUTIONAL,2026-09-14,International scholarships are available; FAFSA/federal need aid is not available to most international students
university-of-utah,evalio_top200_us_colleges_enriched_UPDATED.csv,INTERNATIONAL_FINANCIAL_AID,CURRENT_POLICY,https://admissions.utah.edu/costs/scholarships/,OFFICIAL_OR_INSTITUTIONAL,2026-09-14,Scholarship availability exists but current first-year international need-aid policy requires direct verification
brigham-young-university,evalio_top200_us_colleges_enriched_UPDATED.csv,APPLICATION_FEE,2026-27,https://enrollment.byu.edu/admissions/international-applicants,OFFICIAL_OR_COMMON_APP,2026-09-14,Fee status: MEDIUM — current institutional fee recheck recommended
brigham-young-university,evalio_top200_us_colleges_enriched_UPDATED.csv,INTERNATIONAL_FINANCIAL_AID,CURRENT_POLICY,https://enrollment.byu.edu/admissions/international-applicants,OFFICIAL_OR_INSTITUTIONAL,2026-09-14,International students may be eligible for BYU scholarships except need-based aid under current international policy
colorado-school-of-mines,evalio_top200_us_colleges_enriched_UPDATED.csv,APPLICATION_FEE,2026-27,https://www.mines.edu/undergraduate-admissions/international-first-year/,OFFICIAL_OR_COMMON_APP,2026-09-14,Fee status: VERIFIED_OFFICIAL_INTL
colorado-school-of-mines,evalio_top200_us_colleges_enriched_UPDATED.csv,INTERNATIONAL_FINANCIAL_AID,CURRENT_POLICY,https://finaid.mines.edu/scholarships/,OFFICIAL_OR_INSTITUTIONAL,2026-09-14,Merit opportunities may exist; no broad full-need commitment for international students verified
auburn-university,evalio_top200_us_colleges_enriched_UPDATED.csv,APPLICATION_FEE,2026-27,https://www.auburn.edu/admissions/prospective-students/international/index.php,OFFICIAL_OR_COMMON_APP,2026-09-14,Fee status: VERIFIED_OFFICIAL_INTERNATIONAL
auburn-university,evalio_top200_us_colleges_enriched_UPDATED.csv,INTERNATIONAL_FINANCIAL_AID,CURRENT_POLICY,https://www.auburn.edu/scholarship/undergraduate/competitive-merit.php,OFFICIAL_OR_INSTITUTIONAL,2026-09-14,International/nonresident merit scholarships may be available; broad need-based international aid not established
university-of-tennessee-knoxville,evalio_top200_us_colleges_enriched_UPDATED.csv,APPLICATION_FEE,2026-27,https://admissions.utk.edu/undergraduate-application/international-students/,OFFICIAL_OR_COMMON_APP,2026-09-14,Fee status: VERIFIED_OFFICIAL_INTERNATIONAL
university-of-tennessee-knoxville,evalio_top200_us_colleges_enriched_UPDATED.csv,INTERNATIONAL_FINANCIAL_AID,CURRENT_POLICY,https://admissions.utk.edu/affordability/scholarships/international-students/,OFFICIAL_OR_INSTITUTIONAL,2026-09-14,International scholarships/out-of-state awards may exist; no fully funded/full-need institutional promise
